2026-07-30 19:07:55,798 [Worker-5: Loading available Gradle versions] INFO  o.e.b.c.i.u.g.PublishedGradleVersions - Gradle version information cache is not available. Remote download required.
2026-07-30 19:08:23,995 [Worker-3: Importing Maven projects] INFO  o.e.m.c.i.e.AbstractTransferListenerAdapter - Downloading https://repo.maven.apache.org/maven2/org/springframework/boot/spring-boot-starter-parent/3.4.2/spring-boot-starter-parent-3.4.2.pom
2026-07-30 19:08:24,057 [Worker-3: Importing Maven projects] INFO  o.e.m.c.i.e.AbstractTransferListenerAdapter - Downloaded https://repo.maven.apache.org/maven2/org/springframework/boot/spring-boot-starter-parent/3.4.2/spring-boot-starter-parent-3.4.2.pom
2026-07-30 19:08:24,139 [Worker-3: Importing Maven projects] INFO  o.e.m.c.i.e.AbstractTransferListenerAdapter - Downloading https://repo.maven.apache.org/maven2/org/springframework/boot/spring-boot-dependencies/3.4.2/spring-boot-dependencies-3.4.2.pom
2026-07-30 19:08:24,260 [Worker-3: Importing Maven projects] INFO  o.e.m.c.i.e.AbstractTransferListenerAdapter - Downloaded https://repo.maven.apache.org/maven2/org/springframework/boot/spring-boot-dependencies/3.4.2/spring-boot-dependencies-3.4.2.pom
2026-07-30 19:08:24,524 [Worker-3: Importing Maven projects] INFO  o.e.m.c.i.e.AbstractTransferListenerAdapter - Downloading https://repo.maven.apache.org/maven2/org/apache/activemq/activemq-bom/6.1.5/activemq-bom-6.1.5.pom
2026-07-30 19:08:24,570 [Worker-3: Importing Maven projects] INFO  o.e.m.c.i.e.AbstractTransferListenerAdapter - Downloaded https://repo.maven.apache.org/maven2/org/apache/activemq/activemq-bom/6.1.5/activemq-bom-6.1.5.pom
2026-07-30 19:08:24,722 [Worker-3: Importing Maven projects] INFO  o.e.m.c.i.e.AbstractTransferListenerAdapter - Downloading https://repo.maven.apache.org/maven2/org/apache/activemq/artemis-bom/2.37.0/artemis-bom-2.37.0.pom
2026-07-30 19:08:24,763 [Worker-3: Importing Maven projects] INFO  o.e.m.c.i.e.AbstractTransferListenerAdapter - Downloaded https://repo.maven.apache.org/maven2/org/apache/activemq/artemis-bom/2.37.0/artemis-bom-2.37.0.pom
2026-07-30 19:08:24,942 [Worker-3: Importing Maven projects] INFO  o.e.m.c.i.e.AbstractTransferListenerAdapter - Downloading https://repo.maven.apache.org/maven2/org/apache/activemq/artemis-project/2.37.0/artemis-project-2.37.0.pom
2026-07-30 19:08:25,090 [Worker-3: Importing Maven projects] INFO  o.e.m.c.i.e.AbstractTransferListenerAdapter - Downloaded https://repo.maven.apache.org/maven2/org/apache/activemq/artemis-project/2.37.0/artemis-project-2.37.0.pom
2026-07-30 19:08:25,339 [Worker-3: Importing Maven projects] INFO  o.e.m.c.i.e.AbstractTransferListenerAdapter - Downloading https://repo.maven.apache.org/maven2/org/assertj/assertj-bom/3.26.3/assertj-bom-3.26.3.pom
2026-07-30 19:08:25,386 [Worker-3: Importing Maven projects] INFO  o.e.m.c.i.e.AbstractTransferListenerAdapter - Downloaded https://repo.maven.apache.org/maven2/org/assertj/assertj-bom/3.26.3/assertj-bom-3.26.3.pom
2026-07-30 19:08:25,647 [Worker-3: Importing Maven projects] INFO  o.e.m.c.i.e.AbstractTransferListenerAdapter - Downloading https://repo.maven.apache.org/maven2/io/zipkin/reporter2/zipkin-reporter-bom/3.4.3/zipkin-reporter-bom-3.4.3.pom
2026-07-30 19:08:25,697 [Worker-3: Importing Maven projects] INFO  o.e.m.c.i.e.AbstractTransferListenerAdapter - Downloaded https://repo.maven.apache.org/maven2/io/zipkin/reporter2/zipkin-reporter-bom/3.4.3/zipkin-reporter-bom-3.4.3.pom
2026-07-30 19:08:25,849 [Worker-3: Importing Maven projects] INFO  o.e.m.c.i.e.AbstractTransferListenerAdapter - Downloading https://repo.maven.apache.org/maven2/io/zipkin/brave/brave-bom/6.0.3/brave-bom-6.0.3.pom
2026-07-30 19:08:25,887 [Worker-3: Importing Maven projects] INFO  o.e.m.c.i.e.AbstractTransferListenerAdapter - Downloaded https://repo.maven.apache.org/maven2/io/zipkin/brave/brave-bom/6.0.3/brave-bom-6.0.3.pom
2026-07-30 19:08:26,053 [Worker-3: Importing Maven projects] INFO  o.e.m.c.i.e.AbstractTransferListenerAdapter - Downloading https://repo.maven.apache.org/maven2/org/apache/cassandra/java-driver-bom/4.18.1/java-driver-bom-4.18.1.pom
2026-07-30 19:08:26,092 [Worker-3: Importing Maven projects] INFO  o.e.m.c.i.e.AbstractTransferListenerAdapter - Downloaded https://repo.maven.apache.org/maven2/org/apache/cassandra/java-driver-bom/4.18.1/java-driver-bom-4.18.1.pom
2026-07-30 19:08:26,258 [Worker-3: Importing Maven projects] INFO  o.e.m.c.i.e.AbstractTransferListenerAdapter - Downloading https://repo.maven.apache.org/maven2/org/apache/groovy/groovy-bom/4.0.24/groovy-bom-4.0.24.pom
2026-07-30 19:08:26,295 [Worker-3: Importing Maven projects] INFO  o.e.m.c.i.e.AbstractTransferListenerAdapter - Downloaded https://repo.maven.apache.org/maven2/org/apache/groovy/groovy-bom/4.0.24/groovy-bom-4.0.24.pom
2026-07-30 19:08:26,464 [Worker-3: Importing Maven projects] INFO  o.e.m.c.i.e.AbstractTransferListenerAdapter - Downloading https://repo.maven.apache.org/maven2/org/infinispan/infinispan-bom/15.0.12.Final/infinispan-bom-15.0.12.Final.pom
2026-07-30 19:08:26,512 [Worker-3: Importing Maven projects] INFO  o.e.m.c.i.e.AbstractTransferListenerAdapter - Downloaded https://repo.maven.apache.org/maven2/org/infinispan/infinispan-bom/15.0.12.Final/infinispan-bom-15.0.12.Final.pom
2026-07-30 19:08:26,671 [Worker-3: Importing Maven projects] INFO  o.e.m.c.i.e.AbstractTransferListenerAdapter - Downloading https://repo.maven.apache.org/maven2/org/infinispan/infinispan-build-configuration-parent/15.0.12.Final/infinispan-build-configuration-parent-15.0.12.Final.pom
2026-07-30 19:08:26,719 [Worker-3: Importing Maven projects] INFO  o.e.m.c.i.e.AbstractTransferListenerAdapter - Downloaded https://repo.maven.apache.org/maven2/org/infinispan/infinispan-build-configuration-parent/15.0.12.Final/infinispan-build-configuration-parent-15.0.12.Final.pom
2026-07-30 19:08:26,874 [Worker-3: Importing Maven projects] INFO  o.e.m.c.i.e.AbstractTransferListenerAdapter - Downloading https://repo.maven.apache.org/maven2/org/jboss/jboss-parent/43/jboss-parent-43.pom
2026-07-30 19:08:26,916 [Worker-3: Importing Maven projects] INFO  o.e.m.c.i.e.AbstractTransferListenerAdapter - Downloaded https://repo.maven.apache.org/maven2/org/jboss/jboss-parent/43/jboss-parent-43.pom
2026-07-30 19:08:27,187 [Worker-3: Importing Maven projects] INFO  o.e.m.c.i.e.AbstractTransferListenerAdapter - Downloading https://repo.maven.apache.org/maven2/com/fasterxml/jackson/jackson-bom/2.18.2/jackson-bom-2.18.2.pom
2026-07-30 19:08:27,250 [Worker-3: Importing Maven projects] INFO  o.e.m.c.i.e.AbstractTransferListenerAdapter - Downloaded https://repo.maven.apache.org/maven2/com/fasterxml/jackson/jackson-bom/2.18.2/jackson-bom-2.18.2.pom
2026-07-30 19:08:27,386 [Worker-3: Importing Maven projects] INFO  o.e.m.c.i.e.AbstractTransferListenerAdapter - Downloading https://repo.maven.apache.org/maven2/com/fasterxml/jackson/jackson-parent/2.18.1/jackson-parent-2.18.1.pom
2026-07-30 19:08:27,438 [Worker-3: Importing Maven projects] INFO  o.e.m.c.i.e.AbstractTransferListenerAdapter - Downloaded https://repo.maven.apache.org/maven2/com/fasterxml/jackson/jackson-parent/2.18.1/jackson-parent-2.18.1.pom
2026-07-30 19:08:27,590 [Worker-3: Importing Maven projects] INFO  o.e.m.c.i.e.AbstractTransferListenerAdapter - Downloading https://repo.maven.apache.org/maven2/com/fasterxml/oss-parent/61/oss-parent-61.pom
2026-07-30 19:08:27,640 [Worker-3: Importing Maven projects] INFO  o.e.m.c.i.e.AbstractTransferListenerAdapter - Downloaded https://repo.maven.apache.org/maven2/com/fasterxml/oss-parent/61/oss-parent-61.pom
2026-07-30 19:08:27,797 [Worker-3: Importing Maven projects] INFO  o.e.m.c.i.e.AbstractTransferListenerAdapter - Downloading https://repo.maven.apache.org/maven2/org/glassfish/jersey/jersey-bom/3.1.10/jersey-bom-3.1.10.pom
2026-07-30 19:08:27,834 [Worker-3: Importing Maven projects] INFO  o.e.m.c.i.e.AbstractTransferListenerAdapter - Downloaded https://repo.maven.apache.org/maven2/org/glassfish/jersey/jersey-bom/3.1.10/jersey-bom-3.1.10.pom
2026-07-30 19:08:28,001 [Worker-3: Importing Maven projects] INFO  o.e.m.c.i.e.AbstractTransferListenerAdapter - Downloading https://repo.maven.apache.org/maven2/org/eclipse/jetty/ee10/jetty-ee10-bom/12.0.16/jetty-ee10-bom-12.0.16.pom
2026-07-30 19:08:28,098 [Worker-3: Importing Maven projects] INFO  o.e.m.c.i.e.AbstractTransferListenerAdapter - Downloaded https://repo.maven.apache.org/maven2/org/eclipse/jetty/ee10/jetty-ee10-bom/12.0.16/jetty-ee10-bom-12.0.16.pom
2026-07-30 19:08:28,208 [Worker-3: Importing Maven projects] INFO  o.e.m.c.i.e.AbstractTransferListenerAdapter - Downloading https://repo.maven.apache.org/maven2/org/eclipse/jetty/jetty-bom/12.0.16/jetty-bom-12.0.16.pom
2026-07-30 19:08:28,326 [Worker-3: Importing Maven projects] INFO  o.e.m.c.i.e.AbstractTransferListenerAdapter - Downloaded https://repo.maven.apache.org/maven2/org/eclipse/jetty/jetty-bom/12.0.16/jetty-bom-12.0.16.pom
2026-07-30 19:08:28,819 [Worker-3: Importing Maven projects] INFO  o.e.m.c.i.e.AbstractTransferListenerAdapter - Downloading https://repo.maven.apache.org/maven2/io/micrometer/micrometer-bom/1.14.3/micrometer-bom-1.14.3.pom
2026-07-30 19:08:28,863 [Worker-3: Importing Maven projects] INFO  o.e.m.c.i.e.AbstractTransferListenerAdapter - Downloaded https://repo.maven.apache.org/maven2/io/micrometer/micrometer-bom/1.14.3/micrometer-bom-1.14.3.pom
2026-07-30 19:08:28,922 [Worker-3: Importing Maven projects] INFO  o.e.m.c.i.e.AbstractTransferListenerAdapter - Downloading https://repo.maven.apache.org/maven2/io/micrometer/micrometer-tracing-bom/1.4.2/micrometer-tracing-bom-1.4.2.pom
2026-07-30 19:08:28,952 [Worker-3: Importing Maven projects] INFO  o.e.m.c.i.e.AbstractTransferListenerAdapter - Downloaded https://repo.maven.apache.org/maven2/io/micrometer/micrometer-tracing-bom/1.4.2/micrometer-tracing-bom-1.4.2.pom
2026-07-30 19:08:29,128 [Worker-3: Importing Maven projects] INFO  o.e.m.c.i.e.AbstractTransferListenerAdapter - Downloading https://repo.maven.apache.org/maven2/org/mockito/mockito-bom/5.14.2/mockito-bom-5.14.2.pom
2026-07-30 19:08:29,170 [Worker-3: Importing Maven projects] INFO  o.e.m.c.i.e.AbstractTransferListenerAdapter - Downloaded https://repo.maven.apache.org/maven2/org/mockito/mockito-bom/5.14.2/mockito-bom-5.14.2.pom
2026-07-30 19:08:29,334 [Worker-3: Importing Maven projects] INFO  o.e.m.c.i.e.AbstractTransferListenerAdapter - Downloading https://repo.maven.apache.org/maven2/io/netty/netty-bom/4.1.117.Final/netty-bom-4.1.117.Final.pom
2026-07-30 19:08:29,385 [Worker-3: Importing Maven projects] INFO  o.e.m.c.i.e.AbstractTransferListenerAdapter - Downloaded https://repo.maven.apache.org/maven2/io/netty/netty-bom/4.1.117.Final/netty-bom-4.1.117.Final.pom
2026-07-30 19:08:29,537 [Worker-3: Importing Maven projects] INFO  o.e.m.c.i.e.AbstractTransferListenerAdapter - Downloading https://repo.maven.apache.org/maven2/io/opentelemetry/opentelemetry-bom/1.43.0/opentelemetry-bom-1.43.0.pom
2026-07-30 19:08:29,580 [Worker-3: Importing Maven projects] INFO  o.e.m.c.i.e.AbstractTransferListenerAdapter - Downloaded https://repo.maven.apache.org/maven2/io/opentelemetry/opentelemetry-bom/1.43.0/opentelemetry-bom-1.43.0.pom
2026-07-30 19:08:29,641 [Worker-3: Importing Maven projects] INFO  o.e.m.c.i.e.AbstractTransferListenerAdapter - Downloading https://repo.maven.apache.org/maven2/io/prometheus/prometheus-metrics-bom/1.3.5/prometheus-metrics-bom-1.3.5.pom
2026-07-30 19:08:29,682 [Worker-3: Importing Maven projects] INFO  o.e.m.c.i.e.AbstractTransferListenerAdapter - Downloaded https://repo.maven.apache.org/maven2/io/prometheus/prometheus-metrics-bom/1.3.5/prometheus-metrics-bom-1.3.5.pom
2026-07-30 19:08:29,741 [Worker-3: Importing Maven projects] INFO  o.e.m.c.i.e.AbstractTransferListenerAdapter - Downloading https://repo.maven.apache.org/maven2/io/prometheus/client_java/1.3.5/client_java-1.3.5.pom
2026-07-30 19:08:29,789 [Worker-3: Importing Maven projects] INFO  o.e.m.c.i.e.AbstractTransferListenerAdapter - Downloaded https://repo.maven.apache.org/maven2/io/prometheus/client_java/1.3.5/client_java-1.3.5.pom
2026-07-30 19:08:30,049 [Worker-3: Importing Maven projects] INFO  o.e.m.c.i.e.AbstractTransferListenerAdapter - Downloading https://repo.maven.apache.org/maven2/org/apache/pulsar/pulsar-bom/3.3.4/pulsar-bom-3.3.4.pom
2026-07-30 19:08:30,091 [Worker-3: Importing Maven projects] INFO  o.e.m.c.i.e.AbstractTransferListenerAdapter - Downloaded https://repo.maven.apache.org/maven2/org/apache/pulsar/pulsar-bom/3.3.4/pulsar-bom-3.3.4.pom
2026-07-30 19:08:30,259 [Worker-3: Importing Maven projects] INFO  o.e.m.c.i.e.AbstractTransferListenerAdapter - Downloading https://repo.maven.apache.org/maven2/io/projectreactor/reactor-bom/2024.0.2/reactor-bom-2024.0.2.pom
2026-07-30 19:08:30,302 [Worker-3: Importing Maven projects] INFO  o.e.m.c.i.e.AbstractTransferListenerAdapter - Downloaded https://repo.maven.apache.org/maven2/io/projectreactor/reactor-bom/2024.0.2/reactor-bom-2024.0.2.pom
2026-07-30 19:08:30,405 [Worker-3: Importing Maven projects] INFO  o.e.m.c.i.e.AbstractTransferListenerAdapter - Downloading https://repo.maven.apache.org/maven2/io/rest-assured/rest-assured-bom/5.5.0/rest-assured-bom-5.5.0.pom
2026-07-30 19:08:30,444 [Worker-3: Importing Maven projects] INFO  o.e.m.c.i.e.AbstractTransferListenerAdapter - Downloaded https://repo.maven.apache.org/maven2/io/rest-assured/rest-assured-bom/5.5.0/rest-assured-bom-5.5.0.pom
2026-07-30 19:08:30,560 [Worker-3: Importing Maven projects] INFO  o.e.m.c.i.e.AbstractTransferListenerAdapter - Downloading https://repo.maven.apache.org/maven2/io/rsocket/rsocket-bom/1.1.3/rsocket-bom-1.1.3.pom
2026-07-30 19:08:30,600 [Worker-3: Importing Maven projects] INFO  o.e.m.c.i.e.AbstractTransferListenerAdapter - Downloaded https://repo.maven.apache.org/maven2/io/rsocket/rsocket-bom/1.1.3/rsocket-bom-1.1.3.pom
2026-07-30 19:08:30,650 [Worker-3: Importing Maven projects] INFO  o.e.m.c.i.e.AbstractTransferListenerAdapter - Downloading https://repo.maven.apache.org/maven2/org/seleniumhq/selenium/selenium-bom/4.25.0/selenium-bom-4.25.0.pom
2026-07-30 19:08:30,689 [Worker-3: Importing Maven projects] INFO  o.e.m.c.i.e.AbstractTransferListenerAdapter - Downloaded https://repo.maven.apache.org/maven2/org/seleniumhq/selenium/selenium-bom/4.25.0/selenium-bom-4.25.0.pom
2026-07-30 19:08:30,735 [Worker-3: Importing Maven projects] INFO  o.e.m.c.i.e.AbstractTransferListenerAdapter - Downloading https://repo.maven.apache.org/maven2/org/springframework/amqp/spring-amqp-bom/3.2.2/spring-amqp-bom-3.2.2.pom
2026-07-30 19:08:30,779 [Worker-3: Importing Maven projects] INFO  o.e.m.c.i.e.AbstractTransferListenerAdapter - Downloaded https://repo.maven.apache.org/maven2/org/springframework/amqp/spring-amqp-bom/3.2.2/spring-amqp-bom-3.2.2.pom
2026-07-30 19:08:30,840 [Worker-3: Importing Maven projects] INFO  o.e.m.c.i.e.AbstractTransferListenerAdapter - Downloading https://repo.maven.apache.org/maven2/org/springframework/batch/spring-batch-bom/5.2.1/spring-batch-bom-5.2.1.pom
2026-07-30 19:08:30,893 [Worker-3: Importing Maven projects] INFO  o.e.m.c.i.e.AbstractTransferListenerAdapter - Downloaded https://repo.maven.apache.org/maven2/org/springframework/batch/spring-batch-bom/5.2.1/spring-batch-bom-5.2.1.pom
2026-07-30 19:08:30,956 [Worker-3: Importing Maven projects] INFO  o.e.m.c.i.e.AbstractTransferListenerAdapter - Downloading https://repo.maven.apache.org/maven2/org/springframework/data/spring-data-bom/2024.1.2/spring-data-bom-2024.1.2.pom
2026-07-30 19:08:31,002 [Worker-3: Importing Maven projects] INFO  o.e.m.c.i.e.AbstractTransferListenerAdapter - Downloaded https://repo.maven.apache.org/maven2/org/springframework/data/spring-data-bom/2024.1.2/spring-data-bom-2024.1.2.pom
2026-07-30 19:08:31,074 [Worker-3: Importing Maven projects] INFO  o.e.m.c.i.e.AbstractTransferListenerAdapter - Downloading https://repo.maven.apache.org/maven2/org/springframework/spring-framework-bom/6.2.2/spring-framework-bom-6.2.2.pom
2026-07-30 19:08:31,244 [Worker-3: Importing Maven projects] INFO  o.e.m.c.i.e.AbstractTransferListenerAdapter - Downloaded https://repo.maven.apache.org/maven2/org/springframework/spring-framework-bom/6.2.2/spring-framework-bom-6.2.2.pom
2026-07-30 19:08:31,298 [Worker-3: Importing Maven projects] INFO  o.e.m.c.i.e.AbstractTransferListenerAdapter - Downloading https://repo.maven.apache.org/maven2/org/springframework/integration/spring-integration-bom/6.4.1/spring-integration-bom-6.4.1.pom
2026-07-30 19:08:31,349 [Worker-3: Importing Maven projects] INFO  o.e.m.c.i.e.AbstractTransferListenerAdapter - Downloaded https://repo.maven.apache.org/maven2/org/springframework/integration/spring-integration-bom/6.4.1/spring-integration-bom-6.4.1.pom
2026-07-30 19:08:31,482 [Worker-3: Importing Maven projects] INFO  o.e.m.c.i.e.AbstractTransferListenerAdapter - Downloading https://repo.maven.apache.org/maven2/org/springframework/pulsar/spring-pulsar-bom/1.2.2/spring-pulsar-bom-1.2.2.pom
2026-07-30 19:08:31,524 [Worker-3: Importing Maven projects] INFO  o.e.m.c.i.e.AbstractTransferListenerAdapter - Downloaded https://repo.maven.apache.org/maven2/org/springframework/pulsar/spring-pulsar-bom/1.2.2/spring-pulsar-bom-1.2.2.pom
2026-07-30 19:08:31,688 [Worker-3: Importing Maven projects] INFO  o.e.m.c.i.e.AbstractTransferListenerAdapter - Downloading https://repo.maven.apache.org/maven2/org/springframework/restdocs/spring-restdocs-bom/3.0.3/spring-restdocs-bom-3.0.3.pom
2026-07-30 19:08:31,744 [Worker-3: Importing Maven projects] INFO  o.e.m.c.i.e.AbstractTransferListenerAdapter - Downloaded https://repo.maven.apache.org/maven2/org/springframework/restdocs/spring-restdocs-bom/3.0.3/spring-restdocs-bom-3.0.3.pom
2026-07-30 19:08:31,891 [Worker-3: Importing Maven projects] INFO  o.e.m.c.i.e.AbstractTransferListenerAdapter - Downloading https://repo.maven.apache.org/maven2/org/springframework/security/spring-security-bom/6.4.2/spring-security-bom-6.4.2.pom
2026-07-30 19:08:31,924 [Worker-3: Importing Maven projects] INFO  o.e.m.c.i.e.AbstractTransferListenerAdapter - Downloaded https://repo.maven.apache.org/maven2/org/springframework/security/spring-security-bom/6.4.2/spring-security-bom-6.4.2.pom
2026-07-30 19:08:32,095 [Worker-3: Importing Maven projects] INFO  o.e.m.c.i.e.AbstractTransferListenerAdapter - Downloading https://repo.maven.apache.org/maven2/org/springframework/session/spring-session-bom/3.4.1/spring-session-bom-3.4.1.pom
2026-07-30 19:08:32,122 [Worker-3: Importing Maven projects] INFO  o.e.m.c.i.e.AbstractTransferListenerAdapter - Downloaded https://repo.maven.apache.org/maven2/org/springframework/session/spring-session-bom/3.4.1/spring-session-bom-3.4.1.pom
2026-07-30 19:08:32,301 [Worker-3: Importing Maven projects] INFO  o.e.m.c.i.e.AbstractTransferListenerAdapter - Downloading https://repo.maven.apache.org/maven2/org/springframework/ws/spring-ws-bom/4.0.11/spring-ws-bom-4.0.11.pom
2026-07-30 19:08:32,346 [Worker-3: Importing Maven projects] INFO  o.e.m.c.i.e.AbstractTransferListenerAdapter - Downloaded https://repo.maven.apache.org/maven2/org/springframework/ws/spring-ws-bom/4.0.11/spring-ws-bom-4.0.11.pom
2026-07-30 19:08:32,506 [Worker-3: Importing Maven projects] INFO  o.e.m.c.i.e.AbstractTransferListenerAdapter - Downloading https://repo.maven.apache.org/maven2/org/testcontainers/testcontainers-bom/1.20.4/testcontainers-bom-1.20.4.pom
2026-07-30 19:08:32,538 [Worker-3: Importing Maven projects] INFO  o.e.m.c.i.e.AbstractTransferListenerAdapter - Downloaded https://repo.maven.apache.org/maven2/org/testcontainers/testcontainers-bom/1.20.4/testcontainers-bom-1.20.4.pom
2026-07-30 19:08:34,047 [Worker-3: Importing Maven projects] INFO  o.e.m.c.i.e.AbstractTransferListenerAdapter - Downloading https://repo.maven.apache.org/maven2/org/springframework/boot/spring-boot-maven-plugin/3.4.2/spring-boot-maven-plugin-3.4.2.pom
2026-07-30 19:08:34,105 [Worker-3: Importing Maven projects] INFO  o.e.m.c.i.e.AbstractTransferListenerAdapter - Downloaded https://repo.maven.apache.org/maven2/org/springframework/boot/spring-boot-maven-plugin/3.4.2/spring-boot-maven-plugin-3.4.2.pom
2026-07-30 19:08:34,195 [Worker-3: Importing Maven projects] INFO  o.e.m.c.i.e.AbstractTransferListenerAdapter - Downloading https://repo.maven.apache.org/maven2/org/springframework/boot/spring-boot-maven-plugin/3.4.2/spring-boot-maven-plugin-3.4.2.jar
2026-07-30 19:08:34,278 [Worker-3: Importing Maven projects] INFO  o.e.m.c.i.e.AbstractTransferListenerAdapter - Downloaded https://repo.maven.apache.org/maven2/org/springframework/boot/spring-boot-maven-plugin/3.4.2/spring-boot-maven-plugin-3.4.2.jar
2026-07-30 19:08:35,186 [Worker-3: Importing Maven projects] INFO  o.e.m.c.i.e.AbstractTransferListenerAdapter - Downloading https://repo.maven.apache.org/maven2/org/apache/maven/plugins/maven-surefire-plugin/3.5.2/maven-surefire-plugin-3.5.2.jar
2026-07-30 19:08:35,589 [Worker-3: Importing Maven projects] INFO  o.e.m.c.i.e.AbstractTransferListenerAdapter - Downloaded https://repo.maven.apache.org/maven2/org/apache/maven/plugins/maven-surefire-plugin/3.5.2/maven-surefire-plugin-3.5.2.jar
2026-07-30 19:08:36,191 [Worker-3: Importing Maven projects] INFO  o.e.m.c.i.e.AbstractTransferListenerAdapter - Downloading https://repo.maven.apache.org/maven2/org/apache/maven/plugins/maven-install-plugin/3.1.3/maven-install-plugin-3.1.3.jar
2026-07-30 19:08:36,617 [Worker-3: Importing Maven projects] INFO  o.e.m.c.i.e.AbstractTransferListenerAdapter - Downloaded https://repo.maven.apache.org/maven2/org/apache/maven/plugins/maven-install-plugin/3.1.3/maven-install-plugin-3.1.3.jar
2026-07-30 19:08:37,015 [Worker-3: Importing Maven projects] INFO  o.e.m.c.i.e.AbstractTransferListenerAdapter - Downloading https://repo.maven.apache.org/maven2/org/apache/maven/plugins/maven-deploy-plugin/3.1.3/maven-deploy-plugin-3.1.3.jar
2026-07-30 19:08:38,143 [Worker-3: Importing Maven projects] INFO  o.e.m.c.i.e.AbstractTransferListenerAdapter - Downloaded https://repo.maven.apache.org/maven2/org/apache/maven/plugins/maven-deploy-plugin/3.1.3/maven-deploy-plugin-3.1.3.jar
2026-07-30 19:08:43,390 [Worker-3: Importing Maven projects] INFO  o.e.m.c.i.l.LifecycleMappingFactory - Using org.eclipse.m2e.jdt.JarLifecycleMapping lifecycle mapping for MavenProject: com.backend:user_backend:0.0.1-SNAPSHOT @ D:\ProjectData\Child_Adoption_System\user_backend\spring_boot_backend_template\pom.xml.
2026-07-30 19:08:43,466 [Worker-3: Importing Maven projects] INFO  o.e.m.c.i.e.AbstractTransferListenerAdapter - Downloading https://repo.maven.apache.org/maven2/org/springframework/boot/spring-boot-starter-web/3.4.2/spring-boot-starter-web-3.4.2.pom
2026-07-30 19:08:43,504 [Worker-3: Importing Maven projects] INFO  o.e.m.c.i.e.AbstractTransferListenerAdapter - Downloaded https://repo.maven.apache.org/maven2/org/springframework/boot/spring-boot-starter-web/3.4.2/spring-boot-starter-web-3.4.2.pom
2026-07-30 19:08:43,545 [Worker-3: Importing Maven projects] INFO  o.e.m.c.i.e.AbstractTransferListenerAdapter - Downloading https://repo.maven.apache.org/maven2/org/springframework/boot/spring-boot-starter/3.4.2/spring-boot-starter-3.4.2.pom
2026-07-30 19:08:43,576 [Worker-3: Importing Maven projects] INFO  o.e.m.c.i.e.AbstractTransferListenerAdapter - Downloaded https://repo.maven.apache.org/maven2/org/springframework/boot/spring-boot-starter/3.4.2/spring-boot-starter-3.4.2.pom
2026-07-30 19:08:43,668 [Worker-3: Importing Maven projects] INFO  o.e.m.c.i.e.AbstractTransferListenerAdapter - Downloading https://repo.maven.apache.org/maven2/org/springframework/boot/spring-boot/3.4.2/spring-boot-3.4.2.pom
2026-07-30 19:08:43,699 [Worker-3: Importing Maven projects] INFO  o.e.m.c.i.e.AbstractTransferListenerAdapter - Downloaded https://repo.maven.apache.org/maven2/org/springframework/boot/spring-boot/3.4.2/spring-boot-3.4.2.pom
2026-07-30 19:08:43,771 [Worker-3: Importing Maven projects] INFO  o.e.m.c.i.e.AbstractTransferListenerAdapter - Downloading https://repo.maven.apache.org/maven2/org/springframework/spring-core/6.2.2/spring-core-6.2.2.pom
2026-07-30 19:08:43,801 [Worker-3: Importing Maven projects] INFO  o.e.m.c.i.e.AbstractTransferListenerAdapter - Downloaded https://repo.maven.apache.org/maven2/org/springframework/spring-core/6.2.2/spring-core-6.2.2.pom
2026-07-30 19:08:43,842 [Worker-3: Importing Maven projects] INFO  o.e.m.c.i.e.AbstractTransferListenerAdapter - Downloading https://repo.maven.apache.org/maven2/org/springframework/spring-jcl/6.2.2/spring-jcl-6.2.2.pom
2026-07-30 19:08:43,870 [Worker-3: Importing Maven projects] INFO  o.e.m.c.i.e.AbstractTransferListenerAdapter - Downloaded https://repo.maven.apache.org/maven2/org/springframework/spring-jcl/6.2.2/spring-jcl-6.2.2.pom
2026-07-30 19:08:43,976 [Worker-3: Importing Maven projects] INFO  o.e.m.c.i.e.AbstractTransferListenerAdapter - Downloading https://repo.maven.apache.org/maven2/org/springframework/spring-context/6.2.2/spring-context-6.2.2.pom
2026-07-30 19:08:44,021 [Worker-3: Importing Maven projects] INFO  o.e.m.c.i.e.AbstractTransferListenerAdapter - Downloaded https://repo.maven.apache.org/maven2/org/springframework/spring-context/6.2.2/spring-context-6.2.2.pom
2026-07-30 19:08:44,179 [Worker-3: Importing Maven projects] INFO  o.e.m.c.i.e.AbstractTransferListenerAdapter - Downloading https://repo.maven.apache.org/maven2/org/springframework/spring-aop/6.2.2/spring-aop-6.2.2.pom
2026-07-30 19:08:44,219 [Worker-3: Importing Maven projects] INFO  o.e.m.c.i.e.AbstractTransferListenerAdapter - Downloaded https://repo.maven.apache.org/maven2/org/springframework/spring-aop/6.2.2/spring-aop-6.2.2.pom
2026-07-30 19:08:44,270 [Worker-3: Importing Maven projects] INFO  o.e.m.c.i.e.AbstractTransferListenerAdapter - Downloading https://repo.maven.apache.org/maven2/org/springframework/spring-beans/6.2.2/spring-beans-6.2.2.pom
2026-07-30 19:08:44,296 [Worker-3: Importing Maven projects] INFO  o.e.m.c.i.e.AbstractTransferListenerAdapter - Downloaded https://repo.maven.apache.org/maven2/org/springframework/spring-beans/6.2.2/spring-beans-6.2.2.pom
2026-07-30 19:08:44,339 [Worker-3: Importing Maven projects] INFO  o.e.m.c.i.e.AbstractTransferListenerAdapter - Downloading https://repo.maven.apache.org/maven2/org/springframework/spring-expression/6.2.2/spring-expression-6.2.2.pom
2026-07-30 19:08:44,365 [Worker-3: Importing Maven projects] INFO  o.e.m.c.i.e.AbstractTransferListenerAdapter - Downloaded https://repo.maven.apache.org/maven2/org/springframework/spring-expression/6.2.2/spring-expression-6.2.2.pom
2026-07-30 19:08:44,400 [Worker-3: Importing Maven projects] INFO  o.e.m.c.i.e.AbstractTransferListenerAdapter - Downloading https://repo.maven.apache.org/maven2/io/micrometer/micrometer-observation/1.14.3/micrometer-observation-1.14.3.pom
2026-07-30 19:08:44,423 [Worker-3: Importing Maven projects] INFO  o.e.m.c.i.e.AbstractTransferListenerAdapter - Downloaded https://repo.maven.apache.org/maven2/io/micrometer/micrometer-observation/1.14.3/micrometer-observation-1.14.3.pom
2026-07-30 19:08:44,489 [Worker-3: Importing Maven projects] INFO  o.e.m.c.i.e.AbstractTransferListenerAdapter - Downloading https://repo.maven.apache.org/maven2/io/micrometer/micrometer-commons/1.14.3/micrometer-commons-1.14.3.pom
2026-07-30 19:08:44,529 [Worker-3: Importing Maven projects] INFO  o.e.m.c.i.e.AbstractTransferListenerAdapter - Downloaded https://repo.maven.apache.org/maven2/io/micrometer/micrometer-commons/1.14.3/micrometer-commons-1.14.3.pom
2026-07-30 19:08:44,693 [Worker-3: Importing Maven projects] INFO  o.e.m.c.i.e.AbstractTransferListenerAdapter - Downloading https://repo.maven.apache.org/maven2/org/springframework/boot/spring-boot-autoconfigure/3.4.2/spring-boot-autoconfigure-3.4.2.pom
2026-07-30 19:08:44,726 [Worker-3: Importing Maven projects] INFO  o.e.m.c.i.e.AbstractTransferListenerAdapter - Downloaded https://repo.maven.apache.org/maven2/org/springframework/boot/spring-boot-autoconfigure/3.4.2/spring-boot-autoconfigure-3.4.2.pom
2026-07-30 19:08:44,895 [Worker-3: Importing Maven projects] INFO  o.e.m.c.i.e.AbstractTransferListenerAdapter - Downloading https://repo.maven.apache.org/maven2/org/springframework/boot/spring-boot-starter-logging/3.4.2/spring-boot-starter-logging-3.4.2.pom
2026-07-30 19:08:44,928 [Worker-3: Importing Maven projects] INFO  o.e.m.c.i.e.AbstractTransferListenerAdapter - Downloaded https://repo.maven.apache.org/maven2/org/springframework/boot/spring-boot-starter-logging/3.4.2/spring-boot-starter-logging-3.4.2.pom
2026-07-30 19:08:45,099 [Worker-3: Importing Maven projects] INFO  o.e.m.c.i.e.AbstractTransferListenerAdapter - Downloading https://repo.maven.apache.org/maven2/ch/qos/logback/logback-classic/1.5.16/logback-classic-1.5.16.pom
2026-07-30 19:08:45,137 [Worker-3: Importing Maven projects] INFO  o.e.m.c.i.e.AbstractTransferListenerAdapter - Downloaded https://repo.maven.apache.org/maven2/ch/qos/logback/logback-classic/1.5.16/logback-classic-1.5.16.pom
2026-07-30 19:08:45,307 [Worker-3: Importing Maven projects] INFO  o.e.m.c.i.e.AbstractTransferListenerAdapter - Downloading https://repo.maven.apache.org/maven2/ch/qos/logback/logback-parent/1.5.16/logback-parent-1.5.16.pom
2026-07-30 19:08:45,333 [Worker-3: Importing Maven projects] INFO  o.e.m.c.i.e.AbstractTransferListenerAdapter - Downloaded https://repo.maven.apache.org/maven2/ch/qos/logback/logback-parent/1.5.16/logback-parent-1.5.16.pom
2026-07-30 19:08:45,512 [Worker-3: Importing Maven projects] INFO  o.e.m.c.i.e.AbstractTransferListenerAdapter - Downloading https://repo.maven.apache.org/maven2/ch/qos/logback/logback-core/1.5.16/logback-core-1.5.16.pom
2026-07-30 19:08:45,539 [Worker-3: Importing Maven projects] INFO  o.e.m.c.i.e.AbstractTransferListenerAdapter - Downloaded https://repo.maven.apache.org/maven2/ch/qos/logback/logback-core/1.5.16/logback-core-1.5.16.pom
2026-07-30 19:08:45,600 [Worker-3: Importing Maven projects] INFO  o.e.m.c.i.e.AbstractTransferListenerAdapter - Downloading https://repo.maven.apache.org/maven2/org/slf4j/slf4j-api/2.0.16/slf4j-api-2.0.16.pom
2026-07-30 19:08:45,625 [Worker-3: Importing Maven projects] INFO  o.e.m.c.i.e.AbstractTransferListenerAdapter - Downloaded https://repo.maven.apache.org/maven2/org/slf4j/slf4j-api/2.0.16/slf4j-api-2.0.16.pom
2026-07-30 19:08:45,821 [Worker-3: Importing Maven projects] INFO  o.e.m.c.i.e.AbstractTransferListenerAdapter - Downloading https://repo.maven.apache.org/maven2/org/slf4j/slf4j-parent/2.0.16/slf4j-parent-2.0.16.pom
2026-07-30 19:08:45,851 [Worker-3: Importing Maven projects] INFO  o.e.m.c.i.e.AbstractTransferListenerAdapter - Downloaded https://repo.maven.apache.org/maven2/org/slf4j/slf4j-parent/2.0.16/slf4j-parent-2.0.16.pom
2026-07-30 19:08:45,939 [Worker-3: Importing Maven projects] INFO  o.e.m.c.i.e.AbstractTransferListenerAdapter - Downloading https://repo.maven.apache.org/maven2/org/slf4j/slf4j-bom/2.0.16/slf4j-bom-2.0.16.pom
2026-07-30 19:08:45,969 [Worker-3: Importing Maven projects] INFO  o.e.m.c.i.e.AbstractTransferListenerAdapter - Downloaded https://repo.maven.apache.org/maven2/org/slf4j/slf4j-bom/2.0.16/slf4j-bom-2.0.16.pom
2026-07-30 19:08:46,347 [Worker-3: Importing Maven projects] INFO  o.e.m.c.i.e.AbstractTransferListenerAdapter - Downloading https://repo.maven.apache.org/maven2/org/slf4j/jul-to-slf4j/2.0.16/jul-to-slf4j-2.0.16.pom
2026-07-30 19:08:46,373 [Worker-3: Importing Maven projects] INFO  o.e.m.c.i.e.AbstractTransferListenerAdapter - Downloaded https://repo.maven.apache.org/maven2/org/slf4j/jul-to-slf4j/2.0.16/jul-to-slf4j-2.0.16.pom
2026-07-30 19:08:46,538 [Worker-3: Importing Maven projects] INFO  o.e.m.c.i.e.AbstractTransferListenerAdapter - Downloading https://repo.maven.apache.org/maven2/org/yaml/snakeyaml/2.3/snakeyaml-2.3.pom
2026-07-30 19:08:46,564 [Worker-3: Importing Maven projects] INFO  o.e.m.c.i.e.AbstractTransferListenerAdapter - Downloaded https://repo.maven.apache.org/maven2/org/yaml/snakeyaml/2.3/snakeyaml-2.3.pom
2026-07-30 19:08:46,611 [Worker-3: Importing Maven projects] INFO  o.e.m.c.i.e.AbstractTransferListenerAdapter - Downloading https://repo.maven.apache.org/maven2/org/springframework/boot/spring-boot-starter-json/3.4.2/spring-boot-starter-json-3.4.2.pom
2026-07-30 19:08:46,635 [Worker-3: Importing Maven projects] INFO  o.e.m.c.i.e.AbstractTransferListenerAdapter - Downloaded https://repo.maven.apache.org/maven2/org/springframework/boot/spring-boot-starter-json/3.4.2/spring-boot-starter-json-3.4.2.pom
2026-07-30 19:08:46,742 [Worker-3: Importing Maven projects] INFO  o.e.m.c.i.e.AbstractTransferListenerAdapter - Downloading https://repo.maven.apache.org/maven2/org/springframework/spring-web/6.2.2/spring-web-6.2.2.pom
2026-07-30 19:08:46,771 [Worker-3: Importing Maven projects] INFO  o.e.m.c.i.e.AbstractTransferListenerAdapter - Downloaded https://repo.maven.apache.org/maven2/org/springframework/spring-web/6.2.2/spring-web-6.2.2.pom
2026-07-30 19:08:46,944 [Worker-3: Importing Maven projects] INFO  o.e.m.c.i.e.AbstractTransferListenerAdapter - Downloading https://repo.maven.apache.org/maven2/com/fasterxml/jackson/core/jackson-databind/2.18.2/jackson-databind-2.18.2.pom
2026-07-30 19:08:46,970 [Worker-3: Importing Maven projects] INFO  o.e.m.c.i.e.AbstractTransferListenerAdapter - Downloaded https://repo.maven.apache.org/maven2/com/fasterxml/jackson/core/jackson-databind/2.18.2/jackson-databind-2.18.2.pom
2026-07-30 19:08:47,176 [Worker-3: Importing Maven projects] INFO  o.e.m.c.i.e.AbstractTransferListenerAdapter - Downloading https://repo.maven.apache.org/maven2/com/fasterxml/jackson/jackson-base/2.18.2/jackson-base-2.18.2.pom
2026-07-30 19:08:47,209 [Worker-3: Importing Maven projects] INFO  o.e.m.c.i.e.AbstractTransferListenerAdapter - Downloaded https://repo.maven.apache.org/maven2/com/fasterxml/jackson/jackson-base/2.18.2/jackson-base-2.18.2.pom
2026-07-30 19:08:47,281 [Worker-3: Importing Maven projects] INFO  o.e.m.c.i.e.AbstractTransferListenerAdapter - Downloading https://repo.maven.apache.org/maven2/com/fasterxml/jackson/core/jackson-annotations/2.18.2/jackson-annotations-2.18.2.pom
2026-07-30 19:08:47,308 [Worker-3: Importing Maven projects] INFO  o.e.m.c.i.e.AbstractTransferListenerAdapter - Downloaded https://repo.maven.apache.org/maven2/com/fasterxml/jackson/core/jackson-annotations/2.18.2/jackson-annotations-2.18.2.pom
2026-07-30 19:08:47,458 [Worker-3: Importing Maven projects] INFO  o.e.m.c.i.e.AbstractTransferListenerAdapter - Downloading https://repo.maven.apache.org/maven2/com/fasterxml/jackson/core/jackson-core/2.18.2/jackson-core-2.18.2.pom
2026-07-30 19:08:47,510 [Worker-3: Importing Maven projects] INFO  o.e.m.c.i.e.AbstractTransferListenerAdapter - Downloaded https://repo.maven.apache.org/maven2/com/fasterxml/jackson/core/jackson-core/2.18.2/jackson-core-2.18.2.pom
2026-07-30 19:08:47,562 [Worker-3: Importing Maven projects] INFO  o.e.m.c.i.e.AbstractTransferListenerAdapter - Downloading https://repo.maven.apache.org/maven2/com/fasterxml/jackson/datatype/jackson-datatype-jdk8/2.18.2/jackson-datatype-jdk8-2.18.2.pom
2026-07-30 19:08:47,586 [Worker-3: Importing Maven projects] INFO  o.e.m.c.i.e.AbstractTransferListenerAdapter - Downloaded https://repo.maven.apache.org/maven2/com/fasterxml/jackson/datatype/jackson-datatype-jdk8/2.18.2/jackson-datatype-jdk8-2.18.2.pom
2026-07-30 19:08:47,765 [Worker-3: Importing Maven projects] INFO  o.e.m.c.i.e.AbstractTransferListenerAdapter - Downloading https://repo.maven.apache.org/maven2/com/fasterxml/jackson/module/jackson-modules-java8/2.18.2/jackson-modules-java8-2.18.2.pom
2026-07-30 19:08:47,798 [Worker-3: Importing Maven projects] INFO  o.e.m.c.i.e.AbstractTransferListenerAdapter - Downloaded https://repo.maven.apache.org/maven2/com/fasterxml/jackson/module/jackson-modules-java8/2.18.2/jackson-modules-java8-2.18.2.pom
2026-07-30 19:08:47,857 [Worker-3: Importing Maven projects] INFO  o.e.m.c.i.e.AbstractTransferListenerAdapter - Downloading https://repo.maven.apache.org/maven2/com/fasterxml/jackson/datatype/jackson-datatype-jsr310/2.18.2/jackson-datatype-jsr310-2.18.2.pom
2026-07-30 19:08:47,877 [Worker-3: Importing Maven projects] INFO  o.e.m.c.i.e.AbstractTransferListenerAdapter - Downloaded https://repo.maven.apache.org/maven2/com/fasterxml/jackson/datatype/jackson-datatype-jsr310/2.18.2/jackson-datatype-jsr310-2.18.2.pom
2026-07-30 19:08:47,928 [Worker-3: Importing Maven projects] INFO  o.e.m.c.i.e.AbstractTransferListenerAdapter - Downloading https://repo.maven.apache.org/maven2/com/fasterxml/jackson/module/jackson-module-parameter-names/2.18.2/jackson-module-parameter-names-2.18.2.pom
2026-07-30 19:08:47,953 [Worker-3: Importing Maven projects] INFO  o.e.m.c.i.e.AbstractTransferListenerAdapter - Downloaded https://repo.maven.apache.org/maven2/com/fasterxml/jackson/module/jackson-module-parameter-names/2.18.2/jackson-module-parameter-names-2.18.2.pom
2026-07-30 19:08:48,172 [Worker-3: Importing Maven projects] INFO  o.e.m.c.i.e.AbstractTransferListenerAdapter - Downloading https://repo.maven.apache.org/maven2/org/springframework/boot/spring-boot-starter-tomcat/3.4.2/spring-boot-starter-tomcat-3.4.2.pom
2026-07-30 19:08:48,196 [Worker-3: Importing Maven projects] INFO  o.e.m.c.i.e.AbstractTransferListenerAdapter - Downloaded https://repo.maven.apache.org/maven2/org/springframework/boot/spring-boot-starter-tomcat/3.4.2/spring-boot-starter-tomcat-3.4.2.pom
2026-07-30 19:08:48,378 [Worker-3: Importing Maven projects] INFO  o.e.m.c.i.e.AbstractTransferListenerAdapter - Downloading https://repo.maven.apache.org/maven2/org/apache/tomcat/embed/tomcat-embed-core/10.1.34/tomcat-embed-core-10.1.34.pom
2026-07-30 19:08:48,405 [Worker-3: Importing Maven projects] INFO  o.e.m.c.i.e.AbstractTransferListenerAdapter - Downloaded https://repo.maven.apache.org/maven2/org/apache/tomcat/embed/tomcat-embed-core/10.1.34/tomcat-embed-core-10.1.34.pom
2026-07-30 19:08:48,586 [Worker-3: Importing Maven projects] INFO  o.e.m.c.i.e.AbstractTransferListenerAdapter - Downloading https://repo.maven.apache.org/maven2/org/apache/tomcat/embed/tomcat-embed-el/10.1.34/tomcat-embed-el-10.1.34.pom
2026-07-30 19:08:48,618 [Worker-3: Importing Maven projects] INFO  o.e.m.c.i.e.AbstractTransferListenerAdapter - Downloaded https://repo.maven.apache.org/maven2/org/apache/tomcat/embed/tomcat-embed-el/10.1.34/tomcat-embed-el-10.1.34.pom
2026-07-30 19:08:48,666 [Worker-3: Importing Maven projects] INFO  o.e.m.c.i.e.AbstractTransferListenerAdapter - Downloading https://repo.maven.apache.org/maven2/org/apache/tomcat/embed/tomcat-embed-websocket/10.1.34/tomcat-embed-websocket-10.1.34.pom
2026-07-30 19:08:48,693 [Worker-3: Importing Maven projects] INFO  o.e.m.c.i.e.AbstractTransferListenerAdapter - Downloaded https://repo.maven.apache.org/maven2/org/apache/tomcat/embed/tomcat-embed-websocket/10.1.34/tomcat-embed-websocket-10.1.34.pom
2026-07-30 19:08:48,789 [Worker-3: Importing Maven projects] INFO  o.e.m.c.i.e.AbstractTransferListenerAdapter - Downloading https://repo.maven.apache.org/maven2/org/springframework/spring-webmvc/6.2.2/spring-webmvc-6.2.2.pom
2026-07-30 19:08:48,815 [Worker-3: Importing Maven projects] INFO  o.e.m.c.i.e.AbstractTransferListenerAdapter - Downloaded https://repo.maven.apache.org/maven2/org/springframework/spring-webmvc/6.2.2/spring-webmvc-6.2.2.pom
2026-07-30 19:08:48,995 [Worker-3: Importing Maven projects] INFO  o.e.m.c.i.e.AbstractTransferListenerAdapter - Downloading https://repo.maven.apache.org/maven2/org/springframework/boot/spring-boot-starter-data-jpa/3.4.2/spring-boot-starter-data-jpa-3.4.2.pom
2026-07-30 19:08:49,032 [Worker-3: Importing Maven projects] INFO  o.e.m.c.i.e.AbstractTransferListenerAdapter - Downloaded https://repo.maven.apache.org/maven2/org/springframework/boot/spring-boot-starter-data-jpa/3.4.2/spring-boot-starter-data-jpa-3.4.2.pom
2026-07-30 19:08:49,077 [Worker-3: Importing Maven projects] INFO  o.e.m.c.i.e.AbstractTransferListenerAdapter - Downloading https://repo.maven.apache.org/maven2/org/springframework/boot/spring-boot-starter-jdbc/3.4.2/spring-boot-starter-jdbc-3.4.2.pom
2026-07-30 19:08:49,107 [Worker-3: Importing Maven projects] INFO  o.e.m.c.i.e.AbstractTransferListenerAdapter - Downloaded https://repo.maven.apache.org/maven2/org/springframework/boot/spring-boot-starter-jdbc/3.4.2/spring-boot-starter-jdbc-3.4.2.pom
2026-07-30 19:08:49,198 [Worker-3: Importing Maven projects] INFO  o.e.m.c.i.e.AbstractTransferListenerAdapter - Downloading https://repo.maven.apache.org/maven2/com/zaxxer/HikariCP/5.1.0/HikariCP-5.1.0.pom
2026-07-30 19:08:49,235 [Worker-3: Importing Maven projects] INFO  o.e.m.c.i.e.AbstractTransferListenerAdapter - Downloaded https://repo.maven.apache.org/maven2/com/zaxxer/HikariCP/5.1.0/HikariCP-5.1.0.pom
2026-07-30 19:08:49,283 [Worker-3: Importing Maven projects] INFO  o.e.m.c.i.e.AbstractTransferListenerAdapter - Downloading https://repo.maven.apache.org/maven2/org/springframework/spring-jdbc/6.2.2/spring-jdbc-6.2.2.pom
2026-07-30 19:08:49,307 [Worker-3: Importing Maven projects] INFO  o.e.m.c.i.e.AbstractTransferListenerAdapter - Downloaded https://repo.maven.apache.org/maven2/org/springframework/spring-jdbc/6.2.2/spring-jdbc-6.2.2.pom
2026-07-30 19:08:49,345 [Worker-3: Importing Maven projects] INFO  o.e.m.c.i.e.AbstractTransferListenerAdapter - Downloading https://repo.maven.apache.org/maven2/org/springframework/spring-tx/6.2.2/spring-tx-6.2.2.pom
2026-07-30 19:08:49,368 [Worker-3: Importing Maven projects] INFO  o.e.m.c.i.e.AbstractTransferListenerAdapter - Downloaded https://repo.maven.apache.org/maven2/org/springframework/spring-tx/6.2.2/spring-tx-6.2.2.pom
2026-07-30 19:08:49,409 [Worker-3: Importing Maven projects] INFO  o.e.m.c.i.e.AbstractTransferListenerAdapter - Downloading https://repo.maven.apache.org/maven2/org/hibernate/orm/hibernate-core/6.6.5.Final/hibernate-core-6.6.5.Final.pom
2026-07-30 19:08:49,434 [Worker-3: Importing Maven projects] INFO  o.e.m.c.i.e.AbstractTransferListenerAdapter - Downloaded https://repo.maven.apache.org/maven2/org/hibernate/orm/hibernate-core/6.6.5.Final/hibernate-core-6.6.5.Final.pom
2026-07-30 19:08:49,872 [Worker-3: Importing Maven projects] INFO  o.e.m.c.i.e.AbstractTransferListenerAdapter - Downloading https://repo.maven.apache.org/maven2/net/bytebuddy/byte-buddy/1.15.11/byte-buddy-1.15.11.pom
2026-07-30 19:08:49,900 [Worker-3: Importing Maven projects] INFO  o.e.m.c.i.e.AbstractTransferListenerAdapter - Downloaded https://repo.maven.apache.org/maven2/net/bytebuddy/byte-buddy/1.15.11/byte-buddy-1.15.11.pom
2026-07-30 19:08:49,943 [Worker-3: Importing Maven projects] INFO  o.e.m.c.i.e.AbstractTransferListenerAdapter - Downloading https://repo.maven.apache.org/maven2/net/bytebuddy/byte-buddy-parent/1.15.11/byte-buddy-parent-1.15.11.pom
2026-07-30 19:08:49,968 [Worker-3: Importing Maven projects] INFO  o.e.m.c.i.e.AbstractTransferListenerAdapter - Downloaded https://repo.maven.apache.org/maven2/net/bytebuddy/byte-buddy-parent/1.15.11/byte-buddy-parent-1.15.11.pom
2026-07-30 19:08:50,414 [Worker-3: Importing Maven projects] INFO  o.e.m.c.i.e.AbstractTransferListenerAdapter - Downloading https://repo.maven.apache.org/maven2/org/antlr/antlr4-runtime/4.13.0/antlr4-runtime-4.13.0.pom
2026-07-30 19:08:50,438 [Worker-3: Importing Maven projects] INFO  o.e.m.c.i.e.AbstractTransferListenerAdapter - Downloaded https://repo.maven.apache.org/maven2/org/antlr/antlr4-runtime/4.13.0/antlr4-runtime-4.13.0.pom
2026-07-30 19:08:50,466 [Worker-3: Importing Maven projects] INFO  o.e.m.c.i.e.AbstractTransferListenerAdapter - Downloading https://repo.maven.apache.org/maven2/org/antlr/antlr4-master/4.13.0/antlr4-master-4.13.0.pom
2026-07-30 19:08:50,490 [Worker-3: Importing Maven projects] INFO  o.e.m.c.i.e.AbstractTransferListenerAdapter - Downloaded https://repo.maven.apache.org/maven2/org/antlr/antlr4-master/4.13.0/antlr4-master-4.13.0.pom
2026-07-30 19:08:50,687 [Worker-3: Importing Maven projects] INFO  o.e.m.c.i.e.AbstractTransferListenerAdapter - Downloading https://repo.maven.apache.org/maven2/org/springframework/data/spring-data-jpa/3.4.2/spring-data-jpa-3.4.2.pom
2026-07-30 19:08:50,716 [Worker-3: Importing Maven projects] INFO  o.e.m.c.i.e.AbstractTransferListenerAdapter - Downloaded https://repo.maven.apache.org/maven2/org/springframework/data/spring-data-jpa/3.4.2/spring-data-jpa-3.4.2.pom
2026-07-30 19:08:50,756 [Worker-3: Importing Maven projects] INFO  o.e.m.c.i.e.AbstractTransferListenerAdapter - Downloading https://repo.maven.apache.org/maven2/org/springframework/data/spring-data-jpa-parent/3.4.2/spring-data-jpa-parent-3.4.2.pom
2026-07-30 19:08:50,782 [Worker-3: Importing Maven projects] INFO  o.e.m.c.i.e.AbstractTransferListenerAdapter - Downloaded https://repo.maven.apache.org/maven2/org/springframework/data/spring-data-jpa-parent/3.4.2/spring-data-jpa-parent-3.4.2.pom
2026-07-30 19:08:50,937 [Worker-3: Importing Maven projects] INFO  o.e.m.c.i.e.AbstractTransferListenerAdapter - Downloading https://repo.maven.apache.org/maven2/org/springframework/data/build/spring-data-parent/3.4.2/spring-data-parent-3.4.2.pom
2026-07-30 19:08:50,970 [Worker-3: Importing Maven projects] INFO  o.e.m.c.i.e.AbstractTransferListenerAdapter - Downloaded https://repo.maven.apache.org/maven2/org/springframework/data/build/spring-data-parent/3.4.2/spring-data-parent-3.4.2.pom
2026-07-30 19:08:51,051 [Worker-3: Importing Maven projects] INFO  o.e.m.c.i.e.AbstractTransferListenerAdapter - Downloading https://repo.maven.apache.org/maven2/org/springframework/data/build/spring-data-build/3.4.2/spring-data-build-3.4.2.pom
2026-07-30 19:08:51,107 [Worker-3: Importing Maven projects] INFO  o.e.m.c.i.e.AbstractTransferListenerAdapter - Downloaded https://repo.maven.apache.org/maven2/org/springframework/data/build/spring-data-build/3.4.2/spring-data-build-3.4.2.pom
2026-07-30 19:08:51,221 [Worker-3: Importing Maven projects] INFO  o.e.m.c.i.e.AbstractTransferListenerAdapter - Downloading https://repo.maven.apache.org/maven2/org/springframework/data/spring-data-commons/3.4.2/spring-data-commons-3.4.2.pom
2026-07-30 19:08:51,247 [Worker-3: Importing Maven projects] INFO  o.e.m.c.i.e.AbstractTransferListenerAdapter - Downloaded https://repo.maven.apache.org/maven2/org/springframework/data/spring-data-commons/3.4.2/spring-data-commons-3.4.2.pom
2026-07-30 19:08:51,295 [Worker-3: Importing Maven projects] INFO  o.e.m.c.i.e.AbstractTransferListenerAdapter - Downloading https://repo.maven.apache.org/maven2/org/springframework/spring-orm/6.2.2/spring-orm-6.2.2.pom
2026-07-30 19:08:51,317 [Worker-3: Importing Maven projects] INFO  o.e.m.c.i.e.AbstractTransferListenerAdapter - Downloaded https://repo.maven.apache.org/maven2/org/springframework/spring-orm/6.2.2/spring-orm-6.2.2.pom
2026-07-30 19:08:51,355 [Worker-3: Importing Maven projects] INFO  o.e.m.c.i.e.AbstractTransferListenerAdapter - Downloading https://repo.maven.apache.org/maven2/org/springframework/spring-aspects/6.2.2/spring-aspects-6.2.2.pom
2026-07-30 19:08:51,376 [Worker-3: Importing Maven projects] INFO  o.e.m.c.i.e.AbstractTransferListenerAdapter - Downloaded https://repo.maven.apache.org/maven2/org/springframework/spring-aspects/6.2.2/spring-aspects-6.2.2.pom
2026-07-30 19:08:51,413 [Worker-3: Importing Maven projects] INFO  o.e.m.c.i.e.AbstractTransferListenerAdapter - Downloading https://repo.maven.apache.org/maven2/org/aspectj/aspectjweaver/1.9.22.1/aspectjweaver-1.9.22.1.pom
2026-07-30 19:08:51,447 [Worker-3: Importing Maven projects] INFO  o.e.m.c.i.e.AbstractTransferListenerAdapter - Downloaded https://repo.maven.apache.org/maven2/org/aspectj/aspectjweaver/1.9.22.1/aspectjweaver-1.9.22.1.pom
2026-07-30 19:08:51,487 [Worker-3: Importing Maven projects] INFO  o.e.m.c.i.e.AbstractTransferListenerAdapter - Downloading https://repo.maven.apache.org/maven2/org/springframework/boot/spring-boot-starter-security/3.4.2/spring-boot-starter-security-3.4.2.pom
2026-07-30 19:08:51,520 [Worker-3: Importing Maven projects] INFO  o.e.m.c.i.e.AbstractTransferListenerAdapter - Downloaded https://repo.maven.apache.org/maven2/org/springframework/boot/spring-boot-starter-security/3.4.2/spring-boot-starter-security-3.4.2.pom
2026-07-30 19:08:51,657 [Worker-3: Importing Maven projects] INFO  o.e.m.c.i.e.AbstractTransferListenerAdapter - Downloading https://repo.maven.apache.org/maven2/org/springframework/security/spring-security-config/6.4.2/spring-security-config-6.4.2.pom
2026-07-30 19:08:51,698 [Worker-3: Importing Maven projects] INFO  o.e.m.c.i.e.AbstractTransferListenerAdapter - Downloaded https://repo.maven.apache.org/maven2/org/springframework/security/spring-security-config/6.4.2/spring-security-config-6.4.2.pom
2026-07-30 19:08:51,816 [Worker-3: Importing Maven projects] INFO  o.e.m.c.i.e.AbstractTransferListenerAdapter - Downloading https://repo.maven.apache.org/maven2/org/springframework/security/spring-security-core/6.4.2/spring-security-core-6.4.2.pom
2026-07-30 19:08:51,846 [Worker-3: Importing Maven projects] INFO  o.e.m.c.i.e.AbstractTransferListenerAdapter - Downloaded https://repo.maven.apache.org/maven2/org/springframework/security/spring-security-core/6.4.2/spring-security-core-6.4.2.pom
2026-07-30 19:08:51,879 [Worker-3: Importing Maven projects] INFO  o.e.m.c.i.e.AbstractTransferListenerAdapter - Downloading https://repo.maven.apache.org/maven2/org/springframework/security/spring-security-crypto/6.4.2/spring-security-crypto-6.4.2.pom
2026-07-30 19:08:51,904 [Worker-3: Importing Maven projects] INFO  o.e.m.c.i.e.AbstractTransferListenerAdapter - Downloaded https://repo.maven.apache.org/maven2/org/springframework/security/spring-security-crypto/6.4.2/spring-security-crypto-6.4.2.pom
2026-07-30 19:08:52,064 [Worker-3: Importing Maven projects] INFO  o.e.m.c.i.e.AbstractTransferListenerAdapter - Downloading https://repo.maven.apache.org/maven2/org/springframework/security/spring-security-web/6.4.2/spring-security-web-6.4.2.pom
2026-07-30 19:08:52,109 [Worker-3: Importing Maven projects] INFO  o.e.m.c.i.e.AbstractTransferListenerAdapter - Downloaded https://repo.maven.apache.org/maven2/org/springframework/security/spring-security-web/6.4.2/spring-security-web-6.4.2.pom
2026-07-30 19:08:52,270 [Worker-3: Importing Maven projects] INFO  o.e.m.c.i.e.AbstractTransferListenerAdapter - Downloading https://repo.maven.apache.org/maven2/org/springframework/boot/spring-boot-starter-validation/3.4.2/spring-boot-starter-validation-3.4.2.pom
2026-07-30 19:08:52,298 [Worker-3: Importing Maven projects] INFO  o.e.m.c.i.e.AbstractTransferListenerAdapter - Downloaded https://repo.maven.apache.org/maven2/org/springframework/boot/spring-boot-starter-validation/3.4.2/spring-boot-starter-validation-3.4.2.pom
2026-07-30 19:08:52,338 [Worker-3: Importing Maven projects] INFO  o.e.m.c.i.e.AbstractTransferListenerAdapter - Downloading https://repo.maven.apache.org/maven2/org/hibernate/validator/hibernate-validator/8.0.2.Final/hibernate-validator-8.0.2.Final.pom
2026-07-30 19:08:52,363 [Worker-3: Importing Maven projects] INFO  o.e.m.c.i.e.AbstractTransferListenerAdapter - Downloaded https://repo.maven.apache.org/maven2/org/hibernate/validator/hibernate-validator/8.0.2.Final/hibernate-validator-8.0.2.Final.pom
2026-07-30 19:08:52,475 [Worker-3: Importing Maven projects] INFO  o.e.m.c.i.e.AbstractTransferListenerAdapter - Downloading https://repo.maven.apache.org/maven2/org/hibernate/validator/hibernate-validator-parent/8.0.2.Final/hibernate-validator-parent-8.0.2.Final.pom
2026-07-30 19:08:52,512 [Worker-3: Importing Maven projects] INFO  o.e.m.c.i.e.AbstractTransferListenerAdapter - Downloaded https://repo.maven.apache.org/maven2/org/hibernate/validator/hibernate-validator-parent/8.0.2.Final/hibernate-validator-parent-8.0.2.Final.pom
2026-07-30 19:08:52,678 [Worker-3: Importing Maven projects] INFO  o.e.m.c.i.e.AbstractTransferListenerAdapter - Downloading https://repo.maven.apache.org/maven2/org/jboss/arquillian/arquillian-bom/1.7.0.Alpha10/arquillian-bom-1.7.0.Alpha10.pom
2026-07-30 19:08:52,706 [Worker-3: Importing Maven projects] INFO  o.e.m.c.i.e.AbstractTransferListenerAdapter - Downloaded https://repo.maven.apache.org/maven2/org/jboss/arquillian/arquillian-bom/1.7.0.Alpha10/arquillian-bom-1.7.0.Alpha10.pom
2026-07-30 19:08:52,755 [Worker-3: Importing Maven projects] INFO  o.e.m.c.i.e.AbstractTransferListenerAdapter - Downloading https://repo.maven.apache.org/maven2/org/jboss/shrinkwrap/shrinkwrap-bom/1.2.6/shrinkwrap-bom-1.2.6.pom
2026-07-30 19:08:52,786 [Worker-3: Importing Maven projects] INFO  o.e.m.c.i.e.AbstractTransferListenerAdapter - Downloaded https://repo.maven.apache.org/maven2/org/jboss/shrinkwrap/shrinkwrap-bom/1.2.6/shrinkwrap-bom-1.2.6.pom
2026-07-30 19:08:52,888 [Worker-3: Importing Maven projects] INFO  o.e.m.c.i.e.AbstractTransferListenerAdapter - Downloading https://repo.maven.apache.org/maven2/org/jboss/shrinkwrap/resolver/shrinkwrap-resolver-bom/3.1.4/shrinkwrap-resolver-bom-3.1.4.pom
2026-07-30 19:08:52,917 [Worker-3: Importing Maven projects] INFO  o.e.m.c.i.e.AbstractTransferListenerAdapter - Downloaded https://repo.maven.apache.org/maven2/org/jboss/shrinkwrap/resolver/shrinkwrap-resolver-bom/3.1.4/shrinkwrap-resolver-bom-3.1.4.pom
2026-07-30 19:08:53,088 [Worker-3: Importing Maven projects] INFO  o.e.m.c.i.e.AbstractTransferListenerAdapter - Downloading https://repo.maven.apache.org/maven2/org/apache/maven/maven/3.6.3/maven-3.6.3.pom
2026-07-30 19:08:53,123 [Worker-3: Importing Maven projects] INFO  o.e.m.c.i.e.AbstractTransferListenerAdapter - Downloaded https://repo.maven.apache.org/maven2/org/apache/maven/maven/3.6.3/maven-3.6.3.pom
2026-07-30 19:08:53,219 [Worker-3: Importing Maven projects] INFO  o.e.m.c.i.e.AbstractTransferListenerAdapter - Downloading https://repo.maven.apache.org/maven2/org/jboss/shrinkwrap/descriptors/shrinkwrap-descriptors-bom/2.0.0/shrinkwrap-descriptors-bom-2.0.0.pom
2026-07-30 19:08:53,244 [Worker-3: Importing Maven projects] INFO  o.e.m.c.i.e.AbstractTransferListenerAdapter - Downloaded https://repo.maven.apache.org/maven2/org/jboss/shrinkwrap/descriptors/shrinkwrap-descriptors-bom/2.0.0/shrinkwrap-descriptors-bom-2.0.0.pom
2026-07-30 19:08:53,309 [Worker-3: Importing Maven projects] INFO  o.e.m.c.i.e.AbstractTransferListenerAdapter - Downloading https://repo.maven.apache.org/maven2/org/springframework/boot/spring-boot-starter-actuator/3.4.2/spring-boot-starter-actuator-3.4.2.pom
2026-07-30 19:08:53,332 [Worker-3: Importing Maven projects] INFO  o.e.m.c.i.e.AbstractTransferListenerAdapter - Downloaded https://repo.maven.apache.org/maven2/org/springframework/boot/spring-boot-starter-actuator/3.4.2/spring-boot-starter-actuator-3.4.2.pom
2026-07-30 19:08:53,498 [Worker-3: Importing Maven projects] INFO  o.e.m.c.i.e.AbstractTransferListenerAdapter - Downloading https://repo.maven.apache.org/maven2/org/springframework/boot/spring-boot-actuator-autoconfigure/3.4.2/spring-boot-actuator-autoconfigure-3.4.2.pom
2026-07-30 19:08:53,531 [Worker-3: Importing Maven projects] INFO  o.e.m.c.i.e.AbstractTransferListenerAdapter - Downloaded https://repo.maven.apache.org/maven2/org/springframework/boot/spring-boot-actuator-autoconfigure/3.4.2/spring-boot-actuator-autoconfigure-3.4.2.pom
2026-07-30 19:08:53,703 [Worker-3: Importing Maven projects] INFO  o.e.m.c.i.e.AbstractTransferListenerAdapter - Downloading https://repo.maven.apache.org/maven2/org/springframework/boot/spring-boot-actuator/3.4.2/spring-boot-actuator-3.4.2.pom
2026-07-30 19:08:53,736 [Worker-3: Importing Maven projects] INFO  o.e.m.c.i.e.AbstractTransferListenerAdapter - Downloaded https://repo.maven.apache.org/maven2/org/springframework/boot/spring-boot-actuator/3.4.2/spring-boot-actuator-3.4.2.pom
2026-07-30 19:08:53,776 [Worker-3: Importing Maven projects] INFO  o.e.m.c.i.e.AbstractTransferListenerAdapter - Downloading https://repo.maven.apache.org/maven2/io/micrometer/micrometer-jakarta9/1.14.3/micrometer-jakarta9-1.14.3.pom
2026-07-30 19:08:53,797 [Worker-3: Importing Maven projects] INFO  o.e.m.c.i.e.AbstractTransferListenerAdapter - Downloaded https://repo.maven.apache.org/maven2/io/micrometer/micrometer-jakarta9/1.14.3/micrometer-jakarta9-1.14.3.pom
2026-07-30 19:08:53,912 [Worker-3: Importing Maven projects] INFO  o.e.m.c.i.e.AbstractTransferListenerAdapter - Downloading https://repo.maven.apache.org/maven2/io/micrometer/micrometer-core/1.14.3/micrometer-core-1.14.3.pom
2026-07-30 19:08:53,948 [Worker-3: Importing Maven projects] INFO  o.e.m.c.i.e.AbstractTransferListenerAdapter - Downloaded https://repo.maven.apache.org/maven2/io/micrometer/micrometer-core/1.14.3/micrometer-core-1.14.3.pom
2026-07-30 19:08:54,113 [Worker-3: Importing Maven projects] INFO  o.e.m.c.i.e.AbstractTransferListenerAdapter - Downloading https://repo.maven.apache.org/maven2/com/mysql/mysql-connector-j/9.1.0/mysql-connector-j-9.1.0.pom
2026-07-30 19:08:54,137 [Worker-3: Importing Maven projects] INFO  o.e.m.c.i.e.AbstractTransferListenerAdapter - Downloaded https://repo.maven.apache.org/maven2/com/mysql/mysql-connector-j/9.1.0/mysql-connector-j-9.1.0.pom
2026-07-30 19:08:54,316 [Worker-3: Importing Maven projects] INFO  o.e.m.c.i.e.AbstractTransferListenerAdapter - Downloading https://repo.maven.apache.org/maven2/org/projectlombok/lombok/1.18.36/lombok-1.18.36.pom
2026-07-30 19:08:54,340 [Worker-3: Importing Maven projects] INFO  o.e.m.c.i.e.AbstractTransferListenerAdapter - Downloaded https://repo.maven.apache.org/maven2/org/projectlombok/lombok/1.18.36/lombok-1.18.36.pom
2026-07-30 19:08:54,497 [Worker-3: Importing Maven projects] INFO  o.e.m.c.i.e.AbstractTransferListenerAdapter - Downloading https://repo.maven.apache.org/maven2/io/jsonwebtoken/jjwt-api/0.12.6/jjwt-api-0.12.6.pom
2026-07-30 19:08:54,521 [Worker-3: Importing Maven projects] INFO  o.e.m.c.i.e.AbstractTransferListenerAdapter - Downloaded https://repo.maven.apache.org/maven2/io/jsonwebtoken/jjwt-api/0.12.6/jjwt-api-0.12.6.pom
2026-07-30 19:08:54,604 [Worker-3: Importing Maven projects] INFO  o.e.m.c.i.e.AbstractTransferListenerAdapter - Downloading https://repo.maven.apache.org/maven2/io/jsonwebtoken/jjwt-root/0.12.6/jjwt-root-0.12.6.pom
2026-07-30 19:08:54,633 [Worker-3: Importing Maven projects] INFO  o.e.m.c.i.e.AbstractTransferListenerAdapter - Downloaded https://repo.maven.apache.org/maven2/io/jsonwebtoken/jjwt-root/0.12.6/jjwt-root-0.12.6.pom
2026-07-30 19:08:54,676 [Worker-3: Importing Maven projects] INFO  o.e.m.c.i.e.AbstractTransferListenerAdapter - Downloading https://repo.maven.apache.org/maven2/io/jsonwebtoken/jjwt-impl/0.12.6/jjwt-impl-0.12.6.pom
2026-07-30 19:08:54,698 [Worker-3: Importing Maven projects] INFO  o.e.m.c.i.e.AbstractTransferListenerAdapter - Downloaded https://repo.maven.apache.org/maven2/io/jsonwebtoken/jjwt-impl/0.12.6/jjwt-impl-0.12.6.pom
2026-07-30 19:08:54,829 [Worker-3: Importing Maven projects] INFO  o.e.m.c.i.e.AbstractTransferListenerAdapter - Downloading https://repo.maven.apache.org/maven2/io/jsonwebtoken/jjwt-jackson/0.12.6/jjwt-jackson-0.12.6.pom
2026-07-30 19:08:54,853 [Worker-3: Importing Maven projects] INFO  o.e.m.c.i.e.AbstractTransferListenerAdapter - Downloaded https://repo.maven.apache.org/maven2/io/jsonwebtoken/jjwt-jackson/0.12.6/jjwt-jackson-0.12.6.pom
2026-07-30 19:08:55,036 [Worker-3: Importing Maven projects] INFO  o.e.m.c.i.e.AbstractTransferListenerAdapter - Downloading https://repo.maven.apache.org/maven2/org/modelmapper/modelmapper/3.2.2/modelmapper-3.2.2.pom
2026-07-30 19:08:55,063 [Worker-3: Importing Maven projects] INFO  o.e.m.c.i.e.AbstractTransferListenerAdapter - Downloaded https://repo.maven.apache.org/maven2/org/modelmapper/modelmapper/3.2.2/modelmapper-3.2.2.pom
2026-07-30 19:08:55,105 [Worker-3: Importing Maven projects] INFO  o.e.m.c.i.e.AbstractTransferListenerAdapter - Downloading https://repo.maven.apache.org/maven2/org/modelmapper/modelmapper-parent/3.2.2/modelmapper-parent-3.2.2.pom
2026-07-30 19:08:55,135 [Worker-3: Importing Maven projects] INFO  o.e.m.c.i.e.AbstractTransferListenerAdapter - Downloaded https://repo.maven.apache.org/maven2/org/modelmapper/modelmapper-parent/3.2.2/modelmapper-parent-3.2.2.pom
2026-07-30 19:08:55,238 [Worker-3: Importing Maven projects] INFO  o.e.m.c.i.e.AbstractTransferListenerAdapter - Downloading https://repo.maven.apache.org/maven2/org/springdoc/springdoc-openapi-starter-webmvc-ui/2.7.0/springdoc-openapi-starter-webmvc-ui-2.7.0.pom
2026-07-30 19:08:55,265 [Worker-3: Importing Maven projects] INFO  o.e.m.c.i.e.AbstractTransferListenerAdapter - Downloaded https://repo.maven.apache.org/maven2/org/springdoc/springdoc-openapi-starter-webmvc-ui/2.7.0/springdoc-openapi-starter-webmvc-ui-2.7.0.pom
2026-07-30 19:08:55,442 [Worker-3: Importing Maven projects] INFO  o.e.m.c.i.e.AbstractTransferListenerAdapter - Downloading https://repo.maven.apache.org/maven2/org/springdoc/springdoc-openapi/2.7.0/springdoc-openapi-2.7.0.pom
2026-07-30 19:08:55,478 [Worker-3: Importing Maven projects] INFO  o.e.m.c.i.e.AbstractTransferListenerAdapter - Downloaded https://repo.maven.apache.org/maven2/org/springdoc/springdoc-openapi/2.7.0/springdoc-openapi-2.7.0.pom
2026-07-30 19:08:55,956 [Worker-3: Importing Maven projects] INFO  o.e.m.c.i.e.AbstractTransferListenerAdapter - Downloading https://repo.maven.apache.org/maven2/org/springframework/boot/spring-boot-starter-parent/3.4.0/spring-boot-starter-parent-3.4.0.pom
2026-07-30 19:08:55,982 [Worker-3: Importing Maven projects] INFO  o.e.m.c.i.e.AbstractTransferListenerAdapter - Downloaded https://repo.maven.apache.org/maven2/org/springframework/boot/spring-boot-starter-parent/3.4.0/spring-boot-starter-parent-3.4.0.pom
2026-07-30 19:08:56,162 [Worker-3: Importing Maven projects] INFO  o.e.m.c.i.e.AbstractTransferListenerAdapter - Downloading https://repo.maven.apache.org/maven2/org/springframework/boot/spring-boot-dependencies/3.4.0/spring-boot-dependencies-3.4.0.pom
2026-07-30 19:08:56,222 [Worker-3: Importing Maven projects] INFO  o.e.m.c.i.e.AbstractTransferListenerAdapter - Downloaded https://repo.maven.apache.org/maven2/org/springframework/boot/spring-boot-dependencies/3.4.0/spring-boot-dependencies-3.4.0.pom
2026-07-30 19:08:56,365 [Worker-3: Importing Maven projects] INFO  o.e.m.c.i.e.AbstractTransferListenerAdapter - Downloading https://repo.maven.apache.org/maven2/org/apache/activemq/activemq-bom/6.1.4/activemq-bom-6.1.4.pom
2026-07-30 19:08:56,387 [Worker-3: Importing Maven projects] INFO  o.e.m.c.i.e.AbstractTransferListenerAdapter - Downloaded https://repo.maven.apache.org/maven2/org/apache/activemq/activemq-bom/6.1.4/activemq-bom-6.1.4.pom
2026-07-30 19:08:56,446 [Worker-3: Importing Maven projects] INFO  o.e.m.c.i.e.AbstractTransferListenerAdapter - Downloading https://repo.maven.apache.org/maven2/io/zipkin/reporter2/zipkin-reporter-bom/3.4.2/zipkin-reporter-bom-3.4.2.pom
2026-07-30 19:08:56,468 [Worker-3: Importing Maven projects] INFO  o.e.m.c.i.e.AbstractTransferListenerAdapter - Downloaded https://repo.maven.apache.org/maven2/io/zipkin/reporter2/zipkin-reporter-bom/3.4.2/zipkin-reporter-bom-3.4.2.pom
2026-07-30 19:08:56,569 [Worker-3: Importing Maven projects] INFO  o.e.m.c.i.e.AbstractTransferListenerAdapter - Downloading https://repo.maven.apache.org/maven2/org/infinispan/infinispan-bom/15.0.11.Final/infinispan-bom-15.0.11.Final.pom
2026-07-30 19:08:56,598 [Worker-3: Importing Maven projects] INFO  o.e.m.c.i.e.AbstractTransferListenerAdapter - Downloaded https://repo.maven.apache.org/maven2/org/infinispan/infinispan-bom/15.0.11.Final/infinispan-bom-15.0.11.Final.pom
2026-07-30 19:08:56,775 [Worker-3: Importing Maven projects] INFO  o.e.m.c.i.e.AbstractTransferListenerAdapter - Downloading https://repo.maven.apache.org/maven2/org/infinispan/infinispan-build-configuration-parent/15.0.11.Final/infinispan-build-configuration-parent-15.0.11.Final.pom
2026-07-30 19:08:56,810 [Worker-3: Importing Maven projects] INFO  o.e.m.c.i.e.AbstractTransferListenerAdapter - Downloaded https://repo.maven.apache.org/maven2/org/infinispan/infinispan-build-configuration-parent/15.0.11.Final/infinispan-build-configuration-parent-15.0.11.Final.pom
2026-07-30 19:08:56,980 [Worker-3: Importing Maven projects] INFO  o.e.m.c.i.e.AbstractTransferListenerAdapter - Downloading https://repo.maven.apache.org/maven2/com/fasterxml/jackson/jackson-bom/2.18.1/jackson-bom-2.18.1.pom
2026-07-30 19:08:57,014 [Worker-3: Importing Maven projects] INFO  o.e.m.c.i.e.AbstractTransferListenerAdapter - Downloaded https://repo.maven.apache.org/maven2/com/fasterxml/jackson/jackson-bom/2.18.1/jackson-bom-2.18.1.pom
2026-07-30 19:08:57,063 [Worker-3: Importing Maven projects] INFO  o.e.m.c.i.e.AbstractTransferListenerAdapter - Downloading https://repo.maven.apache.org/maven2/org/glassfish/jersey/jersey-bom/3.1.9/jersey-bom-3.1.9.pom
2026-07-30 19:08:57,088 [Worker-3: Importing Maven projects] INFO  o.e.m.c.i.e.AbstractTransferListenerAdapter - Downloaded https://repo.maven.apache.org/maven2/org/glassfish/jersey/jersey-bom/3.1.9/jersey-bom-3.1.9.pom
2026-07-30 19:08:57,126 [Worker-3: Importing Maven projects] INFO  o.e.m.c.i.e.AbstractTransferListenerAdapter - Downloading https://repo.maven.apache.org/maven2/org/eclipse/jetty/ee10/jetty-ee10-bom/12.0.15/jetty-ee10-bom-12.0.15.pom
2026-07-30 19:08:57,163 [Worker-3: Importing Maven projects] INFO  o.e.m.c.i.e.AbstractTransferListenerAdapter - Downloaded https://repo.maven.apache.org/maven2/org/eclipse/jetty/ee10/jetty-ee10-bom/12.0.15/jetty-ee10-bom-12.0.15.pom
2026-07-30 19:08:57,229 [Worker-3: Importing Maven projects] INFO  o.e.m.c.i.e.AbstractTransferListenerAdapter - Downloading https://repo.maven.apache.org/maven2/org/eclipse/jetty/jetty-bom/12.0.15/jetty-bom-12.0.15.pom
2026-07-30 19:08:57,262 [Worker-3: Importing Maven projects] INFO  o.e.m.c.i.e.AbstractTransferListenerAdapter - Downloaded https://repo.maven.apache.org/maven2/org/eclipse/jetty/jetty-bom/12.0.15/jetty-bom-12.0.15.pom
2026-07-30 19:08:57,397 [Worker-3: Importing Maven projects] INFO  o.e.m.c.i.e.AbstractTransferListenerAdapter - Downloading https://repo.maven.apache.org/maven2/org/apache/logging/log4j/log4j-bom/2.24.1/log4j-bom-2.24.1.pom
2026-07-30 19:08:57,426 [Worker-3: Importing Maven projects] INFO  o.e.m.c.i.e.AbstractTransferListenerAdapter - Downloaded https://repo.maven.apache.org/maven2/org/apache/logging/log4j/log4j-bom/2.24.1/log4j-bom-2.24.1.pom
2026-07-30 19:08:57,477 [Worker-3: Importing Maven projects] INFO  o.e.m.c.i.e.AbstractTransferListenerAdapter - Downloading https://repo.maven.apache.org/maven2/io/micrometer/micrometer-bom/1.14.1/micrometer-bom-1.14.1.pom
2026-07-30 19:08:57,499 [Worker-3: Importing Maven projects] INFO  o.e.m.c.i.e.AbstractTransferListenerAdapter - Downloaded https://repo.maven.apache.org/maven2/io/micrometer/micrometer-bom/1.14.1/micrometer-bom-1.14.1.pom
2026-07-30 19:08:57,594 [Worker-3: Importing Maven projects] INFO  o.e.m.c.i.e.AbstractTransferListenerAdapter - Downloading https://repo.maven.apache.org/maven2/io/micrometer/micrometer-tracing-bom/1.4.0/micrometer-tracing-bom-1.4.0.pom
2026-07-30 19:08:57,628 [Worker-3: Importing Maven projects] INFO  o.e.m.c.i.e.AbstractTransferListenerAdapter - Downloaded https://repo.maven.apache.org/maven2/io/micrometer/micrometer-tracing-bom/1.4.0/micrometer-tracing-bom-1.4.0.pom
2026-07-30 19:08:58,936 [Worker-3: Importing Maven projects] INFO  o.e.m.c.i.e.AbstractTransferListenerAdapter - Downloaded https://repo.spring.io/release/io/micrometer/micrometer-bom/1.14.0/micrometer-bom-1.14.0.pom
2026-07-30 19:08:59,231 [Worker-3: Importing Maven projects] INFO  o.e.m.c.i.e.AbstractTransferListenerAdapter - Downloaded https://repo.spring.io/snapshot/io/micrometer/micrometer-bom/1.14.0/micrometer-bom-1.14.0.pom
2026-07-30 19:09:00,466 [Worker-3: Importing Maven projects] INFO  o.e.m.c.i.e.AbstractTransferListenerAdapter - Downloaded https://repo.spring.io/milestone/io/micrometer/micrometer-bom/1.14.0/micrometer-bom-1.14.0.pom
2026-07-30 19:09:00,666 [Worker-3: Importing Maven projects] INFO  o.e.m.c.i.e.AbstractTransferListenerAdapter - Downloading https://repo.maven.apache.org/maven2/io/micrometer/micrometer-bom/1.14.0/micrometer-bom-1.14.0.pom
2026-07-30 19:09:00,694 [Worker-3: Importing Maven projects] INFO  o.e.m.c.i.e.AbstractTransferListenerAdapter - Downloaded https://repo.maven.apache.org/maven2/io/micrometer/micrometer-bom/1.14.0/micrometer-bom-1.14.0.pom
2026-07-30 19:09:00,877 [Worker-3: Importing Maven projects] INFO  o.e.m.c.i.e.AbstractTransferListenerAdapter - Downloading https://repo.maven.apache.org/maven2/io/netty/netty-bom/4.1.115.Final/netty-bom-4.1.115.Final.pom
2026-07-30 19:09:00,902 [Worker-3: Importing Maven projects] INFO  o.e.m.c.i.e.AbstractTransferListenerAdapter - Downloaded https://repo.maven.apache.org/maven2/io/netty/netty-bom/4.1.115.Final/netty-bom-4.1.115.Final.pom
2026-07-30 19:09:00,956 [Worker-3: Importing Maven projects] INFO  o.e.m.c.i.e.AbstractTransferListenerAdapter - Downloading https://repo.maven.apache.org/maven2/io/prometheus/prometheus-metrics-bom/1.3.3/prometheus-metrics-bom-1.3.3.pom
2026-07-30 19:09:00,973 [Worker-3: Importing Maven projects] INFO  o.e.m.c.i.e.AbstractTransferListenerAdapter - Downloaded https://repo.maven.apache.org/maven2/io/prometheus/prometheus-metrics-bom/1.3.3/prometheus-metrics-bom-1.3.3.pom
2026-07-30 19:09:01,074 [Worker-3: Importing Maven projects] INFO  o.e.m.c.i.e.AbstractTransferListenerAdapter - Downloading https://repo.maven.apache.org/maven2/io/prometheus/client_java/1.3.3/client_java-1.3.3.pom
2026-07-30 19:09:01,107 [Worker-3: Importing Maven projects] INFO  o.e.m.c.i.e.AbstractTransferListenerAdapter - Downloaded https://repo.maven.apache.org/maven2/io/prometheus/client_java/1.3.3/client_java-1.3.3.pom
2026-07-30 19:09:01,161 [Worker-3: Importing Maven projects] INFO  o.e.m.c.i.e.AbstractTransferListenerAdapter - Downloading https://repo.maven.apache.org/maven2/org/apache/pulsar/pulsar-bom/3.3.2/pulsar-bom-3.3.2.pom
2026-07-30 19:09:01,191 [Worker-3: Importing Maven projects] INFO  o.e.m.c.i.e.AbstractTransferListenerAdapter - Downloaded https://repo.maven.apache.org/maven2/org/apache/pulsar/pulsar-bom/3.3.2/pulsar-bom-3.3.2.pom
2026-07-30 19:09:01,282 [Worker-3: Importing Maven projects] INFO  o.e.m.c.i.e.AbstractTransferListenerAdapter - Downloading https://repo.maven.apache.org/maven2/io/projectreactor/reactor-bom/2024.0.0/reactor-bom-2024.0.0.pom
2026-07-30 19:09:01,310 [Worker-3: Importing Maven projects] INFO  o.e.m.c.i.e.AbstractTransferListenerAdapter - Downloaded https://repo.maven.apache.org/maven2/io/projectreactor/reactor-bom/2024.0.0/reactor-bom-2024.0.0.pom
2026-07-30 19:09:01,491 [Worker-3: Importing Maven projects] INFO  o.e.m.c.i.e.AbstractTransferListenerAdapter - Downloading https://repo.maven.apache.org/maven2/org/springframework/amqp/spring-amqp-bom/3.2.0/spring-amqp-bom-3.2.0.pom
2026-07-30 19:09:01,529 [Worker-3: Importing Maven projects] INFO  o.e.m.c.i.e.AbstractTransferListenerAdapter - Downloaded https://repo.maven.apache.org/maven2/org/springframework/amqp/spring-amqp-bom/3.2.0/spring-amqp-bom-3.2.0.pom
2026-07-30 19:09:01,571 [Worker-3: Importing Maven projects] INFO  o.e.m.c.i.e.AbstractTransferListenerAdapter - Downloading https://repo.maven.apache.org/maven2/org/springframework/batch/spring-batch-bom/5.2.0/spring-batch-bom-5.2.0.pom
2026-07-30 19:09:01,592 [Worker-3: Importing Maven projects] INFO  o.e.m.c.i.e.AbstractTransferListenerAdapter - Downloaded https://repo.maven.apache.org/maven2/org/springframework/batch/spring-batch-bom/5.2.0/spring-batch-bom-5.2.0.pom
2026-07-30 19:09:01,690 [Worker-3: Importing Maven projects] INFO  o.e.m.c.i.e.AbstractTransferListenerAdapter - Downloading https://repo.maven.apache.org/maven2/org/springframework/data/spring-data-bom/2024.1.0/spring-data-bom-2024.1.0.pom
2026-07-30 19:09:01,711 [Worker-3: Importing Maven projects] INFO  o.e.m.c.i.e.AbstractTransferListenerAdapter - Downloaded https://repo.maven.apache.org/maven2/org/springframework/data/spring-data-bom/2024.1.0/spring-data-bom-2024.1.0.pom
2026-07-30 19:09:01,896 [Worker-3: Importing Maven projects] INFO  o.e.m.c.i.e.AbstractTransferListenerAdapter - Downloading https://repo.maven.apache.org/maven2/org/springframework/spring-framework-bom/6.2.0/spring-framework-bom-6.2.0.pom
2026-07-30 19:09:01,927 [Worker-3: Importing Maven projects] INFO  o.e.m.c.i.e.AbstractTransferListenerAdapter - Downloaded https://repo.maven.apache.org/maven2/org/springframework/spring-framework-bom/6.2.0/spring-framework-bom-6.2.0.pom
2026-07-30 19:09:01,967 [Worker-3: Importing Maven projects] INFO  o.e.m.c.i.e.AbstractTransferListenerAdapter - Downloading https://repo.maven.apache.org/maven2/org/springframework/integration/spring-integration-bom/6.4.0/spring-integration-bom-6.4.0.pom
2026-07-30 19:09:01,988 [Worker-3: Importing Maven projects] INFO  o.e.m.c.i.e.AbstractTransferListenerAdapter - Downloaded https://repo.maven.apache.org/maven2/org/springframework/integration/spring-integration-bom/6.4.0/spring-integration-bom-6.4.0.pom
2026-07-30 19:09:02,201 [Worker-3: Importing Maven projects] INFO  o.e.m.c.i.e.AbstractTransferListenerAdapter - Downloading https://repo.maven.apache.org/maven2/org/springframework/pulsar/spring-pulsar-bom/1.2.0/spring-pulsar-bom-1.2.0.pom
2026-07-30 19:09:02,225 [Worker-3: Importing Maven projects] INFO  o.e.m.c.i.e.AbstractTransferListenerAdapter - Downloaded https://repo.maven.apache.org/maven2/org/springframework/pulsar/spring-pulsar-bom/1.2.0/spring-pulsar-bom-1.2.0.pom
2026-07-30 19:09:02,268 [Worker-3: Importing Maven projects] INFO  o.e.m.c.i.e.AbstractTransferListenerAdapter - Downloading https://repo.maven.apache.org/maven2/org/springframework/security/spring-security-bom/6.4.1/spring-security-bom-6.4.1.pom
2026-07-30 19:09:02,297 [Worker-3: Importing Maven projects] INFO  o.e.m.c.i.e.AbstractTransferListenerAdapter - Downloaded https://repo.maven.apache.org/maven2/org/springframework/security/spring-security-bom/6.4.1/spring-security-bom-6.4.1.pom
2026-07-30 19:09:02,327 [Worker-3: Importing Maven projects] INFO  o.e.m.c.i.e.AbstractTransferListenerAdapter - Downloading https://repo.maven.apache.org/maven2/org/springframework/session/spring-session-bom/3.4.0/spring-session-bom-3.4.0.pom
2026-07-30 19:09:02,349 [Worker-3: Importing Maven projects] INFO  o.e.m.c.i.e.AbstractTransferListenerAdapter - Downloaded https://repo.maven.apache.org/maven2/org/springframework/session/spring-session-bom/3.4.0/spring-session-bom-3.4.0.pom
2026-07-30 19:09:02,392 [Worker-3: Importing Maven projects] INFO  o.e.m.c.i.e.AbstractTransferListenerAdapter - Downloading https://repo.maven.apache.org/maven2/org/springdoc/springdoc-openapi-starter-webmvc-api/2.7.0/springdoc-openapi-starter-webmvc-api-2.7.0.pom
2026-07-30 19:09:02,411 [Worker-3: Importing Maven projects] INFO  o.e.m.c.i.e.AbstractTransferListenerAdapter - Downloaded https://repo.maven.apache.org/maven2/org/springdoc/springdoc-openapi-starter-webmvc-api/2.7.0/springdoc-openapi-starter-webmvc-api-2.7.0.pom
2026-07-30 19:09:02,508 [Worker-3: Importing Maven projects] INFO  o.e.m.c.i.e.AbstractTransferListenerAdapter - Downloading https://repo.maven.apache.org/maven2/org/springdoc/springdoc-openapi-starter-common/2.7.0/springdoc-openapi-starter-common-2.7.0.pom
2026-07-30 19:09:02,528 [Worker-3: Importing Maven projects] INFO  o.e.m.c.i.e.AbstractTransferListenerAdapter - Downloaded https://repo.maven.apache.org/maven2/org/springdoc/springdoc-openapi-starter-common/2.7.0/springdoc-openapi-starter-common-2.7.0.pom
2026-07-30 19:09:02,715 [Worker-3: Importing Maven projects] INFO  o.e.m.c.i.e.AbstractTransferListenerAdapter - Downloading https://repo.maven.apache.org/maven2/io/swagger/core/v3/swagger-core-jakarta/2.2.25/swagger-core-jakarta-2.2.25.pom
2026-07-30 19:09:02,751 [Worker-3: Importing Maven projects] INFO  o.e.m.c.i.e.AbstractTransferListenerAdapter - Downloaded https://repo.maven.apache.org/maven2/io/swagger/core/v3/swagger-core-jakarta/2.2.25/swagger-core-jakarta-2.2.25.pom
2026-07-30 19:09:03,021 [Worker-3: Importing Maven projects] INFO  o.e.m.c.i.e.AbstractTransferListenerAdapter - Downloading https://repo.maven.apache.org/maven2/io/swagger/core/v3/swagger-project-jakarta/2.2.25/swagger-project-jakarta-2.2.25.pom
2026-07-30 19:09:03,069 [Worker-3: Importing Maven projects] INFO  o.e.m.c.i.e.AbstractTransferListenerAdapter - Downloaded https://repo.maven.apache.org/maven2/io/swagger/core/v3/swagger-project-jakarta/2.2.25/swagger-project-jakarta-2.2.25.pom
2026-07-30 19:09:03,213 [Worker-3: Importing Maven projects] INFO  o.e.m.c.i.e.AbstractTransferListenerAdapter - Downloading https://repo.maven.apache.org/maven2/io/swagger/core/v3/swagger-annotations-jakarta/2.2.25/swagger-annotations-jakarta-2.2.25.pom
2026-07-30 19:09:03,265 [Worker-3: Importing Maven projects] INFO  o.e.m.c.i.e.AbstractTransferListenerAdapter - Downloaded https://repo.maven.apache.org/maven2/io/swagger/core/v3/swagger-annotations-jakarta/2.2.25/swagger-annotations-jakarta-2.2.25.pom
2026-07-30 19:09:03,430 [Worker-3: Importing Maven projects] INFO  o.e.m.c.i.e.AbstractTransferListenerAdapter - Downloading https://repo.maven.apache.org/maven2/io/swagger/core/v3/swagger-models-jakarta/2.2.25/swagger-models-jakarta-2.2.25.pom
2026-07-30 19:09:03,456 [Worker-3: Importing Maven projects] INFO  o.e.m.c.i.e.AbstractTransferListenerAdapter - Downloaded https://repo.maven.apache.org/maven2/io/swagger/core/v3/swagger-models-jakarta/2.2.25/swagger-models-jakarta-2.2.25.pom
2026-07-30 19:09:03,740 [Worker-3: Importing Maven projects] INFO  o.e.m.c.i.e.AbstractTransferListenerAdapter - Downloading https://repo.maven.apache.org/maven2/com/fasterxml/jackson/dataformat/jackson-dataformat-yaml/2.18.2/jackson-dataformat-yaml-2.18.2.pom
2026-07-30 19:09:03,772 [Worker-3: Importing Maven projects] INFO  o.e.m.c.i.e.AbstractTransferListenerAdapter - Downloaded https://repo.maven.apache.org/maven2/com/fasterxml/jackson/dataformat/jackson-dataformat-yaml/2.18.2/jackson-dataformat-yaml-2.18.2.pom
2026-07-30 19:09:03,940 [Worker-3: Importing Maven projects] INFO  o.e.m.c.i.e.AbstractTransferListenerAdapter - Downloading https://repo.maven.apache.org/maven2/com/fasterxml/jackson/dataformat/jackson-dataformats-text/2.18.2/jackson-dataformats-text-2.18.2.pom
2026-07-30 19:09:03,967 [Worker-3: Importing Maven projects] INFO  o.e.m.c.i.e.AbstractTransferListenerAdapter - Downloaded https://repo.maven.apache.org/maven2/com/fasterxml/jackson/dataformat/jackson-dataformats-text/2.18.2/jackson-dataformats-text-2.18.2.pom
2026-07-30 19:09:04,147 [Worker-3: Importing Maven projects] INFO  o.e.m.c.i.e.AbstractTransferListenerAdapter - Downloading https://repo.maven.apache.org/maven2/org/webjars/swagger-ui/5.18.2/swagger-ui-5.18.2.pom
2026-07-30 19:09:04,183 [Worker-3: Importing Maven projects] INFO  o.e.m.c.i.e.AbstractTransferListenerAdapter - Downloaded https://repo.maven.apache.org/maven2/org/webjars/swagger-ui/5.18.2/swagger-ui-5.18.2.pom
2026-07-30 19:09:04,351 [Worker-3: Importing Maven projects] INFO  o.e.m.c.i.e.AbstractTransferListenerAdapter - Downloading https://repo.maven.apache.org/maven2/org/webjars/webjars-locator-lite/1.0.1/webjars-locator-lite-1.0.1.pom
2026-07-30 19:09:04,380 [Worker-3: Importing Maven projects] INFO  o.e.m.c.i.e.AbstractTransferListenerAdapter - Downloaded https://repo.maven.apache.org/maven2/org/webjars/webjars-locator-lite/1.0.1/webjars-locator-lite-1.0.1.pom
2026-07-30 19:09:04,556 [Worker-3: Importing Maven projects] INFO  o.e.m.c.i.e.AbstractTransferListenerAdapter - Downloading https://repo.maven.apache.org/maven2/org/springframework/boot/spring-boot-devtools/3.4.2/spring-boot-devtools-3.4.2.pom
2026-07-30 19:09:04,589 [Worker-3: Importing Maven projects] INFO  o.e.m.c.i.e.AbstractTransferListenerAdapter - Downloaded https://repo.maven.apache.org/maven2/org/springframework/boot/spring-boot-devtools/3.4.2/spring-boot-devtools-3.4.2.pom
2026-07-30 19:09:04,761 [Worker-3: Importing Maven projects] INFO  o.e.m.c.i.e.AbstractTransferListenerAdapter - Downloading https://repo.maven.apache.org/maven2/org/springframework/boot/spring-boot-starter-test/3.4.2/spring-boot-starter-test-3.4.2.pom
2026-07-30 19:09:04,789 [Worker-3: Importing Maven projects] INFO  o.e.m.c.i.e.AbstractTransferListenerAdapter - Downloaded https://repo.maven.apache.org/maven2/org/springframework/boot/spring-boot-starter-test/3.4.2/spring-boot-starter-test-3.4.2.pom
2026-07-30 19:09:04,967 [Worker-3: Importing Maven projects] INFO  o.e.m.c.i.e.AbstractTransferListenerAdapter - Downloading https://repo.maven.apache.org/maven2/org/springframework/boot/spring-boot-test/3.4.2/spring-boot-test-3.4.2.pom
2026-07-30 19:09:04,996 [Worker-3: Importing Maven projects] INFO  o.e.m.c.i.e.AbstractTransferListenerAdapter - Downloaded https://repo.maven.apache.org/maven2/org/springframework/boot/spring-boot-test/3.4.2/spring-boot-test-3.4.2.pom
2026-07-30 19:09:05,036 [Worker-3: Importing Maven projects] INFO  o.e.m.c.i.e.AbstractTransferListenerAdapter - Downloading https://repo.maven.apache.org/maven2/org/springframework/spring-test/6.2.2/spring-test-6.2.2.pom
2026-07-30 19:09:05,060 [Worker-3: Importing Maven projects] INFO  o.e.m.c.i.e.AbstractTransferListenerAdapter - Downloaded https://repo.maven.apache.org/maven2/org/springframework/spring-test/6.2.2/spring-test-6.2.2.pom
2026-07-30 19:09:05,173 [Worker-3: Importing Maven projects] INFO  o.e.m.c.i.e.AbstractTransferListenerAdapter - Downloading https://repo.maven.apache.org/maven2/org/springframework/boot/spring-boot-test-autoconfigure/3.4.2/spring-boot-test-autoconfigure-3.4.2.pom
2026-07-30 19:09:05,218 [Worker-3: Importing Maven projects] INFO  o.e.m.c.i.e.AbstractTransferListenerAdapter - Downloaded https://repo.maven.apache.org/maven2/org/springframework/boot/spring-boot-test-autoconfigure/3.4.2/spring-boot-test-autoconfigure-3.4.2.pom
2026-07-30 19:09:05,376 [Worker-3: Importing Maven projects] INFO  o.e.m.c.i.e.AbstractTransferListenerAdapter - Downloading https://repo.maven.apache.org/maven2/net/minidev/json-smart/2.5.1/json-smart-2.5.1.pom
2026-07-30 19:09:05,412 [Worker-3: Importing Maven projects] INFO  o.e.m.c.i.e.AbstractTransferListenerAdapter - Downloaded https://repo.maven.apache.org/maven2/net/minidev/json-smart/2.5.1/json-smart-2.5.1.pom
2026-07-30 19:09:05,584 [Worker-3: Importing Maven projects] INFO  o.e.m.c.i.e.AbstractTransferListenerAdapter - Downloading https://repo.maven.apache.org/maven2/net/minidev/accessors-smart/2.5.1/accessors-smart-2.5.1.pom
2026-07-30 19:09:05,624 [Worker-3: Importing Maven projects] INFO  o.e.m.c.i.e.AbstractTransferListenerAdapter - Downloaded https://repo.maven.apache.org/maven2/net/minidev/accessors-smart/2.5.1/accessors-smart-2.5.1.pom
2026-07-30 19:09:05,682 [Worker-3: Importing Maven projects] INFO  o.e.m.c.i.e.AbstractTransferListenerAdapter - Downloading https://repo.maven.apache.org/maven2/org/assertj/assertj-core/3.26.3/assertj-core-3.26.3.pom
2026-07-30 19:09:05,710 [Worker-3: Importing Maven projects] INFO  o.e.m.c.i.e.AbstractTransferListenerAdapter - Downloaded https://repo.maven.apache.org/maven2/org/assertj/assertj-core/3.26.3/assertj-core-3.26.3.pom
2026-07-30 19:09:05,891 [Worker-3: Importing Maven projects] INFO  o.e.m.c.i.e.AbstractTransferListenerAdapter - Downloading https://repo.maven.apache.org/maven2/org/hamcrest/hamcrest/2.2/hamcrest-2.2.pom
2026-07-30 19:09:05,924 [Worker-3: Importing Maven projects] INFO  o.e.m.c.i.e.AbstractTransferListenerAdapter - Downloaded https://repo.maven.apache.org/maven2/org/hamcrest/hamcrest/2.2/hamcrest-2.2.pom
2026-07-30 19:09:06,094 [Worker-3: Importing Maven projects] INFO  o.e.m.c.i.e.AbstractTransferListenerAdapter - Downloading https://repo.maven.apache.org/maven2/org/junit/jupiter/junit-jupiter/5.11.4/junit-jupiter-5.11.4.pom
2026-07-30 19:09:06,126 [Worker-3: Importing Maven projects] INFO  o.e.m.c.i.e.AbstractTransferListenerAdapter - Downloaded https://repo.maven.apache.org/maven2/org/junit/jupiter/junit-jupiter/5.11.4/junit-jupiter-5.11.4.pom
2026-07-30 19:09:06,300 [Worker-3: Importing Maven projects] INFO  o.e.m.c.i.e.AbstractTransferListenerAdapter - Downloading https://repo.maven.apache.org/maven2/org/junit/jupiter/junit-jupiter-api/5.11.4/junit-jupiter-api-5.11.4.pom
2026-07-30 19:09:06,340 [Worker-3: Importing Maven projects] INFO  o.e.m.c.i.e.AbstractTransferListenerAdapter - Downloaded https://repo.maven.apache.org/maven2/org/junit/jupiter/junit-jupiter-api/5.11.4/junit-jupiter-api-5.11.4.pom
2026-07-30 19:09:06,504 [Worker-3: Importing Maven projects] INFO  o.e.m.c.i.e.AbstractTransferListenerAdapter - Downloading https://repo.maven.apache.org/maven2/org/junit/platform/junit-platform-commons/1.11.4/junit-platform-commons-1.11.4.pom
2026-07-30 19:09:06,532 [Worker-3: Importing Maven projects] INFO  o.e.m.c.i.e.AbstractTransferListenerAdapter - Downloaded https://repo.maven.apache.org/maven2/org/junit/platform/junit-platform-commons/1.11.4/junit-platform-commons-1.11.4.pom
2026-07-30 19:09:06,706 [Worker-3: Importing Maven projects] INFO  o.e.m.c.i.e.AbstractTransferListenerAdapter - Downloading https://repo.maven.apache.org/maven2/org/junit/jupiter/junit-jupiter-params/5.11.4/junit-jupiter-params-5.11.4.pom
2026-07-30 19:09:06,742 [Worker-3: Importing Maven projects] INFO  o.e.m.c.i.e.AbstractTransferListenerAdapter - Downloaded https://repo.maven.apache.org/maven2/org/junit/jupiter/junit-jupiter-params/5.11.4/junit-jupiter-params-5.11.4.pom
2026-07-30 19:09:06,782 [Worker-3: Importing Maven projects] INFO  o.e.m.c.i.e.AbstractTransferListenerAdapter - Downloading https://repo.maven.apache.org/maven2/org/junit/jupiter/junit-jupiter-engine/5.11.4/junit-jupiter-engine-5.11.4.pom
2026-07-30 19:09:06,808 [Worker-3: Importing Maven projects] INFO  o.e.m.c.i.e.AbstractTransferListenerAdapter - Downloaded https://repo.maven.apache.org/maven2/org/junit/jupiter/junit-jupiter-engine/5.11.4/junit-jupiter-engine-5.11.4.pom
2026-07-30 19:09:06,911 [Worker-3: Importing Maven projects] INFO  o.e.m.c.i.e.AbstractTransferListenerAdapter - Downloading https://repo.maven.apache.org/maven2/org/junit/platform/junit-platform-engine/1.11.4/junit-platform-engine-1.11.4.pom
2026-07-30 19:09:06,932 [Worker-3: Importing Maven projects] INFO  o.e.m.c.i.e.AbstractTransferListenerAdapter - Downloaded https://repo.maven.apache.org/maven2/org/junit/platform/junit-platform-engine/1.11.4/junit-platform-engine-1.11.4.pom
2026-07-30 19:09:07,119 [Worker-3: Importing Maven projects] INFO  o.e.m.c.i.e.AbstractTransferListenerAdapter - Downloading https://repo.maven.apache.org/maven2/org/mockito/mockito-core/5.14.2/mockito-core-5.14.2.pom
2026-07-30 19:09:07,157 [Worker-3: Importing Maven projects] INFO  o.e.m.c.i.e.AbstractTransferListenerAdapter - Downloaded https://repo.maven.apache.org/maven2/org/mockito/mockito-core/5.14.2/mockito-core-5.14.2.pom
2026-07-30 19:09:07,320 [Worker-3: Importing Maven projects] INFO  o.e.m.c.i.e.AbstractTransferListenerAdapter - Downloading https://repo.maven.apache.org/maven2/net/bytebuddy/byte-buddy-agent/1.15.11/byte-buddy-agent-1.15.11.pom
2026-07-30 19:09:07,372 [Worker-3: Importing Maven projects] INFO  o.e.m.c.i.e.AbstractTransferListenerAdapter - Downloaded https://repo.maven.apache.org/maven2/net/bytebuddy/byte-buddy-agent/1.15.11/byte-buddy-agent-1.15.11.pom
2026-07-30 19:09:07,527 [Worker-3: Importing Maven projects] INFO  o.e.m.c.i.e.AbstractTransferListenerAdapter - Downloading https://repo.maven.apache.org/maven2/org/mockito/mockito-junit-jupiter/5.14.2/mockito-junit-jupiter-5.14.2.pom
2026-07-30 19:09:07,551 [Worker-3: Importing Maven projects] INFO  o.e.m.c.i.e.AbstractTransferListenerAdapter - Downloaded https://repo.maven.apache.org/maven2/org/mockito/mockito-junit-jupiter/5.14.2/mockito-junit-jupiter-5.14.2.pom
2026-07-30 19:09:07,733 [Worker-3: Importing Maven projects] INFO  o.e.m.c.i.e.AbstractTransferListenerAdapter - Downloading https://repo.maven.apache.org/maven2/org/xmlunit/xmlunit-core/2.10.0/xmlunit-core-2.10.0.pom
2026-07-30 19:09:07,784 [Worker-3: Importing Maven projects] INFO  o.e.m.c.i.e.AbstractTransferListenerAdapter - Downloaded https://repo.maven.apache.org/maven2/org/xmlunit/xmlunit-core/2.10.0/xmlunit-core-2.10.0.pom
2026-07-30 19:09:07,834 [Worker-3: Importing Maven projects] INFO  o.e.m.c.i.e.AbstractTransferListenerAdapter - Downloading https://repo.maven.apache.org/maven2/org/xmlunit/xmlunit-parent/2.10.0/xmlunit-parent-2.10.0.pom
2026-07-30 19:09:07,875 [Worker-3: Importing Maven projects] INFO  o.e.m.c.i.e.AbstractTransferListenerAdapter - Downloaded https://repo.maven.apache.org/maven2/org/xmlunit/xmlunit-parent/2.10.0/xmlunit-parent-2.10.0.pom
2026-07-30 19:09:08,039 [Worker-3: Importing Maven projects] INFO  o.e.m.c.i.e.AbstractTransferListenerAdapter - Downloading https://repo.maven.apache.org/maven2/org/springframework/security/spring-security-test/6.4.2/spring-security-test-6.4.2.pom
2026-07-30 19:09:08,076 [Worker-3: Importing Maven projects] INFO  o.e.m.c.i.e.AbstractTransferListenerAdapter - Downloaded https://repo.maven.apache.org/maven2/org/springframework/security/spring-security-test/6.4.2/spring-security-test-6.4.2.pom
2026-07-30 19:09:08,288 [Worker-3: Importing Maven projects] INFO  o.e.m.c.i.e.AbstractTransferListenerAdapter - Downloading https://repo.maven.apache.org/maven2/org/springframework/boot/spring-boot-starter-web/3.4.2/spring-boot-starter-web-3.4.2.jar
2026-07-30 19:09:08,341 [Worker-3: Importing Maven projects] INFO  o.e.m.c.i.e.AbstractTransferListenerAdapter - Downloaded https://repo.maven.apache.org/maven2/org/springframework/boot/spring-boot-starter-web/3.4.2/spring-boot-starter-web-3.4.2.jar
2026-07-30 19:09:08,422 [BasicRepositoryConnector-repo.maven.apache.org-0-3] INFO  o.e.m.c.i.e.AbstractTransferListenerAdapter - Downloading https://repo.maven.apache.org/maven2/ch/qos/logback/logback-core/1.5.16/logback-core-1.5.16.jar
2026-07-30 19:09:08,605 [BasicRepositoryConnector-repo.maven.apache.org-0-4] INFO  o.e.m.c.i.e.AbstractTransferListenerAdapter - Downloading https://repo.maven.apache.org/maven2/org/slf4j/jul-to-slf4j/2.0.16/jul-to-slf4j-2.0.16.jar
2026-07-30 19:09:08,614 [BasicRepositoryConnector-repo.maven.apache.org-0-1] INFO  o.e.m.c.i.e.AbstractTransferListenerAdapter - Downloading https://repo.maven.apache.org/maven2/org/springframework/boot/spring-boot-starter-logging/3.4.2/spring-boot-starter-logging-3.4.2.jar
2026-07-30 19:09:08,625 [BasicRepositoryConnector-repo.maven.apache.org-0-2] INFO  o.e.m.c.i.e.AbstractTransferListenerAdapter - Downloading https://repo.maven.apache.org/maven2/ch/qos/logback/logback-classic/1.5.16/logback-classic-1.5.16.jar
2026-07-30 19:09:08,632 [BasicRepositoryConnector-repo.maven.apache.org-0-0] INFO  o.e.m.c.i.e.AbstractTransferListenerAdapter - Downloading https://repo.maven.apache.org/maven2/org/springframework/boot/spring-boot-starter/3.4.2/spring-boot-starter-3.4.2.jar
2026-07-30 19:09:08,638 [BasicRepositoryConnector-repo.maven.apache.org-0-3] INFO  o.e.m.c.i.e.AbstractTransferListenerAdapter - Downloaded https://repo.maven.apache.org/maven2/ch/qos/logback/logback-core/1.5.16/logback-core-1.5.16.jar
2026-07-30 19:09:08,673 [BasicRepositoryConnector-repo.maven.apache.org-0-3] INFO  o.e.m.c.i.e.AbstractTransferListenerAdapter - Downloading https://repo.maven.apache.org/maven2/org/yaml/snakeyaml/2.3/snakeyaml-2.3.jar
2026-07-30 19:09:08,713 [BasicRepositoryConnector-repo.maven.apache.org-0-1] INFO  o.e.m.c.i.e.AbstractTransferListenerAdapter - Downloaded https://repo.maven.apache.org/maven2/org/springframework/boot/spring-boot-starter-logging/3.4.2/spring-boot-starter-logging-3.4.2.jar
2026-07-30 19:09:08,731 [BasicRepositoryConnector-repo.maven.apache.org-0-0] INFO  o.e.m.c.i.e.AbstractTransferListenerAdapter - Downloaded https://repo.maven.apache.org/maven2/org/springframework/boot/spring-boot-starter/3.4.2/spring-boot-starter-3.4.2.jar
2026-07-30 19:09:08,731 [BasicRepositoryConnector-repo.maven.apache.org-0-2] INFO  o.e.m.c.i.e.AbstractTransferListenerAdapter - Downloaded https://repo.maven.apache.org/maven2/ch/qos/logback/logback-classic/1.5.16/logback-classic-1.5.16.jar
2026-07-30 19:09:08,772 [BasicRepositoryConnector-repo.maven.apache.org-0-4] INFO  o.e.m.c.i.e.AbstractTransferListenerAdapter - Downloaded https://repo.maven.apache.org/maven2/org/slf4j/jul-to-slf4j/2.0.16/jul-to-slf4j-2.0.16.jar
2026-07-30 19:09:08,960 [BasicRepositoryConnector-repo.maven.apache.org-0-4] INFO  o.e.m.c.i.e.AbstractTransferListenerAdapter - Downloading https://repo.maven.apache.org/maven2/com/fasterxml/jackson/module/jackson-module-parameter-names/2.18.2/jackson-module-parameter-names-2.18.2.jar
2026-07-30 19:09:08,985 [BasicRepositoryConnector-repo.maven.apache.org-0-0] INFO  o.e.m.c.i.e.AbstractTransferListenerAdapter - Downloading https://repo.maven.apache.org/maven2/com/fasterxml/jackson/datatype/jackson-datatype-jdk8/2.18.2/jackson-datatype-jdk8-2.18.2.jar
2026-07-30 19:09:09,040 [BasicRepositoryConnector-repo.maven.apache.org-0-3] INFO  o.e.m.c.i.e.AbstractTransferListenerAdapter - Downloaded https://repo.maven.apache.org/maven2/org/yaml/snakeyaml/2.3/snakeyaml-2.3.jar
2026-07-30 19:09:09,082 [BasicRepositoryConnector-repo.maven.apache.org-0-3] INFO  o.e.m.c.i.e.AbstractTransferListenerAdapter - Downloading https://repo.maven.apache.org/maven2/org/springframework/boot/spring-boot-starter-tomcat/3.4.2/spring-boot-starter-tomcat-3.4.2.jar
2026-07-30 19:09:09,085 [BasicRepositoryConnector-repo.maven.apache.org-0-1] INFO  o.e.m.c.i.e.AbstractTransferListenerAdapter - Downloading https://repo.maven.apache.org/maven2/org/springframework/boot/spring-boot-starter-json/3.4.2/spring-boot-starter-json-3.4.2.jar
2026-07-30 19:09:09,146 [BasicRepositoryConnector-repo.maven.apache.org-0-3] INFO  o.e.m.c.i.e.AbstractTransferListenerAdapter - Downloaded https://repo.maven.apache.org/maven2/org/springframework/boot/spring-boot-starter-tomcat/3.4.2/spring-boot-starter-tomcat-3.4.2.jar
2026-07-30 19:09:09,161 [BasicRepositoryConnector-repo.maven.apache.org-0-2] INFO  o.e.m.c.i.e.AbstractTransferListenerAdapter - Downloading https://repo.maven.apache.org/maven2/com/fasterxml/jackson/datatype/jackson-datatype-jsr310/2.18.2/jackson-datatype-jsr310-2.18.2.jar
2026-07-30 19:09:09,171 [BasicRepositoryConnector-repo.maven.apache.org-0-1] INFO  o.e.m.c.i.e.AbstractTransferListenerAdapter - Downloaded https://repo.maven.apache.org/maven2/org/springframework/boot/spring-boot-starter-json/3.4.2/spring-boot-starter-json-3.4.2.jar
2026-07-30 19:09:09,180 [BasicRepositoryConnector-repo.maven.apache.org-0-3] INFO  o.e.m.c.i.e.AbstractTransferListenerAdapter - Downloading https://repo.maven.apache.org/maven2/org/apache/tomcat/embed/tomcat-embed-core/10.1.34/tomcat-embed-core-10.1.34.jar
2026-07-30 19:09:09,226 [BasicRepositoryConnector-repo.maven.apache.org-0-1] INFO  o.e.m.c.i.e.AbstractTransferListenerAdapter - Downloading https://repo.maven.apache.org/maven2/org/apache/tomcat/embed/tomcat-embed-websocket/10.1.34/tomcat-embed-websocket-10.1.34.jar
2026-07-30 19:09:09,233 [BasicRepositoryConnector-repo.maven.apache.org-0-2] INFO  o.e.m.c.i.e.AbstractTransferListenerAdapter - Downloaded https://repo.maven.apache.org/maven2/com/fasterxml/jackson/datatype/jackson-datatype-jsr310/2.18.2/jackson-datatype-jsr310-2.18.2.jar
2026-07-30 19:09:09,268 [BasicRepositoryConnector-repo.maven.apache.org-0-4] INFO  o.e.m.c.i.e.AbstractTransferListenerAdapter - Downloaded https://repo.maven.apache.org/maven2/com/fasterxml/jackson/module/jackson-module-parameter-names/2.18.2/jackson-module-parameter-names-2.18.2.jar
2026-07-30 19:09:09,269 [BasicRepositoryConnector-repo.maven.apache.org-0-2] INFO  o.e.m.c.i.e.AbstractTransferListenerAdapter - Downloading https://repo.maven.apache.org/maven2/org/springframework/spring-web/6.2.2/spring-web-6.2.2.jar
2026-07-30 19:09:09,306 [BasicRepositoryConnector-repo.maven.apache.org-0-4] INFO  o.e.m.c.i.e.AbstractTransferListenerAdapter - Downloading https://repo.maven.apache.org/maven2/org/springframework/spring-beans/6.2.2/spring-beans-6.2.2.jar
2026-07-30 19:09:09,320 [BasicRepositoryConnector-repo.maven.apache.org-0-1] INFO  o.e.m.c.i.e.AbstractTransferListenerAdapter - Downloaded https://repo.maven.apache.org/maven2/org/apache/tomcat/embed/tomcat-embed-websocket/10.1.34/tomcat-embed-websocket-10.1.34.jar
2026-07-30 19:09:09,350 [BasicRepositoryConnector-repo.maven.apache.org-0-1] INFO  o.e.m.c.i.e.AbstractTransferListenerAdapter - Downloading https://repo.maven.apache.org/maven2/org/springframework/spring-webmvc/6.2.2/spring-webmvc-6.2.2.jar
2026-07-30 19:09:09,386 [BasicRepositoryConnector-repo.maven.apache.org-0-3] INFO  o.e.m.c.i.e.AbstractTransferListenerAdapter - Downloaded https://repo.maven.apache.org/maven2/org/apache/tomcat/embed/tomcat-embed-core/10.1.34/tomcat-embed-core-10.1.34.jar
2026-07-30 19:09:09,394 [BasicRepositoryConnector-repo.maven.apache.org-0-2] INFO  o.e.m.c.i.e.AbstractTransferListenerAdapter - Downloaded https://repo.maven.apache.org/maven2/org/springframework/spring-web/6.2.2/spring-web-6.2.2.jar
2026-07-30 19:09:09,411 [BasicRepositoryConnector-repo.maven.apache.org-0-3] INFO  o.e.m.c.i.e.AbstractTransferListenerAdapter - Downloading https://repo.maven.apache.org/maven2/org/springframework/spring-context/6.2.2/spring-context-6.2.2.jar
2026-07-30 19:09:09,425 [BasicRepositoryConnector-repo.maven.apache.org-0-1] INFO  o.e.m.c.i.e.AbstractTransferListenerAdapter - Downloaded https://repo.maven.apache.org/maven2/org/springframework/spring-webmvc/6.2.2/spring-webmvc-6.2.2.jar
2026-07-30 19:09:09,439 [BasicRepositoryConnector-repo.maven.apache.org-0-2] INFO  o.e.m.c.i.e.AbstractTransferListenerAdapter - Downloading https://repo.maven.apache.org/maven2/org/springframework/spring-expression/6.2.2/spring-expression-6.2.2.jar
2026-07-30 19:09:09,455 [BasicRepositoryConnector-repo.maven.apache.org-0-1] INFO  o.e.m.c.i.e.AbstractTransferListenerAdapter - Downloading https://repo.maven.apache.org/maven2/org/springframework/boot/spring-boot-starter-data-jpa/3.4.2/spring-boot-starter-data-jpa-3.4.2.jar
2026-07-30 19:09:09,521 [BasicRepositoryConnector-repo.maven.apache.org-0-2] INFO  o.e.m.c.i.e.AbstractTransferListenerAdapter - Downloaded https://repo.maven.apache.org/maven2/org/springframework/spring-expression/6.2.2/spring-expression-6.2.2.jar
2026-07-30 19:09:09,527 [BasicRepositoryConnector-repo.maven.apache.org-0-3] INFO  o.e.m.c.i.e.AbstractTransferListenerAdapter - Downloaded https://repo.maven.apache.org/maven2/org/springframework/spring-context/6.2.2/spring-context-6.2.2.jar
2026-07-30 19:09:09,572 [BasicRepositoryConnector-repo.maven.apache.org-0-4] INFO  o.e.m.c.i.e.AbstractTransferListenerAdapter - Downloaded https://repo.maven.apache.org/maven2/org/springframework/spring-beans/6.2.2/spring-beans-6.2.2.jar
2026-07-30 19:09:09,575 [BasicRepositoryConnector-repo.maven.apache.org-0-2] INFO  o.e.m.c.i.e.AbstractTransferListenerAdapter - Downloading https://repo.maven.apache.org/maven2/org/springframework/boot/spring-boot-starter-jdbc/3.4.2/spring-boot-starter-jdbc-3.4.2.jar
2026-07-30 19:09:09,575 [BasicRepositoryConnector-repo.maven.apache.org-0-3] INFO  o.e.m.c.i.e.AbstractTransferListenerAdapter - Downloading https://repo.maven.apache.org/maven2/com/zaxxer/HikariCP/5.1.0/HikariCP-5.1.0.jar
2026-07-30 19:09:09,598 [BasicRepositoryConnector-repo.maven.apache.org-0-1] INFO  o.e.m.c.i.e.AbstractTransferListenerAdapter - Downloaded https://repo.maven.apache.org/maven2/org/springframework/boot/spring-boot-starter-data-jpa/3.4.2/spring-boot-starter-data-jpa-3.4.2.jar
2026-07-30 19:09:09,603 [BasicRepositoryConnector-repo.maven.apache.org-0-4] INFO  o.e.m.c.i.e.AbstractTransferListenerAdapter - Downloading https://repo.maven.apache.org/maven2/org/springframework/spring-jdbc/6.2.2/spring-jdbc-6.2.2.jar
2026-07-30 19:09:09,645 [BasicRepositoryConnector-repo.maven.apache.org-0-1] INFO  o.e.m.c.i.e.AbstractTransferListenerAdapter - Downloading https://repo.maven.apache.org/maven2/org/hibernate/orm/hibernate-core/6.6.5.Final/hibernate-core-6.6.5.Final.jar
2026-07-30 19:09:09,653 [BasicRepositoryConnector-repo.maven.apache.org-0-3] INFO  o.e.m.c.i.e.AbstractTransferListenerAdapter - Downloaded https://repo.maven.apache.org/maven2/com/zaxxer/HikariCP/5.1.0/HikariCP-5.1.0.jar
2026-07-30 19:09:09,695 [BasicRepositoryConnector-repo.maven.apache.org-0-3] INFO  o.e.m.c.i.e.AbstractTransferListenerAdapter - Downloading https://repo.maven.apache.org/maven2/net/bytebuddy/byte-buddy/1.15.11/byte-buddy-1.15.11.jar
2026-07-30 19:09:09,755 [BasicRepositoryConnector-repo.maven.apache.org-0-2] INFO  o.e.m.c.i.e.AbstractTransferListenerAdapter - Downloaded https://repo.maven.apache.org/maven2/org/springframework/boot/spring-boot-starter-jdbc/3.4.2/spring-boot-starter-jdbc-3.4.2.jar
2026-07-30 19:09:09,759 [BasicRepositoryConnector-repo.maven.apache.org-0-4] INFO  o.e.m.c.i.e.AbstractTransferListenerAdapter - Downloaded https://repo.maven.apache.org/maven2/org/springframework/spring-jdbc/6.2.2/spring-jdbc-6.2.2.jar
2026-07-30 19:09:09,796 [BasicRepositoryConnector-repo.maven.apache.org-0-0] INFO  o.e.m.c.i.e.AbstractTransferListenerAdapter - Downloaded https://repo.maven.apache.org/maven2/com/fasterxml/jackson/datatype/jackson-datatype-jdk8/2.18.2/jackson-datatype-jdk8-2.18.2.jar
2026-07-30 19:09:09,809 [BasicRepositoryConnector-repo.maven.apache.org-0-4] INFO  o.e.m.c.i.e.AbstractTransferListenerAdapter - Downloading https://repo.maven.apache.org/maven2/org/springframework/data/spring-data-jpa/3.4.2/spring-data-jpa-3.4.2.jar
2026-07-30 19:09:09,824 [BasicRepositoryConnector-repo.maven.apache.org-0-2] INFO  o.e.m.c.i.e.AbstractTransferListenerAdapter - Downloading https://repo.maven.apache.org/maven2/org/antlr/antlr4-runtime/4.13.0/antlr4-runtime-4.13.0.jar
2026-07-30 19:09:09,861 [BasicRepositoryConnector-repo.maven.apache.org-0-0] INFO  o.e.m.c.i.e.AbstractTransferListenerAdapter - Downloading https://repo.maven.apache.org/maven2/org/springframework/data/spring-data-commons/3.4.2/spring-data-commons-3.4.2.jar
2026-07-30 19:09:09,951 [BasicRepositoryConnector-repo.maven.apache.org-0-2] INFO  o.e.m.c.i.e.AbstractTransferListenerAdapter - Downloaded https://repo.maven.apache.org/maven2/org/antlr/antlr4-runtime/4.13.0/antlr4-runtime-4.13.0.jar
2026-07-30 19:09:09,969 [BasicRepositoryConnector-repo.maven.apache.org-0-4] INFO  o.e.m.c.i.e.AbstractTransferListenerAdapter - Downloaded https://repo.maven.apache.org/maven2/org/springframework/data/spring-data-jpa/3.4.2/spring-data-jpa-3.4.2.jar
2026-07-30 19:09:09,987 [BasicRepositoryConnector-repo.maven.apache.org-0-2] INFO  o.e.m.c.i.e.AbstractTransferListenerAdapter - Downloading https://repo.maven.apache.org/maven2/org/springframework/spring-orm/6.2.2/spring-orm-6.2.2.jar
2026-07-30 19:09:10,006 [BasicRepositoryConnector-repo.maven.apache.org-0-4] INFO  o.e.m.c.i.e.AbstractTransferListenerAdapter - Downloading https://repo.maven.apache.org/maven2/org/springframework/spring-tx/6.2.2/spring-tx-6.2.2.jar
2026-07-30 19:09:10,009 [BasicRepositoryConnector-repo.maven.apache.org-0-0] INFO  o.e.m.c.i.e.AbstractTransferListenerAdapter - Downloaded https://repo.maven.apache.org/maven2/org/springframework/data/spring-data-commons/3.4.2/spring-data-commons-3.4.2.jar
2026-07-30 19:09:10,039 [BasicRepositoryConnector-repo.maven.apache.org-0-0] INFO  o.e.m.c.i.e.AbstractTransferListenerAdapter - Downloading https://repo.maven.apache.org/maven2/org/slf4j/slf4j-api/2.0.16/slf4j-api-2.0.16.jar
2026-07-30 19:09:10,075 [BasicRepositoryConnector-repo.maven.apache.org-0-2] INFO  o.e.m.c.i.e.AbstractTransferListenerAdapter - Downloaded https://repo.maven.apache.org/maven2/org/springframework/spring-orm/6.2.2/spring-orm-6.2.2.jar
2026-07-30 19:09:10,084 [BasicRepositoryConnector-repo.maven.apache.org-0-4] INFO  o.e.m.c.i.e.AbstractTransferListenerAdapter - Downloaded https://repo.maven.apache.org/maven2/org/springframework/spring-tx/6.2.2/spring-tx-6.2.2.jar
2026-07-30 19:09:10,105 [BasicRepositoryConnector-repo.maven.apache.org-0-2] INFO  o.e.m.c.i.e.AbstractTransferListenerAdapter - Downloading https://repo.maven.apache.org/maven2/org/springframework/spring-aspects/6.2.2/spring-aspects-6.2.2.jar
2026-07-30 19:09:10,109 [BasicRepositoryConnector-repo.maven.apache.org-0-0] INFO  o.e.m.c.i.e.AbstractTransferListenerAdapter - Downloaded https://repo.maven.apache.org/maven2/org/slf4j/slf4j-api/2.0.16/slf4j-api-2.0.16.jar
2026-07-30 19:09:10,114 [BasicRepositoryConnector-repo.maven.apache.org-0-4] INFO  o.e.m.c.i.e.AbstractTransferListenerAdapter - Downloading https://repo.maven.apache.org/maven2/org/aspectj/aspectjweaver/1.9.22.1/aspectjweaver-1.9.22.1.jar
2026-07-30 19:09:10,133 [BasicRepositoryConnector-repo.maven.apache.org-0-1] INFO  o.e.m.c.i.e.AbstractTransferListenerAdapter - Downloaded https://repo.maven.apache.org/maven2/org/hibernate/orm/hibernate-core/6.6.5.Final/hibernate-core-6.6.5.Final.jar
2026-07-30 19:09:10,143 [BasicRepositoryConnector-repo.maven.apache.org-0-0] INFO  o.e.m.c.i.e.AbstractTransferListenerAdapter - Downloading https://repo.maven.apache.org/maven2/org/springframework/boot/spring-boot-starter-security/3.4.2/spring-boot-starter-security-3.4.2.jar
2026-07-30 19:09:10,184 [BasicRepositoryConnector-repo.maven.apache.org-0-1] INFO  o.e.m.c.i.e.AbstractTransferListenerAdapter - Downloading https://repo.maven.apache.org/maven2/org/springframework/spring-aop/6.2.2/spring-aop-6.2.2.jar
2026-07-30 19:09:10,242 [BasicRepositoryConnector-repo.maven.apache.org-0-0] INFO  o.e.m.c.i.e.AbstractTransferListenerAdapter - Downloaded https://repo.maven.apache.org/maven2/org/springframework/boot/spring-boot-starter-security/3.4.2/spring-boot-starter-security-3.4.2.jar
2026-07-30 19:09:10,251 [BasicRepositoryConnector-repo.maven.apache.org-0-4] INFO  o.e.m.c.i.e.AbstractTransferListenerAdapter - Downloaded https://repo.maven.apache.org/maven2/org/aspectj/aspectjweaver/1.9.22.1/aspectjweaver-1.9.22.1.jar
2026-07-30 19:09:10,283 [BasicRepositoryConnector-repo.maven.apache.org-0-0] INFO  o.e.m.c.i.e.AbstractTransferListenerAdapter - Downloading https://repo.maven.apache.org/maven2/org/springframework/security/spring-security-config/6.4.2/spring-security-config-6.4.2.jar
2026-07-30 19:09:10,283 [BasicRepositoryConnector-repo.maven.apache.org-0-4] INFO  o.e.m.c.i.e.AbstractTransferListenerAdapter - Downloading https://repo.maven.apache.org/maven2/org/springframework/security/spring-security-web/6.4.2/spring-security-web-6.4.2.jar
2026-07-30 19:09:10,299 [BasicRepositoryConnector-repo.maven.apache.org-0-1] INFO  o.e.m.c.i.e.AbstractTransferListenerAdapter - Downloaded https://repo.maven.apache.org/maven2/org/springframework/spring-aop/6.2.2/spring-aop-6.2.2.jar
2026-07-30 19:09:10,353 [BasicRepositoryConnector-repo.maven.apache.org-0-1] INFO  o.e.m.c.i.e.AbstractTransferListenerAdapter - Downloading https://repo.maven.apache.org/maven2/org/springframework/boot/spring-boot-starter-validation/3.4.2/spring-boot-starter-validation-3.4.2.jar
2026-07-30 19:09:10,414 [BasicRepositoryConnector-repo.maven.apache.org-0-4] INFO  o.e.m.c.i.e.AbstractTransferListenerAdapter - Downloaded https://repo.maven.apache.org/maven2/org/springframework/security/spring-security-web/6.4.2/spring-security-web-6.4.2.jar
2026-07-30 19:09:10,450 [BasicRepositoryConnector-repo.maven.apache.org-0-4] INFO  o.e.m.c.i.e.AbstractTransferListenerAdapter - Downloading https://repo.maven.apache.org/maven2/org/apache/tomcat/embed/tomcat-embed-el/10.1.34/tomcat-embed-el-10.1.34.jar
2026-07-30 19:09:10,529 [BasicRepositoryConnector-repo.maven.apache.org-0-1] INFO  o.e.m.c.i.e.AbstractTransferListenerAdapter - Downloaded https://repo.maven.apache.org/maven2/org/springframework/boot/spring-boot-starter-validation/3.4.2/spring-boot-starter-validation-3.4.2.jar
2026-07-30 19:09:10,575 [BasicRepositoryConnector-repo.maven.apache.org-0-1] INFO  o.e.m.c.i.e.AbstractTransferListenerAdapter - Downloading https://repo.maven.apache.org/maven2/org/hibernate/validator/hibernate-validator/8.0.2.Final/hibernate-validator-8.0.2.Final.jar
2026-07-30 19:09:10,577 [BasicRepositoryConnector-repo.maven.apache.org-0-4] INFO  o.e.m.c.i.e.AbstractTransferListenerAdapter - Downloaded https://repo.maven.apache.org/maven2/org/apache/tomcat/embed/tomcat-embed-el/10.1.34/tomcat-embed-el-10.1.34.jar
2026-07-30 19:09:10,620 [BasicRepositoryConnector-repo.maven.apache.org-0-4] INFO  o.e.m.c.i.e.AbstractTransferListenerAdapter - Downloading https://repo.maven.apache.org/maven2/org/springframework/boot/spring-boot-starter-actuator/3.4.2/spring-boot-starter-actuator-3.4.2.jar
2026-07-30 19:09:10,670 [BasicRepositoryConnector-repo.maven.apache.org-0-0] INFO  o.e.m.c.i.e.AbstractTransferListenerAdapter - Downloaded https://repo.maven.apache.org/maven2/org/springframework/security/spring-security-config/6.4.2/spring-security-config-6.4.2.jar
2026-07-30 19:09:10,709 [BasicRepositoryConnector-repo.maven.apache.org-0-0] INFO  o.e.m.c.i.e.AbstractTransferListenerAdapter - Downloading https://repo.maven.apache.org/maven2/org/springframework/boot/spring-boot-actuator-autoconfigure/3.4.2/spring-boot-actuator-autoconfigure-3.4.2.jar
2026-07-30 19:09:10,737 [BasicRepositoryConnector-repo.maven.apache.org-0-1] INFO  o.e.m.c.i.e.AbstractTransferListenerAdapter - Downloaded https://repo.maven.apache.org/maven2/org/hibernate/validator/hibernate-validator/8.0.2.Final/hibernate-validator-8.0.2.Final.jar
2026-07-30 19:09:10,755 [BasicRepositoryConnector-repo.maven.apache.org-0-3] INFO  o.e.m.c.i.e.AbstractTransferListenerAdapter - Downloaded https://repo.maven.apache.org/maven2/net/bytebuddy/byte-buddy/1.15.11/byte-buddy-1.15.11.jar
2026-07-30 19:09:10,767 [BasicRepositoryConnector-repo.maven.apache.org-0-1] INFO  o.e.m.c.i.e.AbstractTransferListenerAdapter - Downloading https://repo.maven.apache.org/maven2/org/springframework/boot/spring-boot-actuator/3.4.2/spring-boot-actuator-3.4.2.jar
2026-07-30 19:09:10,787 [BasicRepositoryConnector-repo.maven.apache.org-0-4] INFO  o.e.m.c.i.e.AbstractTransferListenerAdapter - Downloaded https://repo.maven.apache.org/maven2/org/springframework/boot/spring-boot-starter-actuator/3.4.2/spring-boot-starter-actuator-3.4.2.jar
2026-07-30 19:09:10,796 [BasicRepositoryConnector-repo.maven.apache.org-0-3] INFO  o.e.m.c.i.e.AbstractTransferListenerAdapter - Downloading https://repo.maven.apache.org/maven2/io/micrometer/micrometer-observation/1.14.3/micrometer-observation-1.14.3.jar
2026-07-30 19:09:10,813 [BasicRepositoryConnector-repo.maven.apache.org-0-0] INFO  o.e.m.c.i.e.AbstractTransferListenerAdapter - Downloaded https://repo.maven.apache.org/maven2/org/springframework/boot/spring-boot-actuator-autoconfigure/3.4.2/spring-boot-actuator-autoconfigure-3.4.2.jar
2026-07-30 19:09:10,819 [BasicRepositoryConnector-repo.maven.apache.org-0-4] INFO  o.e.m.c.i.e.AbstractTransferListenerAdapter - Downloading https://repo.maven.apache.org/maven2/io/micrometer/micrometer-commons/1.14.3/micrometer-commons-1.14.3.jar
2026-07-30 19:09:10,852 [BasicRepositoryConnector-repo.maven.apache.org-0-0] INFO  o.e.m.c.i.e.AbstractTransferListenerAdapter - Downloading https://repo.maven.apache.org/maven2/io/micrometer/micrometer-jakarta9/1.14.3/micrometer-jakarta9-1.14.3.jar
2026-07-30 19:09:10,877 [BasicRepositoryConnector-repo.maven.apache.org-0-3] INFO  o.e.m.c.i.e.AbstractTransferListenerAdapter - Downloaded https://repo.maven.apache.org/maven2/io/micrometer/micrometer-observation/1.14.3/micrometer-observation-1.14.3.jar
2026-07-30 19:09:10,879 [BasicRepositoryConnector-repo.maven.apache.org-0-1] INFO  o.e.m.c.i.e.AbstractTransferListenerAdapter - Downloaded https://repo.maven.apache.org/maven2/org/springframework/boot/spring-boot-actuator/3.4.2/spring-boot-actuator-3.4.2.jar
2026-07-30 19:09:10,915 [BasicRepositoryConnector-repo.maven.apache.org-0-3] INFO  o.e.m.c.i.e.AbstractTransferListenerAdapter - Downloading https://repo.maven.apache.org/maven2/io/micrometer/micrometer-core/1.14.3/micrometer-core-1.14.3.jar
2026-07-30 19:09:10,916 [BasicRepositoryConnector-repo.maven.apache.org-0-1] INFO  o.e.m.c.i.e.AbstractTransferListenerAdapter - Downloading https://repo.maven.apache.org/maven2/com/mysql/mysql-connector-j/9.1.0/mysql-connector-j-9.1.0.jar
2026-07-30 19:09:11,037 [BasicRepositoryConnector-repo.maven.apache.org-0-3] INFO  o.e.m.c.i.e.AbstractTransferListenerAdapter - Downloaded https://repo.maven.apache.org/maven2/io/micrometer/micrometer-core/1.14.3/micrometer-core-1.14.3.jar
2026-07-30 19:09:11,072 [BasicRepositoryConnector-repo.maven.apache.org-0-3] INFO  o.e.m.c.i.e.AbstractTransferListenerAdapter - Downloading https://repo.maven.apache.org/maven2/org/projectlombok/lombok/1.18.36/lombok-1.18.36.jar
2026-07-30 19:09:11,092 [BasicRepositoryConnector-repo.maven.apache.org-0-1] INFO  o.e.m.c.i.e.AbstractTransferListenerAdapter - Downloaded https://repo.maven.apache.org/maven2/com/mysql/mysql-connector-j/9.1.0/mysql-connector-j-9.1.0.jar
2026-07-30 19:09:11,141 [BasicRepositoryConnector-repo.maven.apache.org-0-1] INFO  o.e.m.c.i.e.AbstractTransferListenerAdapter - Downloading https://repo.maven.apache.org/maven2/io/jsonwebtoken/jjwt-api/0.12.6/jjwt-api-0.12.6.jar
2026-07-30 19:09:11,210 [BasicRepositoryConnector-repo.maven.apache.org-0-1] INFO  o.e.m.c.i.e.AbstractTransferListenerAdapter - Downloaded https://repo.maven.apache.org/maven2/io/jsonwebtoken/jjwt-api/0.12.6/jjwt-api-0.12.6.jar
2026-07-30 19:09:11,213 [BasicRepositoryConnector-repo.maven.apache.org-0-3] INFO  o.e.m.c.i.e.AbstractTransferListenerAdapter - Downloaded https://repo.maven.apache.org/maven2/org/projectlombok/lombok/1.18.36/lombok-1.18.36.jar
2026-07-30 19:09:11,241 [BasicRepositoryConnector-repo.maven.apache.org-0-3] INFO  o.e.m.c.i.e.AbstractTransferListenerAdapter - Downloading https://repo.maven.apache.org/maven2/io/jsonwebtoken/jjwt-jackson/0.12.6/jjwt-jackson-0.12.6.jar
2026-07-30 19:09:11,249 [BasicRepositoryConnector-repo.maven.apache.org-0-1] INFO  o.e.m.c.i.e.AbstractTransferListenerAdapter - Downloading https://repo.maven.apache.org/maven2/io/jsonwebtoken/jjwt-impl/0.12.6/jjwt-impl-0.12.6.jar
2026-07-30 19:09:11,310 [BasicRepositoryConnector-repo.maven.apache.org-0-1] INFO  o.e.m.c.i.e.AbstractTransferListenerAdapter - Downloaded https://repo.maven.apache.org/maven2/io/jsonwebtoken/jjwt-impl/0.12.6/jjwt-impl-0.12.6.jar
2026-07-30 19:09:11,339 [BasicRepositoryConnector-repo.maven.apache.org-0-1] INFO  o.e.m.c.i.e.AbstractTransferListenerAdapter - Downloading https://repo.maven.apache.org/maven2/com/fasterxml/jackson/core/jackson-databind/2.18.2/jackson-databind-2.18.2.jar
2026-07-30 19:09:11,410 [BasicRepositoryConnector-repo.maven.apache.org-0-2] INFO  o.e.m.c.i.e.AbstractTransferListenerAdapter - Downloaded https://repo.maven.apache.org/maven2/org/springframework/spring-aspects/6.2.2/spring-aspects-6.2.2.jar
2026-07-30 19:09:11,446 [BasicRepositoryConnector-repo.maven.apache.org-0-2] INFO  o.e.m.c.i.e.AbstractTransferListenerAdapter - Downloading https://repo.maven.apache.org/maven2/com/fasterxml/jackson/core/jackson-annotations/2.18.2/jackson-annotations-2.18.2.jar
2026-07-30 19:09:11,498 [BasicRepositoryConnector-repo.maven.apache.org-0-1] INFO  o.e.m.c.i.e.AbstractTransferListenerAdapter - Downloaded https://repo.maven.apache.org/maven2/com/fasterxml/jackson/core/jackson-databind/2.18.2/jackson-databind-2.18.2.jar
2026-07-30 19:09:11,514 [BasicRepositoryConnector-repo.maven.apache.org-0-2] INFO  o.e.m.c.i.e.AbstractTransferListenerAdapter - Downloaded https://repo.maven.apache.org/maven2/com/fasterxml/jackson/core/jackson-annotations/2.18.2/jackson-annotations-2.18.2.jar
2026-07-30 19:09:11,531 [BasicRepositoryConnector-repo.maven.apache.org-0-1] INFO  o.e.m.c.i.e.AbstractTransferListenerAdapter - Downloading https://repo.maven.apache.org/maven2/com/fasterxml/jackson/core/jackson-core/2.18.2/jackson-core-2.18.2.jar
2026-07-30 19:09:11,557 [BasicRepositoryConnector-repo.maven.apache.org-0-2] INFO  o.e.m.c.i.e.AbstractTransferListenerAdapter - Downloading https://repo.maven.apache.org/maven2/org/modelmapper/modelmapper/3.2.2/modelmapper-3.2.2.jar
2026-07-30 19:09:11,607 [BasicRepositoryConnector-repo.maven.apache.org-0-1] INFO  o.e.m.c.i.e.AbstractTransferListenerAdapter - Downloaded https://repo.maven.apache.org/maven2/com/fasterxml/jackson/core/jackson-core/2.18.2/jackson-core-2.18.2.jar
2026-07-30 19:09:11,622 [BasicRepositoryConnector-repo.maven.apache.org-0-3] INFO  o.e.m.c.i.e.AbstractTransferListenerAdapter - Downloaded https://repo.maven.apache.org/maven2/io/jsonwebtoken/jjwt-jackson/0.12.6/jjwt-jackson-0.12.6.jar
2026-07-30 19:09:11,645 [BasicRepositoryConnector-repo.maven.apache.org-0-1] INFO  o.e.m.c.i.e.AbstractTransferListenerAdapter - Downloading https://repo.maven.apache.org/maven2/org/springdoc/springdoc-openapi-starter-webmvc-ui/2.7.0/springdoc-openapi-starter-webmvc-ui-2.7.0.jar
2026-07-30 19:09:11,661 [BasicRepositoryConnector-repo.maven.apache.org-0-3] INFO  o.e.m.c.i.e.AbstractTransferListenerAdapter - Downloading https://repo.maven.apache.org/maven2/org/springdoc/springdoc-openapi-starter-webmvc-api/2.7.0/springdoc-openapi-starter-webmvc-api-2.7.0.jar
2026-07-30 19:09:12,003 [BasicRepositoryConnector-repo.maven.apache.org-0-2] INFO  o.e.m.c.i.e.AbstractTransferListenerAdapter - Downloaded https://repo.maven.apache.org/maven2/org/modelmapper/modelmapper/3.2.2/modelmapper-3.2.2.jar
2026-07-30 19:09:12,072 [BasicRepositoryConnector-repo.maven.apache.org-0-2] INFO  o.e.m.c.i.e.AbstractTransferListenerAdapter - Downloading https://repo.maven.apache.org/maven2/org/springdoc/springdoc-openapi-starter-common/2.7.0/springdoc-openapi-starter-common-2.7.0.jar
2026-07-30 19:09:12,098 [BasicRepositoryConnector-repo.maven.apache.org-0-0] INFO  o.e.m.c.i.e.AbstractTransferListenerAdapter - Downloaded https://repo.maven.apache.org/maven2/io/micrometer/micrometer-jakarta9/1.14.3/micrometer-jakarta9-1.14.3.jar
2026-07-30 19:09:12,141 [BasicRepositoryConnector-repo.maven.apache.org-0-2] INFO  o.e.m.c.i.e.AbstractTransferListenerAdapter - Downloaded https://repo.maven.apache.org/maven2/org/springdoc/springdoc-openapi-starter-common/2.7.0/springdoc-openapi-starter-common-2.7.0.jar
2026-07-30 19:09:12,153 [BasicRepositoryConnector-repo.maven.apache.org-0-0] INFO  o.e.m.c.i.e.AbstractTransferListenerAdapter - Downloading https://repo.maven.apache.org/maven2/io/swagger/core/v3/swagger-core-jakarta/2.2.25/swagger-core-jakarta-2.2.25.jar
2026-07-30 19:09:12,164 [BasicRepositoryConnector-repo.maven.apache.org-0-2] INFO  o.e.m.c.i.e.AbstractTransferListenerAdapter - Downloading https://repo.maven.apache.org/maven2/io/swagger/core/v3/swagger-annotations-jakarta/2.2.25/swagger-annotations-jakarta-2.2.25.jar
2026-07-30 19:09:12,214 [BasicRepositoryConnector-repo.maven.apache.org-0-0] INFO  o.e.m.c.i.e.AbstractTransferListenerAdapter - Downloaded https://repo.maven.apache.org/maven2/io/swagger/core/v3/swagger-core-jakarta/2.2.25/swagger-core-jakarta-2.2.25.jar
2026-07-30 19:09:12,238 [BasicRepositoryConnector-repo.maven.apache.org-0-0] INFO  o.e.m.c.i.e.AbstractTransferListenerAdapter - Downloading https://repo.maven.apache.org/maven2/io/swagger/core/v3/swagger-models-jakarta/2.2.25/swagger-models-jakarta-2.2.25.jar
2026-07-30 19:09:12,292 [BasicRepositoryConnector-repo.maven.apache.org-0-0] INFO  o.e.m.c.i.e.AbstractTransferListenerAdapter - Downloaded https://repo.maven.apache.org/maven2/io/swagger/core/v3/swagger-models-jakarta/2.2.25/swagger-models-jakarta-2.2.25.jar
2026-07-30 19:09:12,316 [BasicRepositoryConnector-repo.maven.apache.org-0-0] INFO  o.e.m.c.i.e.AbstractTransferListenerAdapter - Downloading https://repo.maven.apache.org/maven2/com/fasterxml/jackson/dataformat/jackson-dataformat-yaml/2.18.2/jackson-dataformat-yaml-2.18.2.jar
2026-07-30 19:09:12,339 [BasicRepositoryConnector-repo.maven.apache.org-0-1] INFO  o.e.m.c.i.e.AbstractTransferListenerAdapter - Downloaded https://repo.maven.apache.org/maven2/org/springdoc/springdoc-openapi-starter-webmvc-ui/2.7.0/springdoc-openapi-starter-webmvc-ui-2.7.0.jar
2026-07-30 19:09:12,365 [BasicRepositoryConnector-repo.maven.apache.org-0-1] INFO  o.e.m.c.i.e.AbstractTransferListenerAdapter - Downloading https://repo.maven.apache.org/maven2/org/webjars/swagger-ui/5.18.2/swagger-ui-5.18.2.jar
2026-07-30 19:09:12,365 [BasicRepositoryConnector-repo.maven.apache.org-0-0] INFO  o.e.m.c.i.e.AbstractTransferListenerAdapter - Downloaded https://repo.maven.apache.org/maven2/com/fasterxml/jackson/dataformat/jackson-dataformat-yaml/2.18.2/jackson-dataformat-yaml-2.18.2.jar
2026-07-30 19:09:12,491 [BasicRepositoryConnector-repo.maven.apache.org-0-1] INFO  o.e.m.c.i.e.AbstractTransferListenerAdapter - Downloaded https://repo.maven.apache.org/maven2/org/webjars/swagger-ui/5.18.2/swagger-ui-5.18.2.jar
2026-07-30 19:09:12,510 [BasicRepositoryConnector-repo.maven.apache.org-0-0] INFO  o.e.m.c.i.e.AbstractTransferListenerAdapter - Downloading https://repo.maven.apache.org/maven2/org/webjars/webjars-locator-lite/1.0.1/webjars-locator-lite-1.0.1.jar
2026-07-30 19:09:12,517 [BasicRepositoryConnector-repo.maven.apache.org-0-1] INFO  o.e.m.c.i.e.AbstractTransferListenerAdapter - Downloading https://repo.maven.apache.org/maven2/org/springframework/boot/spring-boot-devtools/3.4.2/spring-boot-devtools-3.4.2.jar
2026-07-30 19:09:12,541 [BasicRepositoryConnector-repo.maven.apache.org-0-3] INFO  o.e.m.c.i.e.AbstractTransferListenerAdapter - Downloaded https://repo.maven.apache.org/maven2/org/springdoc/springdoc-openapi-starter-webmvc-api/2.7.0/springdoc-openapi-starter-webmvc-api-2.7.0.jar
2026-07-30 19:09:12,567 [BasicRepositoryConnector-repo.maven.apache.org-0-3] INFO  o.e.m.c.i.e.AbstractTransferListenerAdapter - Downloading https://repo.maven.apache.org/maven2/org/springframework/boot/spring-boot/3.4.2/spring-boot-3.4.2.jar
2026-07-30 19:09:12,588 [BasicRepositoryConnector-repo.maven.apache.org-0-1] INFO  o.e.m.c.i.e.AbstractTransferListenerAdapter - Downloaded https://repo.maven.apache.org/maven2/org/springframework/boot/spring-boot-devtools/3.4.2/spring-boot-devtools-3.4.2.jar
2026-07-30 19:09:12,619 [BasicRepositoryConnector-repo.maven.apache.org-0-4] INFO  o.e.m.c.i.e.AbstractTransferListenerAdapter - Downloaded https://repo.maven.apache.org/maven2/io/micrometer/micrometer-commons/1.14.3/micrometer-commons-1.14.3.jar
2026-07-30 19:09:12,634 [BasicRepositoryConnector-repo.maven.apache.org-0-1] INFO  o.e.m.c.i.e.AbstractTransferListenerAdapter - Downloading https://repo.maven.apache.org/maven2/org/springframework/boot/spring-boot-autoconfigure/3.4.2/spring-boot-autoconfigure-3.4.2.jar
2026-07-30 19:09:12,647 [BasicRepositoryConnector-repo.maven.apache.org-0-4] INFO  o.e.m.c.i.e.AbstractTransferListenerAdapter - Downloading https://repo.maven.apache.org/maven2/org/springframework/boot/spring-boot-starter-test/3.4.2/spring-boot-starter-test-3.4.2.jar
2026-07-30 19:09:12,667 [BasicRepositoryConnector-repo.maven.apache.org-0-3] INFO  o.e.m.c.i.e.AbstractTransferListenerAdapter - Downloaded https://repo.maven.apache.org/maven2/org/springframework/boot/spring-boot/3.4.2/spring-boot-3.4.2.jar
2026-07-30 19:09:12,678 [BasicRepositoryConnector-repo.maven.apache.org-0-0] INFO  o.e.m.c.i.e.AbstractTransferListenerAdapter - Downloaded https://repo.maven.apache.org/maven2/org/webjars/webjars-locator-lite/1.0.1/webjars-locator-lite-1.0.1.jar
2026-07-30 19:09:12,697 [BasicRepositoryConnector-repo.maven.apache.org-0-3] INFO  o.e.m.c.i.e.AbstractTransferListenerAdapter - Downloading https://repo.maven.apache.org/maven2/org/springframework/boot/spring-boot-test/3.4.2/spring-boot-test-3.4.2.jar
2026-07-30 19:09:12,710 [BasicRepositoryConnector-repo.maven.apache.org-0-0] INFO  o.e.m.c.i.e.AbstractTransferListenerAdapter - Downloading https://repo.maven.apache.org/maven2/org/springframework/boot/spring-boot-test-autoconfigure/3.4.2/spring-boot-test-autoconfigure-3.4.2.jar
2026-07-30 19:09:12,766 [BasicRepositoryConnector-repo.maven.apache.org-0-4] INFO  o.e.m.c.i.e.AbstractTransferListenerAdapter - Downloaded https://repo.maven.apache.org/maven2/org/springframework/boot/spring-boot-starter-test/3.4.2/spring-boot-starter-test-3.4.2.jar
2026-07-30 19:09:12,767 [BasicRepositoryConnector-repo.maven.apache.org-0-3] INFO  o.e.m.c.i.e.AbstractTransferListenerAdapter - Downloaded https://repo.maven.apache.org/maven2/org/springframework/boot/spring-boot-test/3.4.2/spring-boot-test-3.4.2.jar
2026-07-30 19:09:12,769 [BasicRepositoryConnector-repo.maven.apache.org-0-1] INFO  o.e.m.c.i.e.AbstractTransferListenerAdapter - Downloaded https://repo.maven.apache.org/maven2/org/springframework/boot/spring-boot-autoconfigure/3.4.2/spring-boot-autoconfigure-3.4.2.jar
2026-07-30 19:09:12,792 [BasicRepositoryConnector-repo.maven.apache.org-0-4] INFO  o.e.m.c.i.e.AbstractTransferListenerAdapter - Downloading https://repo.maven.apache.org/maven2/net/minidev/json-smart/2.5.1/json-smart-2.5.1.jar
2026-07-30 19:09:12,792 [BasicRepositoryConnector-repo.maven.apache.org-0-0] INFO  o.e.m.c.i.e.AbstractTransferListenerAdapter - Downloaded https://repo.maven.apache.org/maven2/org/springframework/boot/spring-boot-test-autoconfigure/3.4.2/spring-boot-test-autoconfigure-3.4.2.jar
2026-07-30 19:09:12,797 [BasicRepositoryConnector-repo.maven.apache.org-0-3] INFO  o.e.m.c.i.e.AbstractTransferListenerAdapter - Downloading https://repo.maven.apache.org/maven2/net/minidev/accessors-smart/2.5.1/accessors-smart-2.5.1.jar
2026-07-30 19:09:12,809 [BasicRepositoryConnector-repo.maven.apache.org-0-1] INFO  o.e.m.c.i.e.AbstractTransferListenerAdapter - Downloading https://repo.maven.apache.org/maven2/org/assertj/assertj-core/3.26.3/assertj-core-3.26.3.jar
2026-07-30 19:09:12,834 [BasicRepositoryConnector-repo.maven.apache.org-0-0] INFO  o.e.m.c.i.e.AbstractTransferListenerAdapter - Downloading https://repo.maven.apache.org/maven2/org/hamcrest/hamcrest/2.2/hamcrest-2.2.jar
2026-07-30 19:09:12,842 [BasicRepositoryConnector-repo.maven.apache.org-0-4] INFO  o.e.m.c.i.e.AbstractTransferListenerAdapter - Downloaded https://repo.maven.apache.org/maven2/net/minidev/json-smart/2.5.1/json-smart-2.5.1.jar
2026-07-30 19:09:12,890 [BasicRepositoryConnector-repo.maven.apache.org-0-0] INFO  o.e.m.c.i.e.AbstractTransferListenerAdapter - Downloaded https://repo.maven.apache.org/maven2/org/hamcrest/hamcrest/2.2/hamcrest-2.2.jar
2026-07-30 19:09:12,893 [BasicRepositoryConnector-repo.maven.apache.org-0-4] INFO  o.e.m.c.i.e.AbstractTransferListenerAdapter - Downloading https://repo.maven.apache.org/maven2/org/junit/jupiter/junit-jupiter/5.11.4/junit-jupiter-5.11.4.jar
2026-07-30 19:09:12,919 [BasicRepositoryConnector-repo.maven.apache.org-0-1] INFO  o.e.m.c.i.e.AbstractTransferListenerAdapter - Downloaded https://repo.maven.apache.org/maven2/org/assertj/assertj-core/3.26.3/assertj-core-3.26.3.jar
2026-07-30 19:09:12,931 [BasicRepositoryConnector-repo.maven.apache.org-0-0] INFO  o.e.m.c.i.e.AbstractTransferListenerAdapter - Downloading https://repo.maven.apache.org/maven2/org/junit/jupiter/junit-jupiter-api/5.11.4/junit-jupiter-api-5.11.4.jar
2026-07-30 19:09:12,964 [BasicRepositoryConnector-repo.maven.apache.org-0-1] INFO  o.e.m.c.i.e.AbstractTransferListenerAdapter - Downloading https://repo.maven.apache.org/maven2/org/junit/platform/junit-platform-commons/1.11.4/junit-platform-commons-1.11.4.jar
2026-07-30 19:09:12,988 [BasicRepositoryConnector-repo.maven.apache.org-0-0] INFO  o.e.m.c.i.e.AbstractTransferListenerAdapter - Downloaded https://repo.maven.apache.org/maven2/org/junit/jupiter/junit-jupiter-api/5.11.4/junit-jupiter-api-5.11.4.jar
2026-07-30 19:09:13,019 [BasicRepositoryConnector-repo.maven.apache.org-0-0] INFO  o.e.m.c.i.e.AbstractTransferListenerAdapter - Downloading https://repo.maven.apache.org/maven2/org/junit/jupiter/junit-jupiter-params/5.11.4/junit-jupiter-params-5.11.4.jar
2026-07-30 19:09:13,023 [BasicRepositoryConnector-repo.maven.apache.org-0-1] INFO  o.e.m.c.i.e.AbstractTransferListenerAdapter - Downloaded https://repo.maven.apache.org/maven2/org/junit/platform/junit-platform-commons/1.11.4/junit-platform-commons-1.11.4.jar
2026-07-30 19:09:13,058 [BasicRepositoryConnector-repo.maven.apache.org-0-1] INFO  o.e.m.c.i.e.AbstractTransferListenerAdapter - Downloading https://repo.maven.apache.org/maven2/org/junit/jupiter/junit-jupiter-engine/5.11.4/junit-jupiter-engine-5.11.4.jar
2026-07-30 19:09:13,060 [BasicRepositoryConnector-repo.maven.apache.org-0-4] INFO  o.e.m.c.i.e.AbstractTransferListenerAdapter - Downloaded https://repo.maven.apache.org/maven2/org/junit/jupiter/junit-jupiter/5.11.4/junit-jupiter-5.11.4.jar
2026-07-30 19:09:13,080 [BasicRepositoryConnector-repo.maven.apache.org-0-0] INFO  o.e.m.c.i.e.AbstractTransferListenerAdapter - Downloaded https://repo.maven.apache.org/maven2/org/junit/jupiter/junit-jupiter-params/5.11.4/junit-jupiter-params-5.11.4.jar
2026-07-30 19:09:13,094 [BasicRepositoryConnector-repo.maven.apache.org-0-4] INFO  o.e.m.c.i.e.AbstractTransferListenerAdapter - Downloading https://repo.maven.apache.org/maven2/org/junit/platform/junit-platform-engine/1.11.4/junit-platform-engine-1.11.4.jar
2026-07-30 19:09:13,120 [BasicRepositoryConnector-repo.maven.apache.org-0-0] INFO  o.e.m.c.i.e.AbstractTransferListenerAdapter - Downloading https://repo.maven.apache.org/maven2/org/mockito/mockito-core/5.14.2/mockito-core-5.14.2.jar
2026-07-30 19:09:13,121 [BasicRepositoryConnector-repo.maven.apache.org-0-1] INFO  o.e.m.c.i.e.AbstractTransferListenerAdapter - Downloaded https://repo.maven.apache.org/maven2/org/junit/jupiter/junit-jupiter-engine/5.11.4/junit-jupiter-engine-5.11.4.jar
2026-07-30 19:09:13,165 [BasicRepositoryConnector-repo.maven.apache.org-0-4] INFO  o.e.m.c.i.e.AbstractTransferListenerAdapter - Downloaded https://repo.maven.apache.org/maven2/org/junit/platform/junit-platform-engine/1.11.4/junit-platform-engine-1.11.4.jar
2026-07-30 19:09:13,189 [BasicRepositoryConnector-repo.maven.apache.org-0-1] INFO  o.e.m.c.i.e.AbstractTransferListenerAdapter - Downloading https://repo.maven.apache.org/maven2/net/bytebuddy/byte-buddy-agent/1.15.11/byte-buddy-agent-1.15.11.jar
2026-07-30 19:09:13,202 [BasicRepositoryConnector-repo.maven.apache.org-0-4] INFO  o.e.m.c.i.e.AbstractTransferListenerAdapter - Downloading https://repo.maven.apache.org/maven2/org/mockito/mockito-junit-jupiter/5.14.2/mockito-junit-jupiter-5.14.2.jar
2026-07-30 19:09:13,210 [BasicRepositoryConnector-repo.maven.apache.org-0-0] INFO  o.e.m.c.i.e.AbstractTransferListenerAdapter - Downloaded https://repo.maven.apache.org/maven2/org/mockito/mockito-core/5.14.2/mockito-core-5.14.2.jar
2026-07-30 19:09:13,246 [BasicRepositoryConnector-repo.maven.apache.org-0-0] INFO  o.e.m.c.i.e.AbstractTransferListenerAdapter - Downloading https://repo.maven.apache.org/maven2/org/springframework/spring-core/6.2.2/spring-core-6.2.2.jar
2026-07-30 19:09:13,262 [BasicRepositoryConnector-repo.maven.apache.org-0-1] INFO  o.e.m.c.i.e.AbstractTransferListenerAdapter - Downloaded https://repo.maven.apache.org/maven2/net/bytebuddy/byte-buddy-agent/1.15.11/byte-buddy-agent-1.15.11.jar
2026-07-30 19:09:13,316 [BasicRepositoryConnector-repo.maven.apache.org-0-1] INFO  o.e.m.c.i.e.AbstractTransferListenerAdapter - Downloading https://repo.maven.apache.org/maven2/org/springframework/spring-jcl/6.2.2/spring-jcl-6.2.2.jar
2026-07-30 19:09:13,368 [BasicRepositoryConnector-repo.maven.apache.org-0-0] INFO  o.e.m.c.i.e.AbstractTransferListenerAdapter - Downloaded https://repo.maven.apache.org/maven2/org/springframework/spring-core/6.2.2/spring-core-6.2.2.jar
2026-07-30 19:09:13,406 [BasicRepositoryConnector-repo.maven.apache.org-0-0] INFO  o.e.m.c.i.e.AbstractTransferListenerAdapter - Downloading https://repo.maven.apache.org/maven2/org/springframework/spring-test/6.2.2/spring-test-6.2.2.jar
2026-07-30 19:09:13,488 [BasicRepositoryConnector-repo.maven.apache.org-0-0] INFO  o.e.m.c.i.e.AbstractTransferListenerAdapter - Downloaded https://repo.maven.apache.org/maven2/org/springframework/spring-test/6.2.2/spring-test-6.2.2.jar
2026-07-30 19:09:13,524 [BasicRepositoryConnector-repo.maven.apache.org-0-0] INFO  o.e.m.c.i.e.AbstractTransferListenerAdapter - Downloading https://repo.maven.apache.org/maven2/org/xmlunit/xmlunit-core/2.10.0/xmlunit-core-2.10.0.jar
2026-07-30 19:09:13,557 [BasicRepositoryConnector-repo.maven.apache.org-0-3] INFO  o.e.m.c.i.e.AbstractTransferListenerAdapter - Downloaded https://repo.maven.apache.org/maven2/net/minidev/accessors-smart/2.5.1/accessors-smart-2.5.1.jar
2026-07-30 19:09:13,571 [BasicRepositoryConnector-repo.maven.apache.org-0-4] INFO  o.e.m.c.i.e.AbstractTransferListenerAdapter - Downloaded https://repo.maven.apache.org/maven2/org/mockito/mockito-junit-jupiter/5.14.2/mockito-junit-jupiter-5.14.2.jar
2026-07-30 19:09:13,586 [BasicRepositoryConnector-repo.maven.apache.org-0-0] INFO  o.e.m.c.i.e.AbstractTransferListenerAdapter - Downloaded https://repo.maven.apache.org/maven2/org/xmlunit/xmlunit-core/2.10.0/xmlunit-core-2.10.0.jar
2026-07-30 19:09:13,589 [BasicRepositoryConnector-repo.maven.apache.org-0-3] INFO  o.e.m.c.i.e.AbstractTransferListenerAdapter - Downloading https://repo.maven.apache.org/maven2/org/springframework/security/spring-security-test/6.4.2/spring-security-test-6.4.2.jar
2026-07-30 19:09:13,611 [BasicRepositoryConnector-repo.maven.apache.org-0-0] INFO  o.e.m.c.i.e.AbstractTransferListenerAdapter - Downloading https://repo.maven.apache.org/maven2/org/springframework/security/spring-security-crypto/6.4.2/spring-security-crypto-6.4.2.jar
2026-07-30 19:09:13,616 [BasicRepositoryConnector-repo.maven.apache.org-0-4] INFO  o.e.m.c.i.e.AbstractTransferListenerAdapter - Downloading https://repo.maven.apache.org/maven2/org/springframework/security/spring-security-core/6.4.2/spring-security-core-6.4.2.jar
2026-07-30 19:09:13,650 [BasicRepositoryConnector-repo.maven.apache.org-0-3] INFO  o.e.m.c.i.e.AbstractTransferListenerAdapter - Downloaded https://repo.maven.apache.org/maven2/org/springframework/security/spring-security-test/6.4.2/spring-security-test-6.4.2.jar
2026-07-30 19:09:13,696 [BasicRepositoryConnector-repo.maven.apache.org-0-0] INFO  o.e.m.c.i.e.AbstractTransferListenerAdapter - Downloaded https://repo.maven.apache.org/maven2/org/springframework/security/spring-security-crypto/6.4.2/spring-security-crypto-6.4.2.jar
2026-07-30 19:09:13,705 [BasicRepositoryConnector-repo.maven.apache.org-0-4] INFO  o.e.m.c.i.e.AbstractTransferListenerAdapter - Downloaded https://repo.maven.apache.org/maven2/org/springframework/security/spring-security-core/6.4.2/spring-security-core-6.4.2.jar
2026-07-30 19:09:13,907 [BasicRepositoryConnector-repo.maven.apache.org-0-1] INFO  o.e.m.c.i.e.AbstractTransferListenerAdapter - Downloaded https://repo.maven.apache.org/maven2/org/springframework/spring-jcl/6.2.2/spring-jcl-6.2.2.jar
2026-07-30 19:09:14,120 [BasicRepositoryConnector-repo.maven.apache.org-0-2] INFO  o.e.m.c.i.e.AbstractTransferListenerAdapter - Downloaded https://repo.maven.apache.org/maven2/io/swagger/core/v3/swagger-annotations-jakarta/2.2.25/swagger-annotations-jakarta-2.2.25.jar
2026-07-30 19:09:18,168 [Worker-4: Download sources and javadoc] INFO  o.e.m.c.i.e.AbstractTransferListenerAdapter - Downloading https://repo.maven.apache.org/maven2/org/springframework/boot/spring-boot-starter-web/3.4.2/spring-boot-starter-web-3.4.2-sources.jar
2026-07-30 19:09:18,260 [Worker-4: Download sources and javadoc] INFO  o.e.m.c.i.e.AbstractTransferListenerAdapter - Downloaded https://repo.maven.apache.org/maven2/org/springframework/boot/spring-boot-starter-web/3.4.2/spring-boot-starter-web-3.4.2-sources.jar
2026-07-30 19:09:18,278 [Worker-4: Download sources and javadoc] INFO  o.e.m.j.internal.DownloadSourcesJob - Downloaded sources for org.springframework.boot:spring-boot-starter-web:3.4.2
2026-07-30 19:09:18,372 [Worker-4: Download sources and javadoc] INFO  o.e.m.c.i.e.AbstractTransferListenerAdapter - Downloading https://repo.maven.apache.org/maven2/org/springframework/boot/spring-boot-starter/3.4.2/spring-boot-starter-3.4.2-sources.jar
2026-07-30 19:09:18,463 [Worker-4: Download sources and javadoc] INFO  o.e.m.c.i.e.AbstractTransferListenerAdapter - Downloaded https://repo.maven.apache.org/maven2/org/springframework/boot/spring-boot-starter/3.4.2/spring-boot-starter-3.4.2-sources.jar
2026-07-30 19:09:18,473 [Worker-4: Download sources and javadoc] INFO  o.e.m.j.internal.DownloadSourcesJob - Downloaded sources for org.springframework.boot:spring-boot-starter:3.4.2
2026-07-30 19:09:18,561 [Worker-4: Download sources and javadoc] INFO  o.e.m.c.i.e.AbstractTransferListenerAdapter - Downloading https://repo.maven.apache.org/maven2/org/springframework/boot/spring-boot-starter-logging/3.4.2/spring-boot-starter-logging-3.4.2-sources.jar
2026-07-30 19:09:18,663 [Worker-4: Download sources and javadoc] INFO  o.e.m.c.i.e.AbstractTransferListenerAdapter - Downloaded https://repo.maven.apache.org/maven2/org/springframework/boot/spring-boot-starter-logging/3.4.2/spring-boot-starter-logging-3.4.2-sources.jar
2026-07-30 19:09:18,679 [Worker-4: Download sources and javadoc] INFO  o.e.m.j.internal.DownloadSourcesJob - Downloaded sources for org.springframework.boot:spring-boot-starter-logging:3.4.2
2026-07-30 19:09:18,834 [Worker-4: Download sources and javadoc] INFO  o.e.m.c.i.e.AbstractTransferListenerAdapter - Downloading https://repo.maven.apache.org/maven2/ch/qos/logback/logback-classic/1.5.16/logback-classic-1.5.16-sources.jar
2026-07-30 19:09:18,917 [Worker-4: Download sources and javadoc] INFO  o.e.m.c.i.e.AbstractTransferListenerAdapter - Downloaded https://repo.maven.apache.org/maven2/ch/qos/logback/logback-classic/1.5.16/logback-classic-1.5.16-sources.jar
2026-07-30 19:09:18,931 [Worker-4: Download sources and javadoc] INFO  o.e.m.j.internal.DownloadSourcesJob - Downloaded sources for ch.qos.logback:logback-classic:1.5.16
2026-07-30 19:09:19,206 [Worker-4: Download sources and javadoc] INFO  o.e.m.c.i.e.AbstractTransferListenerAdapter - Downloading https://repo.maven.apache.org/maven2/ch/qos/logback/logback-core/1.5.16/logback-core-1.5.16-sources.jar
2026-07-30 19:09:19,317 [Worker-4: Download sources and javadoc] INFO  o.e.m.c.i.e.AbstractTransferListenerAdapter - Downloaded https://repo.maven.apache.org/maven2/ch/qos/logback/logback-core/1.5.16/logback-core-1.5.16-sources.jar
2026-07-30 19:09:19,335 [Worker-4: Download sources and javadoc] INFO  o.e.m.j.internal.DownloadSourcesJob - Downloaded sources for ch.qos.logback:logback-core:1.5.16
2026-07-30 19:09:19,446 [Worker-4: Download sources and javadoc] INFO  o.e.m.c.i.e.AbstractTransferListenerAdapter - Downloading https://repo.maven.apache.org/maven2/org/slf4j/jul-to-slf4j/2.0.16/jul-to-slf4j-2.0.16-sources.jar
2026-07-30 19:09:19,622 [Worker-3: Importing Maven projects] INFO  o.e.m.j.i.AbstractJavaProjectConfigurator - Adding source folder /spring_boot_backend_template/src/main/java
2026-07-30 19:09:19,639 [Worker-3: Importing Maven projects] INFO  o.e.m.j.i.AbstractJavaProjectConfigurator - Adding resource folder /spring_boot_backend_template/src/main/resources
2026-07-30 19:09:19,642 [Worker-3: Importing Maven projects] INFO  o.e.m.j.i.AbstractJavaProjectConfigurator - Adding resource folder /spring_boot_backend_template/src/main/resources
2026-07-30 19:09:19,646 [Worker-3: Importing Maven projects] INFO  o.e.m.j.i.AbstractJavaProjectConfigurator - Adding source folder /spring_boot_backend_template/src/test/java
2026-07-30 19:09:19,650 [Worker-3: Importing Maven projects] INFO  o.e.m.j.i.AbstractJavaProjectConfigurator - Adding resource folder /spring_boot_backend_template/src/test/resources
2026-07-30 19:09:19,663 [Worker-4: Download sources and javadoc] INFO  o.e.m.c.i.e.AbstractTransferListenerAdapter - Downloaded https://repo.maven.apache.org/maven2/org/slf4j/jul-to-slf4j/2.0.16/jul-to-slf4j-2.0.16-sources.jar
2026-07-30 19:09:19,680 [Worker-4: Download sources and javadoc] INFO  o.e.m.j.internal.DownloadSourcesJob - Downloaded sources for org.slf4j:jul-to-slf4j:2.0.16
2026-07-30 19:09:19,869 [Worker-4: Download sources and javadoc] INFO  o.e.m.c.i.e.AbstractTransferListenerAdapter - Downloading https://repo.maven.apache.org/maven2/org/yaml/snakeyaml/2.3/snakeyaml-2.3-sources.jar
2026-07-30 19:09:19,968 [Worker-4: Download sources and javadoc] INFO  o.e.m.c.i.e.AbstractTransferListenerAdapter - Downloaded https://repo.maven.apache.org/maven2/org/yaml/snakeyaml/2.3/snakeyaml-2.3-sources.jar
2026-07-30 19:09:19,985 [Worker-4: Download sources and javadoc] INFO  o.e.m.j.internal.DownloadSourcesJob - Downloaded sources for org.yaml:snakeyaml:2.3
2026-07-30 19:09:20,085 [Worker-4: Download sources and javadoc] INFO  o.e.m.c.i.e.AbstractTransferListenerAdapter - Downloading https://repo.maven.apache.org/maven2/org/springframework/boot/spring-boot-starter-json/3.4.2/spring-boot-starter-json-3.4.2-sources.jar
2026-07-30 19:09:20,199 [Worker-4: Download sources and javadoc] INFO  o.e.m.c.i.e.AbstractTransferListenerAdapter - Downloaded https://repo.maven.apache.org/maven2/org/springframework/boot/spring-boot-starter-json/3.4.2/spring-boot-starter-json-3.4.2-sources.jar
2026-07-30 19:09:20,216 [Worker-4: Download sources and javadoc] INFO  o.e.m.j.internal.DownloadSourcesJob - Downloaded sources for org.springframework.boot:spring-boot-starter-json:3.4.2
2026-07-30 19:09:20,305 [Worker-4: Download sources and javadoc] INFO  o.e.m.c.i.e.AbstractTransferListenerAdapter - Downloading https://repo.maven.apache.org/maven2/com/fasterxml/jackson/datatype/jackson-datatype-jdk8/2.18.2/jackson-datatype-jdk8-2.18.2-sources.jar
2026-07-30 19:09:21,314 [Worker-4: Download sources and javadoc] INFO  o.e.m.c.i.e.AbstractTransferListenerAdapter - Downloaded https://repo.maven.apache.org/maven2/com/fasterxml/jackson/datatype/jackson-datatype-jdk8/2.18.2/jackson-datatype-jdk8-2.18.2-sources.jar
2026-07-30 19:09:21,334 [Worker-4: Download sources and javadoc] INFO  o.e.m.j.internal.DownloadSourcesJob - Downloaded sources for com.fasterxml.jackson.datatype:jackson-datatype-jdk8:2.18.2
2026-07-30 19:09:21,482 [Worker-4: Download sources and javadoc] INFO  o.e.m.c.i.e.AbstractTransferListenerAdapter - Downloading https://repo.maven.apache.org/maven2/com/fasterxml/jackson/datatype/jackson-datatype-jsr310/2.18.2/jackson-datatype-jsr310-2.18.2-sources.jar
2026-07-30 19:09:21,560 [Worker-4: Download sources and javadoc] INFO  o.e.m.c.i.e.AbstractTransferListenerAdapter - Downloaded https://repo.maven.apache.org/maven2/com/fasterxml/jackson/datatype/jackson-datatype-jsr310/2.18.2/jackson-datatype-jsr310-2.18.2-sources.jar
2026-07-30 19:09:21,574 [Worker-4: Download sources and javadoc] INFO  o.e.m.j.internal.DownloadSourcesJob - Downloaded sources for com.fasterxml.jackson.datatype:jackson-datatype-jsr310:2.18.2
2026-07-30 19:09:21,696 [Worker-4: Download sources and javadoc] INFO  o.e.m.c.i.e.AbstractTransferListenerAdapter - Downloading https://repo.maven.apache.org/maven2/com/fasterxml/jackson/module/jackson-module-parameter-names/2.18.2/jackson-module-parameter-names-2.18.2-sources.jar
2026-07-30 19:09:21,733 [Worker-3: Importing Maven projects] WARN  o.apache.maven.project.MavenProject - Direct modification of compileSourceRoots through clear() is deprecated and will not work in Maven 4.0.0. Please use the add/remove methods instead. If you're using a plugin that causes this warning, please upgrade to the latest version and report an issue if the warning persists. To disable these warnings, set -Dmaven.project.sourceRoots.warningsDisabled=true on the command line, in the .mvn/maven.config file, or in project POM properties.
2026-07-30 19:09:21,751 [Worker-3: Importing Maven projects] WARN  o.apache.maven.project.MavenProject - Direct modification of compileSourceRoots through add() is deprecated and will not work in Maven 4.0.0. Please use the add/remove methods instead. If you're using a plugin that causes this warning, please upgrade to the latest version and report an issue if the warning persists. To disable these warnings, set -Dmaven.project.sourceRoots.warningsDisabled=true on the command line, in the .mvn/maven.config file, or in project POM properties.
2026-07-30 19:09:21,755 [Worker-3: Importing Maven projects] WARN  o.apache.maven.project.MavenProject - Direct modification of testCompileSourceRoots through clear() is deprecated and will not work in Maven 4.0.0. Please use the add/remove methods instead. If you're using a plugin that causes this warning, please upgrade to the latest version and report an issue if the warning persists. To disable these warnings, set -Dmaven.project.sourceRoots.warningsDisabled=true on the command line, in the .mvn/maven.config file, or in project POM properties.
2026-07-30 19:09:21,757 [Worker-3: Importing Maven projects] WARN  o.apache.maven.project.MavenProject - Direct modification of testCompileSourceRoots through add() is deprecated and will not work in Maven 4.0.0. Please use the add/remove methods instead. If you're using a plugin that causes this warning, please upgrade to the latest version and report an issue if the warning persists. To disable these warnings, set -Dmaven.project.sourceRoots.warningsDisabled=true on the command line, in the .mvn/maven.config file, or in project POM properties.
2026-07-30 19:09:21,903 [Worker-4: Download sources and javadoc] INFO  o.e.m.c.i.e.AbstractTransferListenerAdapter - Downloaded https://repo.maven.apache.org/maven2/com/fasterxml/jackson/module/jackson-module-parameter-names/2.18.2/jackson-module-parameter-names-2.18.2-sources.jar
2026-07-30 19:09:21,917 [Worker-4: Download sources and javadoc] INFO  o.e.m.j.internal.DownloadSourcesJob - Downloaded sources for com.fasterxml.jackson.module:jackson-module-parameter-names:2.18.2
2026-07-30 19:09:21,938 [Worker-3: Importing Maven projects] INFO  o.e.m.c.i.p.ProjectConfigurationManager - Imported and configured 1 project(s) in 59 sec
2026-07-30 19:09:23,123 [Worker-4: Download sources and javadoc] INFO  o.e.m.c.i.e.AbstractTransferListenerAdapter - Downloading https://repo.maven.apache.org/maven2/org/springframework/boot/spring-boot-starter-tomcat/3.4.2/spring-boot-starter-tomcat-3.4.2-sources.jar
2026-07-30 19:09:23,216 [Worker-4: Download sources and javadoc] INFO  o.e.m.c.i.e.AbstractTransferListenerAdapter - Downloaded https://repo.maven.apache.org/maven2/org/springframework/boot/spring-boot-starter-tomcat/3.4.2/spring-boot-starter-tomcat-3.4.2-sources.jar
2026-07-30 19:09:23,227 [Worker-4: Download sources and javadoc] INFO  o.e.m.j.internal.DownloadSourcesJob - Downloaded sources for org.springframework.boot:spring-boot-starter-tomcat:3.4.2
2026-07-30 19:09:23,332 [Worker-4: Download sources and javadoc] INFO  o.e.m.c.i.e.AbstractTransferListenerAdapter - Downloading https://repo.maven.apache.org/maven2/org/apache/tomcat/embed/tomcat-embed-core/10.1.34/tomcat-embed-core-10.1.34-sources.jar
2026-07-30 19:09:23,621 [Worker-4: Download sources and javadoc] INFO  o.e.m.c.i.e.AbstractTransferListenerAdapter - Downloaded https://repo.maven.apache.org/maven2/org/apache/tomcat/embed/tomcat-embed-core/10.1.34/tomcat-embed-core-10.1.34-sources.jar
2026-07-30 19:09:23,643 [Worker-4: Download sources and javadoc] INFO  o.e.m.j.internal.DownloadSourcesJob - Downloaded sources for org.apache.tomcat.embed:tomcat-embed-core:10.1.34
2026-07-30 19:09:23,824 [Worker-4: Download sources and javadoc] INFO  o.e.m.c.i.e.AbstractTransferListenerAdapter - Downloading https://repo.maven.apache.org/maven2/org/apache/tomcat/embed/tomcat-embed-websocket/10.1.34/tomcat-embed-websocket-10.1.34-sources.jar
2026-07-30 19:09:23,922 [Worker-4: Download sources and javadoc] INFO  o.e.m.c.i.e.AbstractTransferListenerAdapter - Downloaded https://repo.maven.apache.org/maven2/org/apache/tomcat/embed/tomcat-embed-websocket/10.1.34/tomcat-embed-websocket-10.1.34-sources.jar
2026-07-30 19:09:23,933 [Worker-4: Download sources and javadoc] INFO  o.e.m.j.internal.DownloadSourcesJob - Downloaded sources for org.apache.tomcat.embed:tomcat-embed-websocket:10.1.34
2026-07-30 19:09:24,035 [Worker-4: Download sources and javadoc] INFO  o.e.m.c.i.e.AbstractTransferListenerAdapter - Downloading https://repo.maven.apache.org/maven2/org/springframework/spring-web/6.2.2/spring-web-6.2.2-sources.jar
2026-07-30 19:09:24,184 [Worker-4: Download sources and javadoc] INFO  o.e.m.c.i.e.AbstractTransferListenerAdapter - Downloaded https://repo.maven.apache.org/maven2/org/springframework/spring-web/6.2.2/spring-web-6.2.2-sources.jar
2026-07-30 19:09:24,196 [Worker-4: Download sources and javadoc] INFO  o.e.m.j.internal.DownloadSourcesJob - Downloaded sources for org.springframework:spring-web:6.2.2
2026-07-30 19:09:24,523 [Worker-4: Download sources and javadoc] INFO  o.e.m.c.i.e.AbstractTransferListenerAdapter - Downloading https://repo.maven.apache.org/maven2/org/springframework/spring-beans/6.2.2/spring-beans-6.2.2-sources.jar
2026-07-30 19:09:25,364 [Worker-1: Updating Maven Project] INFO  o.e.m.c.i.p.ProjectConfigurationManager - Update started
2026-07-30 19:09:27,371 [Worker-4: Download sources and javadoc] INFO  o.e.m.c.i.e.AbstractTransferListenerAdapter - Downloaded https://repo.maven.apache.org/maven2/org/springframework/spring-beans/6.2.2/spring-beans-6.2.2-sources.jar
2026-07-30 19:09:27,393 [Worker-4: Download sources and javadoc] INFO  o.e.m.j.internal.DownloadSourcesJob - Downloaded sources for org.springframework:spring-beans:6.2.2
2026-07-30 19:09:32,315 [Worker-4: Download sources and javadoc] INFO  o.e.m.c.i.e.AbstractTransferListenerAdapter - Downloading https://repo.maven.apache.org/maven2/org/springframework/spring-webmvc/6.2.2/spring-webmvc-6.2.2-sources.jar
2026-07-30 19:09:32,656 [Worker-4: Download sources and javadoc] INFO  o.e.m.c.i.e.AbstractTransferListenerAdapter - Downloaded https://repo.maven.apache.org/maven2/org/springframework/spring-webmvc/6.2.2/spring-webmvc-6.2.2-sources.jar
2026-07-30 19:09:32,676 [Worker-4: Download sources and javadoc] INFO  o.e.m.j.internal.DownloadSourcesJob - Downloaded sources for org.springframework:spring-webmvc:6.2.2
2026-07-30 19:09:32,766 [Worker-1: Updating Maven Project] INFO  o.e.m.c.i.l.LifecycleMappingFactory - Using org.eclipse.m2e.jdt.JarLifecycleMapping lifecycle mapping for MavenProject: com.backend:user_backend:0.0.1-SNAPSHOT @ D:\ProjectData\Child_Adoption_System\user_backend\spring_boot_backend_template\pom.xml.
2026-07-30 19:09:32,787 [Worker-4: Download sources and javadoc] INFO  o.e.m.c.i.e.AbstractTransferListenerAdapter - Downloading https://repo.maven.apache.org/maven2/org/springframework/spring-context/6.2.2/spring-context-6.2.2-sources.jar
2026-07-30 19:09:33,190 [Worker-4: Download sources and javadoc] INFO  o.e.m.c.i.e.AbstractTransferListenerAdapter - Downloaded https://repo.maven.apache.org/maven2/org/springframework/spring-context/6.2.2/spring-context-6.2.2-sources.jar
2026-07-30 19:09:33,198 [Worker-4: Download sources and javadoc] INFO  o.e.m.j.internal.DownloadSourcesJob - Downloaded sources for org.springframework:spring-context:6.2.2
2026-07-30 19:09:33,855 [Worker-4: Download sources and javadoc] INFO  o.e.m.c.i.e.AbstractTransferListenerAdapter - Downloading https://repo.maven.apache.org/maven2/org/springframework/spring-expression/6.2.2/spring-expression-6.2.2-sources.jar
2026-07-30 19:09:33,995 [Worker-4: Download sources and javadoc] INFO  o.e.m.c.i.e.AbstractTransferListenerAdapter - Downloaded https://repo.maven.apache.org/maven2/org/springframework/spring-expression/6.2.2/spring-expression-6.2.2-sources.jar
2026-07-30 19:09:34,007 [Worker-4: Download sources and javadoc] INFO  o.e.m.j.internal.DownloadSourcesJob - Downloaded sources for org.springframework:spring-expression:6.2.2
2026-07-30 19:09:34,280 [Worker-4: Download sources and javadoc] INFO  o.e.m.c.i.e.AbstractTransferListenerAdapter - Downloading https://repo.maven.apache.org/maven2/org/springframework/boot/spring-boot-starter-data-jpa/3.4.2/spring-boot-starter-data-jpa-3.4.2-sources.jar
2026-07-30 19:09:34,306 [Worker-4: Download sources and javadoc] INFO  o.e.m.c.i.e.AbstractTransferListenerAdapter - Downloaded https://repo.maven.apache.org/maven2/org/springframework/boot/spring-boot-starter-data-jpa/3.4.2/spring-boot-starter-data-jpa-3.4.2-sources.jar
2026-07-30 19:09:34,317 [Worker-4: Download sources and javadoc] INFO  o.e.m.j.internal.DownloadSourcesJob - Downloaded sources for org.springframework.boot:spring-boot-starter-data-jpa:3.4.2
2026-07-30 19:09:34,402 [Worker-4: Download sources and javadoc] INFO  o.e.m.c.i.e.AbstractTransferListenerAdapter - Downloading https://repo.maven.apache.org/maven2/org/springframework/boot/spring-boot-starter-jdbc/3.4.2/spring-boot-starter-jdbc-3.4.2-sources.jar
2026-07-30 19:09:34,957 [Worker-4: Download sources and javadoc] INFO  o.e.m.c.i.e.AbstractTransferListenerAdapter - Downloaded https://repo.maven.apache.org/maven2/org/springframework/boot/spring-boot-starter-jdbc/3.4.2/spring-boot-starter-jdbc-3.4.2-sources.jar
2026-07-30 19:09:34,972 [Worker-4: Download sources and javadoc] INFO  o.e.m.j.internal.DownloadSourcesJob - Downloaded sources for org.springframework.boot:spring-boot-starter-jdbc:3.4.2
2026-07-30 19:09:35,684 [Worker-4: Download sources and javadoc] INFO  o.e.m.c.i.e.AbstractTransferListenerAdapter - Downloading https://repo.maven.apache.org/maven2/com/zaxxer/HikariCP/5.1.0/HikariCP-5.1.0-sources.jar
2026-07-30 19:09:35,796 [Worker-4: Download sources and javadoc] INFO  o.e.m.c.i.e.AbstractTransferListenerAdapter - Downloaded https://repo.maven.apache.org/maven2/com/zaxxer/HikariCP/5.1.0/HikariCP-5.1.0-sources.jar
2026-07-30 19:09:35,811 [Worker-4: Download sources and javadoc] INFO  o.e.m.j.internal.DownloadSourcesJob - Downloaded sources for com.zaxxer:HikariCP:5.1.0
2026-07-30 19:10:04,942 [Worker-1: Loading available Gradle versions] INFO  o.e.b.c.i.u.g.PublishedGradleVersions - Gradle version information cache is up-to-date. Trying to read.
2026-07-30 19:10:41,693 [main] INFO  o.e.m2e.actions.ExecutePomAction - Creating new launch configuration
2026-07-30 19:10:48,501 [Worker-6: Launching spring_boot_backend_template] INFO  o.eclipse.m2e.core.internal.Bundles - getClasspathEntries(Bundle=org.eclipse.m2e.maven.runtime_3.9.1101.20251020-1549 [372])
2026-07-30 19:10:48,504 [Worker-6: Launching spring_boot_backend_template] INFO  o.eclipse.m2e.core.internal.Bundles - 	Entry: C:\Users\prath\Downloads\sts-5.0.1.RELEASE\sts-5.0.1.RELEASE\plugins\org.eclipse.m2e.maven.runtime_3.9.1101.20251020-1549
2026-07-30 19:10:48,505 [Worker-6: Launching spring_boot_backend_template] INFO  o.eclipse.m2e.core.internal.Bundles - 	Entry: C:\Users\prath\Downloads\sts-5.0.1.RELEASE\sts-5.0.1.RELEASE\plugins\org.eclipse.m2e.maven.runtime_3.9.1101.20251020-1549\jars\aopalliance-1.0.jar
2026-07-30 19:10:48,505 [Worker-6: Launching spring_boot_backend_template] INFO  o.eclipse.m2e.core.internal.Bundles - 	Entry: C:\Users\prath\Downloads\sts-5.0.1.RELEASE\sts-5.0.1.RELEASE\plugins\org.eclipse.m2e.maven.runtime_3.9.1101.20251020-1549\jars\asm-9.8.jar
2026-07-30 19:10:48,505 [Worker-6: Launching spring_boot_backend_template] INFO  o.eclipse.m2e.core.internal.Bundles - 	Entry: C:\Users\prath\Downloads\sts-5.0.1.RELEASE\sts-5.0.1.RELEASE\plugins\org.eclipse.m2e.maven.runtime_3.9.1101.20251020-1549\jars\error_prone_annotations-2.38.0.jar
2026-07-30 19:10:48,505 [Worker-6: Launching spring_boot_backend_template] INFO  o.eclipse.m2e.core.internal.Bundles - 	Entry: C:\Users\prath\Downloads\sts-5.0.1.RELEASE\sts-5.0.1.RELEASE\plugins\org.eclipse.m2e.maven.runtime_3.9.1101.20251020-1549\jars\gson-2.13.1.jar
2026-07-30 19:10:48,506 [Worker-6: Launching spring_boot_backend_template] INFO  o.eclipse.m2e.core.internal.Bundles - 	Entry: C:\Users\prath\Downloads\sts-5.0.1.RELEASE\sts-5.0.1.RELEASE\plugins\org.eclipse.m2e.maven.runtime_3.9.1101.20251020-1549\jars\guice-5.1.0-classes.jar
2026-07-30 19:10:48,506 [Worker-6: Launching spring_boot_backend_template] INFO  o.eclipse.m2e.core.internal.Bundles - 	Entry: C:\Users\prath\Downloads\sts-5.0.1.RELEASE\sts-5.0.1.RELEASE\plugins\org.eclipse.m2e.maven.runtime_3.9.1101.20251020-1549\jars\httpclient-4.5.14.jar
2026-07-30 19:10:48,507 [Worker-6: Launching spring_boot_backend_template] INFO  o.eclipse.m2e.core.internal.Bundles - 	Entry: C:\Users\prath\Downloads\sts-5.0.1.RELEASE\sts-5.0.1.RELEASE\plugins\org.eclipse.m2e.maven.runtime_3.9.1101.20251020-1549\jars\httpcore-4.4.16.jar
2026-07-30 19:10:48,508 [Worker-6: Launching spring_boot_backend_template] INFO  o.eclipse.m2e.core.internal.Bundles - 	Entry: C:\Users\prath\Downloads\sts-5.0.1.RELEASE\sts-5.0.1.RELEASE\plugins\org.eclipse.m2e.maven.runtime_3.9.1101.20251020-1549\jars\jansi-2.4.2.jar
2026-07-30 19:10:48,508 [Worker-6: Launching spring_boot_backend_template] INFO  o.eclipse.m2e.core.internal.Bundles - 	Entry: C:\Users\prath\Downloads\sts-5.0.1.RELEASE\sts-5.0.1.RELEASE\plugins\org.eclipse.m2e.maven.runtime_3.9.1101.20251020-1549\jars\jcl-over-slf4j-1.7.36.jar
2026-07-30 19:10:48,508 [Worker-6: Launching spring_boot_backend_template] INFO  o.eclipse.m2e.core.internal.Bundles - 	Entry: C:\Users\prath\Downloads\sts-5.0.1.RELEASE\sts-5.0.1.RELEASE\plugins\org.eclipse.m2e.maven.runtime_3.9.1101.20251020-1549\jars\maven-artifact-3.9.11.jar
2026-07-30 19:10:48,508 [Worker-6: Launching spring_boot_backend_template] INFO  o.eclipse.m2e.core.internal.Bundles - 	Entry: C:\Users\prath\Downloads\sts-5.0.1.RELEASE\sts-5.0.1.RELEASE\plugins\org.eclipse.m2e.maven.runtime_3.9.1101.20251020-1549\jars\maven-builder-support-3.9.11.jar
2026-07-30 19:10:48,509 [Worker-6: Launching spring_boot_backend_template] INFO  o.eclipse.m2e.core.internal.Bundles - 	Entry: C:\Users\prath\Downloads\sts-5.0.1.RELEASE\sts-5.0.1.RELEASE\plugins\org.eclipse.m2e.maven.runtime_3.9.1101.20251020-1549\jars\maven-compat-3.9.11.jar
2026-07-30 19:10:48,509 [Worker-6: Launching spring_boot_backend_template] INFO  o.eclipse.m2e.core.internal.Bundles - 	Entry: C:\Users\prath\Downloads\sts-5.0.1.RELEASE\sts-5.0.1.RELEASE\plugins\org.eclipse.m2e.maven.runtime_3.9.1101.20251020-1549\jars\maven-core-3.9.11.jar
2026-07-30 19:10:48,509 [Worker-6: Launching spring_boot_backend_template] INFO  o.eclipse.m2e.core.internal.Bundles - 	Entry: C:\Users\prath\Downloads\sts-5.0.1.RELEASE\sts-5.0.1.RELEASE\plugins\org.eclipse.m2e.maven.runtime_3.9.1101.20251020-1549\jars\maven-embedder-3.9.11.jar
2026-07-30 19:10:48,509 [Worker-6: Launching spring_boot_backend_template] INFO  o.eclipse.m2e.core.internal.Bundles - 	Entry: C:\Users\prath\Downloads\sts-5.0.1.RELEASE\sts-5.0.1.RELEASE\plugins\org.eclipse.m2e.maven.runtime_3.9.1101.20251020-1549\jars\maven-model-3.9.11.jar
2026-07-30 19:10:48,510 [Worker-6: Launching spring_boot_backend_template] INFO  o.eclipse.m2e.core.internal.Bundles - 	Entry: C:\Users\prath\Downloads\sts-5.0.1.RELEASE\sts-5.0.1.RELEASE\plugins\org.eclipse.m2e.maven.runtime_3.9.1101.20251020-1549\jars\maven-model-builder-3.9.11.jar
2026-07-30 19:10:48,510 [Worker-6: Launching spring_boot_backend_template] INFO  o.eclipse.m2e.core.internal.Bundles - 	Entry: C:\Users\prath\Downloads\sts-5.0.1.RELEASE\sts-5.0.1.RELEASE\plugins\org.eclipse.m2e.maven.runtime_3.9.1101.20251020-1549\jars\maven-plugin-api-3.9.11.jar
2026-07-30 19:10:48,510 [Worker-6: Launching spring_boot_backend_template] INFO  o.eclipse.m2e.core.internal.Bundles - 	Entry: C:\Users\prath\Downloads\sts-5.0.1.RELEASE\sts-5.0.1.RELEASE\plugins\org.eclipse.m2e.maven.runtime_3.9.1101.20251020-1549\jars\maven-repository-metadata-3.9.11.jar
2026-07-30 19:10:48,511 [Worker-6: Launching spring_boot_backend_template] INFO  o.eclipse.m2e.core.internal.Bundles - 	Entry: C:\Users\prath\Downloads\sts-5.0.1.RELEASE\sts-5.0.1.RELEASE\plugins\org.eclipse.m2e.maven.runtime_3.9.1101.20251020-1549\jars\maven-resolver-api-1.9.24.jar
2026-07-30 19:10:48,511 [Worker-6: Launching spring_boot_backend_template] INFO  o.eclipse.m2e.core.internal.Bundles - 	Entry: C:\Users\prath\Downloads\sts-5.0.1.RELEASE\sts-5.0.1.RELEASE\plugins\org.eclipse.m2e.maven.runtime_3.9.1101.20251020-1549\jars\maven-resolver-connector-basic-1.9.24.jar
2026-07-30 19:10:48,511 [Worker-6: Launching spring_boot_backend_template] INFO  o.eclipse.m2e.core.internal.Bundles - 	Entry: C:\Users\prath\Downloads\sts-5.0.1.RELEASE\sts-5.0.1.RELEASE\plugins\org.eclipse.m2e.maven.runtime_3.9.1101.20251020-1549\jars\maven-resolver-impl-1.9.24.jar
2026-07-30 19:10:48,511 [Worker-6: Launching spring_boot_backend_template] INFO  o.eclipse.m2e.core.internal.Bundles - 	Entry: C:\Users\prath\Downloads\sts-5.0.1.RELEASE\sts-5.0.1.RELEASE\plugins\org.eclipse.m2e.maven.runtime_3.9.1101.20251020-1549\jars\maven-resolver-named-locks-1.9.24.jar
2026-07-30 19:10:48,511 [Worker-6: Launching spring_boot_backend_template] INFO  o.eclipse.m2e.core.internal.Bundles - 	Entry: C:\Users\prath\Downloads\sts-5.0.1.RELEASE\sts-5.0.1.RELEASE\plugins\org.eclipse.m2e.maven.runtime_3.9.1101.20251020-1549\jars\maven-resolver-provider-3.9.11.jar
2026-07-30 19:10:48,511 [Worker-6: Launching spring_boot_backend_template] INFO  o.eclipse.m2e.core.internal.Bundles - 	Entry: C:\Users\prath\Downloads\sts-5.0.1.RELEASE\sts-5.0.1.RELEASE\plugins\org.eclipse.m2e.maven.runtime_3.9.1101.20251020-1549\jars\maven-resolver-spi-1.9.24.jar
2026-07-30 19:10:48,511 [Worker-6: Launching spring_boot_backend_template] INFO  o.eclipse.m2e.core.internal.Bundles - 	Entry: C:\Users\prath\Downloads\sts-5.0.1.RELEASE\sts-5.0.1.RELEASE\plugins\org.eclipse.m2e.maven.runtime_3.9.1101.20251020-1549\jars\maven-resolver-transport-file-1.9.24.jar
2026-07-30 19:10:48,511 [Worker-6: Launching spring_boot_backend_template] INFO  o.eclipse.m2e.core.internal.Bundles - 	Entry: C:\Users\prath\Downloads\sts-5.0.1.RELEASE\sts-5.0.1.RELEASE\plugins\org.eclipse.m2e.maven.runtime_3.9.1101.20251020-1549\jars\maven-resolver-transport-http-1.9.24.jar
2026-07-30 19:10:48,511 [Worker-6: Launching spring_boot_backend_template] INFO  o.eclipse.m2e.core.internal.Bundles - 	Entry: C:\Users\prath\Downloads\sts-5.0.1.RELEASE\sts-5.0.1.RELEASE\plugins\org.eclipse.m2e.maven.runtime_3.9.1101.20251020-1549\jars\maven-resolver-transport-wagon-1.9.24.jar
2026-07-30 19:10:48,511 [Worker-6: Launching spring_boot_backend_template] INFO  o.eclipse.m2e.core.internal.Bundles - 	Entry: C:\Users\prath\Downloads\sts-5.0.1.RELEASE\sts-5.0.1.RELEASE\plugins\org.eclipse.m2e.maven.runtime_3.9.1101.20251020-1549\jars\maven-resolver-util-1.9.24.jar
2026-07-30 19:10:48,511 [Worker-6: Launching spring_boot_backend_template] INFO  o.eclipse.m2e.core.internal.Bundles - 	Entry: C:\Users\prath\Downloads\sts-5.0.1.RELEASE\sts-5.0.1.RELEASE\plugins\org.eclipse.m2e.maven.runtime_3.9.1101.20251020-1549\jars\maven-settings-3.9.11.jar
2026-07-30 19:10:48,512 [Worker-6: Launching spring_boot_backend_template] INFO  o.eclipse.m2e.core.internal.Bundles - 	Entry: C:\Users\prath\Downloads\sts-5.0.1.RELEASE\sts-5.0.1.RELEASE\plugins\org.eclipse.m2e.maven.runtime_3.9.1101.20251020-1549\jars\maven-settings-builder-3.9.11.jar
2026-07-30 19:10:48,512 [Worker-6: Launching spring_boot_backend_template] INFO  o.eclipse.m2e.core.internal.Bundles - 	Entry: C:\Users\prath\Downloads\sts-5.0.1.RELEASE\sts-5.0.1.RELEASE\plugins\org.eclipse.m2e.maven.runtime_3.9.1101.20251020-1549\jars\maven-shared-utils-3.4.2.jar
2026-07-30 19:10:48,512 [Worker-6: Launching spring_boot_backend_template] INFO  o.eclipse.m2e.core.internal.Bundles - 	Entry: C:\Users\prath\Downloads\sts-5.0.1.RELEASE\sts-5.0.1.RELEASE\plugins\org.eclipse.m2e.maven.runtime_3.9.1101.20251020-1549\jars\org.eclipse.sisu.inject-0.9.0.M4.jar
2026-07-30 19:10:48,512 [Worker-6: Launching spring_boot_backend_template] INFO  o.eclipse.m2e.core.internal.Bundles - 	Entry: C:\Users\prath\Downloads\sts-5.0.1.RELEASE\sts-5.0.1.RELEASE\plugins\org.eclipse.m2e.maven.runtime_3.9.1101.20251020-1549\jars\org.eclipse.sisu.plexus-0.9.0.M4.jar
2026-07-30 19:10:48,512 [Worker-6: Launching spring_boot_backend_template] INFO  o.eclipse.m2e.core.internal.Bundles - 	Entry: C:\Users\prath\Downloads\sts-5.0.1.RELEASE\sts-5.0.1.RELEASE\plugins\org.eclipse.m2e.maven.runtime_3.9.1101.20251020-1549\jars\plexus-build-api-0.0.7.jar
2026-07-30 19:10:48,512 [Worker-6: Launching spring_boot_backend_template] INFO  o.eclipse.m2e.core.internal.Bundles - 	Entry: C:\Users\prath\Downloads\sts-5.0.1.RELEASE\sts-5.0.1.RELEASE\plugins\org.eclipse.m2e.maven.runtime_3.9.1101.20251020-1549\jars\plexus-build-api-1.2.0.jar
2026-07-30 19:10:48,513 [Worker-6: Launching spring_boot_backend_template] INFO  o.eclipse.m2e.core.internal.Bundles - 	Entry: C:\Users\prath\Downloads\sts-5.0.1.RELEASE\sts-5.0.1.RELEASE\plugins\org.eclipse.m2e.maven.runtime_3.9.1101.20251020-1549\jars\plexus-cipher-2.0.jar
2026-07-30 19:10:48,513 [Worker-6: Launching spring_boot_backend_template] INFO  o.eclipse.m2e.core.internal.Bundles - 	Entry: C:\Users\prath\Downloads\sts-5.0.1.RELEASE\sts-5.0.1.RELEASE\plugins\org.eclipse.m2e.maven.runtime_3.9.1101.20251020-1549\jars\plexus-classworlds-2.9.0.jar
2026-07-30 19:10:48,513 [Worker-6: Launching spring_boot_backend_template] INFO  o.eclipse.m2e.core.internal.Bundles - 	Entry: C:\Users\prath\Downloads\sts-5.0.1.RELEASE\sts-5.0.1.RELEASE\plugins\org.eclipse.m2e.maven.runtime_3.9.1101.20251020-1549\jars\plexus-component-annotations-2.2.0.jar
2026-07-30 19:10:48,513 [Worker-6: Launching spring_boot_backend_template] INFO  o.eclipse.m2e.core.internal.Bundles - 	Entry: C:\Users\prath\Downloads\sts-5.0.1.RELEASE\sts-5.0.1.RELEASE\plugins\org.eclipse.m2e.maven.runtime_3.9.1101.20251020-1549\jars\plexus-interpolation-1.28.jar
2026-07-30 19:10:48,513 [Worker-6: Launching spring_boot_backend_template] INFO  o.eclipse.m2e.core.internal.Bundles - 	Entry: C:\Users\prath\Downloads\sts-5.0.1.RELEASE\sts-5.0.1.RELEASE\plugins\org.eclipse.m2e.maven.runtime_3.9.1101.20251020-1549\jars\plexus-sec-dispatcher-2.0.jar
2026-07-30 19:10:48,513 [Worker-6: Launching spring_boot_backend_template] INFO  o.eclipse.m2e.core.internal.Bundles - 	Entry: C:\Users\prath\Downloads\sts-5.0.1.RELEASE\sts-5.0.1.RELEASE\plugins\org.eclipse.m2e.maven.runtime_3.9.1101.20251020-1549\jars\plexus-utils-3.6.0.jar
2026-07-30 19:10:48,514 [Worker-6: Launching spring_boot_backend_template] INFO  o.eclipse.m2e.core.internal.Bundles - 	Entry: C:\Users\prath\Downloads\sts-5.0.1.RELEASE\sts-5.0.1.RELEASE\plugins\org.eclipse.m2e.maven.runtime_3.9.1101.20251020-1549\jars\wagon-file-3.5.3.jar
2026-07-30 19:10:48,514 [Worker-6: Launching spring_boot_backend_template] INFO  o.eclipse.m2e.core.internal.Bundles - 	Entry: C:\Users\prath\Downloads\sts-5.0.1.RELEASE\sts-5.0.1.RELEASE\plugins\org.eclipse.m2e.maven.runtime_3.9.1101.20251020-1549\jars\wagon-http-3.5.3.jar
2026-07-30 19:10:48,514 [Worker-6: Launching spring_boot_backend_template] INFO  o.eclipse.m2e.core.internal.Bundles - 	Entry: C:\Users\prath\Downloads\sts-5.0.1.RELEASE\sts-5.0.1.RELEASE\plugins\org.eclipse.m2e.maven.runtime_3.9.1101.20251020-1549\jars\wagon-http-shared-3.5.3.jar
2026-07-30 19:10:48,514 [Worker-6: Launching spring_boot_backend_template] INFO  o.eclipse.m2e.core.internal.Bundles - 	Entry: C:\Users\prath\Downloads\sts-5.0.1.RELEASE\sts-5.0.1.RELEASE\plugins\org.eclipse.m2e.maven.runtime_3.9.1101.20251020-1549\jars\wagon-provider-api-3.5.3.jar
2026-07-30 19:10:48,516 [Worker-6: Launching spring_boot_backend_template] INFO  o.eclipse.m2e.core.internal.Bundles - getClasspathEntries(Bundle=com.google.guava_33.5.0.jre [31])
2026-07-30 19:10:48,517 [Worker-6: Launching spring_boot_backend_template] INFO  o.eclipse.m2e.core.internal.Bundles - 	Entry: C:\Users\prath\Downloads\sts-5.0.1.RELEASE\sts-5.0.1.RELEASE\plugins\com.google.guava_33.5.0.jre.jar
2026-07-30 19:10:48,517 [Worker-6: Launching spring_boot_backend_template] INFO  o.eclipse.m2e.core.internal.Bundles - getClasspathEntries(Bundle=slf4j.api_2.0.17 [620])
2026-07-30 19:10:48,518 [Worker-6: Launching spring_boot_backend_template] INFO  o.eclipse.m2e.core.internal.Bundles - 	Entry: C:\Users\prath\Downloads\sts-5.0.1.RELEASE\sts-5.0.1.RELEASE\plugins\slf4j.api_2.0.17.jar
2026-07-30 19:10:48,518 [Worker-6: Launching spring_boot_backend_template] INFO  o.eclipse.m2e.core.internal.Bundles - getClasspathEntries(Bundle=jakarta.inject.jakarta.inject-api_1.0.5 [46])
2026-07-30 19:10:48,519 [Worker-6: Launching spring_boot_backend_template] INFO  o.eclipse.m2e.core.internal.Bundles - 	Entry: C:\Users\prath\Downloads\sts-5.0.1.RELEASE\sts-5.0.1.RELEASE\plugins\jakarta.inject.jakarta.inject-api_1.0.5.jar
2026-07-30 19:10:48,519 [Worker-6: Launching spring_boot_backend_template] INFO  o.eclipse.m2e.core.internal.Bundles - getClasspathEntries(Bundle=jakarta.annotation-api_1.3.5 [43])
2026-07-30 19:10:48,520 [Worker-6: Launching spring_boot_backend_template] INFO  o.eclipse.m2e.core.internal.Bundles - 	Entry: C:\Users\prath\Downloads\sts-5.0.1.RELEASE\sts-5.0.1.RELEASE\plugins\jakarta.annotation-api_1.3.5.jar
2026-07-30 19:10:48,520 [Worker-6: Launching spring_boot_backend_template] INFO  o.eclipse.m2e.core.internal.Bundles - getClasspathEntries(Bundle=org.apache.commons.cli_1.11.0 [85])
2026-07-30 19:10:48,521 [Worker-6: Launching spring_boot_backend_template] INFO  o.eclipse.m2e.core.internal.Bundles - 	Entry: C:\Users\prath\Downloads\sts-5.0.1.RELEASE\sts-5.0.1.RELEASE\plugins\org.apache.commons.cli_1.11.0.jar
2026-07-30 19:10:48,521 [Worker-6: Launching spring_boot_backend_template] INFO  o.eclipse.m2e.core.internal.Bundles - getClasspathEntries(Bundle=org.apache.commons.commons-codec_1.20.0 [87])
2026-07-30 19:10:48,522 [Worker-6: Launching spring_boot_backend_template] INFO  o.eclipse.m2e.core.internal.Bundles - 	Entry: C:\Users\prath\Downloads\sts-5.0.1.RELEASE\sts-5.0.1.RELEASE\plugins\org.apache.commons.commons-codec_1.20.0.jar
2026-07-30 19:10:48,522 [Worker-6: Launching spring_boot_backend_template] INFO  o.eclipse.m2e.core.internal.Bundles - getClasspathEntries(Bundle=com.google.guava.failureaccess_1.0.3 [32])
2026-07-30 19:10:48,523 [Worker-6: Launching spring_boot_backend_template] INFO  o.eclipse.m2e.core.internal.Bundles - 	Entry: C:\Users\prath\Downloads\sts-5.0.1.RELEASE\sts-5.0.1.RELEASE\plugins\com.google.guava.failureaccess_1.0.3.jar
2026-07-30 19:10:48,528 [Worker-6: Launching spring_boot_backend_template] INFO  o.e.m.i.launch.MavenLaunchDelegate - Run build in "D:\ProjectData\Child_Adoption_System\user_backend\spring_boot_backend_template":
2026-07-30 19:10:48,536 [Worker-6: Launching spring_boot_backend_template] INFO  o.e.m.i.launch.MavenLaunchDelegate -  mvn  -B -Dstyle.color=always clean compile
2026-07-30 19:12:24,413 [Worker-8: Loading available Gradle versions] INFO  o.e.b.c.i.u.g.PublishedGradleVersions - Gradle version information cache is up-to-date. Trying to read.
2026-07-30 19:13:27,338 [Worker-3: Loading available Gradle versions] INFO  o.e.b.c.i.u.g.PublishedGradleVersions - Gradle version information cache is up-to-date. Trying to read.
2026-07-30 19:13:43,524 [Worker-4: Building] INFO  o.a.m.s.f.DefaultMavenResourcesFiltering - Copying 1 resource from src\main\resources to target\classes
2026-07-30 19:13:43,593 [Worker-4: Building] INFO  o.a.m.s.f.DefaultMavenResourcesFiltering - Copying 0 resource from src\main\resources to target\classes
2026-07-30 19:13:43,609 [Worker-4: Building] INFO  o.a.m.s.f.DefaultMavenResourcesFiltering - skip non existing resourceDirectory D:\ProjectData\Child_Adoption_System\user_backend\spring_boot_backend_template\src\test\resources
2026-07-30 19:13:44,681 [Worker-4: Building] INFO  o.e.m.c.i.e.AbstractTransferListenerAdapter - Downloading https://repo.maven.apache.org/maven2/org/apache/maven/plugins/maven-surefire-plugin/3.5.2/maven-surefire-plugin-3.5.2.pom
2026-07-30 19:13:44,929 [Worker-4: Building] INFO  o.e.m.c.i.e.AbstractTransferListenerAdapter - Downloaded https://repo.maven.apache.org/maven2/org/apache/maven/plugins/maven-surefire-plugin/3.5.2/maven-surefire-plugin-3.5.2.pom
2026-07-30 19:13:45,033 [Worker-4: Building] INFO  o.e.m.c.i.e.AbstractTransferListenerAdapter - Downloading https://repo.maven.apache.org/maven2/org/apache/maven/surefire/surefire/3.5.2/surefire-3.5.2.pom
2026-07-30 19:13:45,126 [Worker-4: Building] INFO  o.e.m.c.i.e.AbstractTransferListenerAdapter - Downloaded https://repo.maven.apache.org/maven2/org/apache/maven/surefire/surefire/3.5.2/surefire-3.5.2.pom
2026-07-30 19:13:47,333 [Worker-4: Building] WARN  o.apache.maven.project.MavenProject - Direct modification of compileSourceRoots through clear() is deprecated and will not work in Maven 4.0.0. Please use the add/remove methods instead. If you're using a plugin that causes this warning, please upgrade to the latest version and report an issue if the warning persists. To disable these warnings, set -Dmaven.project.sourceRoots.warningsDisabled=true on the command line, in the .mvn/maven.config file, or in project POM properties.
2026-07-30 19:13:47,337 [Worker-4: Building] WARN  o.apache.maven.project.MavenProject - Direct modification of compileSourceRoots through add() is deprecated and will not work in Maven 4.0.0. Please use the add/remove methods instead. If you're using a plugin that causes this warning, please upgrade to the latest version and report an issue if the warning persists. To disable these warnings, set -Dmaven.project.sourceRoots.warningsDisabled=true on the command line, in the .mvn/maven.config file, or in project POM properties.
2026-07-30 19:13:47,338 [Worker-4: Building] WARN  o.apache.maven.project.MavenProject - Direct modification of testCompileSourceRoots through clear() is deprecated and will not work in Maven 4.0.0. Please use the add/remove methods instead. If you're using a plugin that causes this warning, please upgrade to the latest version and report an issue if the warning persists. To disable these warnings, set -Dmaven.project.sourceRoots.warningsDisabled=true on the command line, in the .mvn/maven.config file, or in project POM properties.
2026-07-30 19:13:47,339 [Worker-4: Building] WARN  o.apache.maven.project.MavenProject - Direct modification of testCompileSourceRoots through add() is deprecated and will not work in Maven 4.0.0. Please use the add/remove methods instead. If you're using a plugin that causes this warning, please upgrade to the latest version and report an issue if the warning persists. To disable these warnings, set -Dmaven.project.sourceRoots.warningsDisabled=true on the command line, in the .mvn/maven.config file, or in project POM properties.
2026-07-30 19:14:09,710 [Worker-4: Download sources and javadoc] INFO  o.e.m.c.i.e.AbstractTransferListenerAdapter - Downloading https://repo.maven.apache.org/maven2/org/springframework/spring-jdbc/6.2.2/spring-jdbc-6.2.2-sources.jar
2026-07-30 19:14:09,856 [Worker-4: Download sources and javadoc] INFO  o.e.m.c.i.e.AbstractTransferListenerAdapter - Downloaded https://repo.maven.apache.org/maven2/org/springframework/spring-jdbc/6.2.2/spring-jdbc-6.2.2-sources.jar
2026-07-30 19:14:09,863 [Worker-4: Download sources and javadoc] INFO  o.e.m.j.internal.DownloadSourcesJob - Downloaded sources for org.springframework:spring-jdbc:6.2.2
2026-07-30 19:14:09,958 [Worker-4: Download sources and javadoc] INFO  o.e.m.c.i.e.AbstractTransferListenerAdapter - Downloading https://repo.maven.apache.org/maven2/org/hibernate/orm/hibernate-core/6.6.5.Final/hibernate-core-6.6.5.Final-sources.jar
2026-07-30 19:14:10,272 [Worker-4: Download sources and javadoc] INFO  o.e.m.c.i.e.AbstractTransferListenerAdapter - Downloaded https://repo.maven.apache.org/maven2/org/hibernate/orm/hibernate-core/6.6.5.Final/hibernate-core-6.6.5.Final-sources.jar
2026-07-30 19:14:10,282 [Worker-4: Download sources and javadoc] INFO  o.e.m.j.internal.DownloadSourcesJob - Downloaded sources for org.hibernate.orm:hibernate-core:6.6.5.Final
2026-07-30 19:14:10,530 [Worker-4: Download sources and javadoc] INFO  o.e.m.c.i.e.AbstractTransferListenerAdapter - Downloading https://repo.maven.apache.org/maven2/net/bytebuddy/byte-buddy/1.15.11/byte-buddy-1.15.11-sources.jar
2026-07-30 19:14:10,644 [Worker-4: Download sources and javadoc] INFO  o.e.m.c.i.e.AbstractTransferListenerAdapter - Downloaded https://repo.maven.apache.org/maven2/net/bytebuddy/byte-buddy/1.15.11/byte-buddy-1.15.11-sources.jar
2026-07-30 19:14:10,650 [Worker-4: Download sources and javadoc] INFO  o.e.m.j.internal.DownloadSourcesJob - Downloaded sources for net.bytebuddy:byte-buddy:1.15.11
2026-07-30 19:14:10,837 [Worker-4: Download sources and javadoc] INFO  o.e.m.c.i.e.AbstractTransferListenerAdapter - Downloading https://repo.maven.apache.org/maven2/org/antlr/antlr4-runtime/4.13.0/antlr4-runtime-4.13.0-sources.jar
2026-07-30 19:14:10,916 [Worker-4: Download sources and javadoc] INFO  o.e.m.c.i.e.AbstractTransferListenerAdapter - Downloaded https://repo.maven.apache.org/maven2/org/antlr/antlr4-runtime/4.13.0/antlr4-runtime-4.13.0-sources.jar
2026-07-30 19:14:10,930 [Worker-4: Download sources and javadoc] INFO  o.e.m.j.internal.DownloadSourcesJob - Downloaded sources for org.antlr:antlr4-runtime:4.13.0
2026-07-30 19:14:11,144 [Worker-4: Download sources and javadoc] INFO  o.e.m.c.i.e.AbstractTransferListenerAdapter - Downloading https://repo.maven.apache.org/maven2/org/springframework/data/spring-data-jpa/3.4.2/spring-data-jpa-3.4.2-sources.jar
2026-07-30 19:14:11,256 [Worker-4: Download sources and javadoc] INFO  o.e.m.c.i.e.AbstractTransferListenerAdapter - Downloaded https://repo.maven.apache.org/maven2/org/springframework/data/spring-data-jpa/3.4.2/spring-data-jpa-3.4.2-sources.jar
2026-07-30 19:14:11,264 [Worker-4: Download sources and javadoc] INFO  o.e.m.j.internal.DownloadSourcesJob - Downloaded sources for org.springframework.data:spring-data-jpa:3.4.2
2026-07-30 19:14:11,345 [Worker-4: Download sources and javadoc] INFO  o.e.m.c.i.e.AbstractTransferListenerAdapter - Downloading https://repo.maven.apache.org/maven2/org/springframework/data/spring-data-commons/3.4.2/spring-data-commons-3.4.2-sources.jar
2026-07-30 19:14:11,454 [Worker-4: Download sources and javadoc] INFO  o.e.m.c.i.e.AbstractTransferListenerAdapter - Downloaded https://repo.maven.apache.org/maven2/org/springframework/data/spring-data-commons/3.4.2/spring-data-commons-3.4.2-sources.jar
2026-07-30 19:14:11,466 [Worker-4: Download sources and javadoc] INFO  o.e.m.j.internal.DownloadSourcesJob - Downloaded sources for org.springframework.data:spring-data-commons:3.4.2
2026-07-30 19:14:11,554 [Worker-4: Download sources and javadoc] INFO  o.e.m.c.i.e.AbstractTransferListenerAdapter - Downloading https://repo.maven.apache.org/maven2/org/springframework/spring-orm/6.2.2/spring-orm-6.2.2-sources.jar
2026-07-30 19:14:11,624 [Worker-4: Download sources and javadoc] INFO  o.e.m.c.i.e.AbstractTransferListenerAdapter - Downloaded https://repo.maven.apache.org/maven2/org/springframework/spring-orm/6.2.2/spring-orm-6.2.2-sources.jar
2026-07-30 19:14:11,636 [Worker-4: Download sources and javadoc] INFO  o.e.m.j.internal.DownloadSourcesJob - Downloaded sources for org.springframework:spring-orm:6.2.2
2026-07-30 19:14:11,738 [Worker-4: Download sources and javadoc] INFO  o.e.m.c.i.e.AbstractTransferListenerAdapter - Downloading https://repo.maven.apache.org/maven2/org/springframework/spring-tx/6.2.2/spring-tx-6.2.2-sources.jar
2026-07-30 19:14:11,820 [Worker-4: Download sources and javadoc] INFO  o.e.m.c.i.e.AbstractTransferListenerAdapter - Downloaded https://repo.maven.apache.org/maven2/org/springframework/spring-tx/6.2.2/spring-tx-6.2.2-sources.jar
2026-07-30 19:14:11,830 [Worker-4: Download sources and javadoc] INFO  o.e.m.j.internal.DownloadSourcesJob - Downloaded sources for org.springframework:spring-tx:6.2.2
2026-07-30 19:14:11,945 [Worker-4: Download sources and javadoc] INFO  o.e.m.c.i.e.AbstractTransferListenerAdapter - Downloading https://repo.maven.apache.org/maven2/org/slf4j/slf4j-api/2.0.16/slf4j-api-2.0.16-sources.jar
2026-07-30 19:14:12,011 [Worker-4: Download sources and javadoc] INFO  o.e.m.c.i.e.AbstractTransferListenerAdapter - Downloaded https://repo.maven.apache.org/maven2/org/slf4j/slf4j-api/2.0.16/slf4j-api-2.0.16-sources.jar
2026-07-30 19:14:12,024 [Worker-4: Download sources and javadoc] INFO  o.e.m.j.internal.DownloadSourcesJob - Downloaded sources for org.slf4j:slf4j-api:2.0.16
2026-07-30 19:14:12,109 [Worker-4: Download sources and javadoc] INFO  o.e.m.c.i.e.AbstractTransferListenerAdapter - Downloading https://repo.maven.apache.org/maven2/org/springframework/spring-aspects/6.2.2/spring-aspects-6.2.2-sources.jar
2026-07-30 19:14:12,844 [Worker-4: Download sources and javadoc] INFO  o.e.m.c.i.e.AbstractTransferListenerAdapter - Downloaded https://repo.maven.apache.org/maven2/org/springframework/spring-aspects/6.2.2/spring-aspects-6.2.2-sources.jar
2026-07-30 19:14:12,851 [Worker-4: Download sources and javadoc] INFO  o.e.m.j.internal.DownloadSourcesJob - Downloaded sources for org.springframework:spring-aspects:6.2.2
2026-07-30 19:14:12,928 [Worker-4: Download sources and javadoc] INFO  o.e.m.c.i.e.AbstractTransferListenerAdapter - Downloading https://repo.maven.apache.org/maven2/org/aspectj/aspectjweaver/1.9.22.1/aspectjweaver-1.9.22.1-sources.jar
2026-07-30 19:14:13,047 [Worker-4: Download sources and javadoc] INFO  o.e.m.c.i.e.AbstractTransferListenerAdapter - Downloaded https://repo.maven.apache.org/maven2/org/aspectj/aspectjweaver/1.9.22.1/aspectjweaver-1.9.22.1-sources.jar
2026-07-30 19:14:13,060 [Worker-4: Download sources and javadoc] INFO  o.e.m.j.internal.DownloadSourcesJob - Downloaded sources for org.aspectj:aspectjweaver:1.9.22.1
2026-07-30 19:14:13,188 [Worker-4: Download sources and javadoc] INFO  o.e.m.c.i.e.AbstractTransferListenerAdapter - Downloading https://repo.maven.apache.org/maven2/org/springframework/boot/spring-boot-starter-security/3.4.2/spring-boot-starter-security-3.4.2-sources.jar
2026-07-30 19:14:13,198 [Worker-4: Download sources and javadoc] INFO  o.e.m.c.i.e.AbstractTransferListenerAdapter - Downloaded https://repo.maven.apache.org/maven2/org/springframework/boot/spring-boot-starter-security/3.4.2/spring-boot-starter-security-3.4.2-sources.jar
2026-07-30 19:14:13,207 [Worker-4: Download sources and javadoc] INFO  o.e.m.j.internal.DownloadSourcesJob - Downloaded sources for org.springframework.boot:spring-boot-starter-security:3.4.2
2026-07-30 19:14:13,301 [Worker-4: Download sources and javadoc] INFO  o.e.m.c.i.e.AbstractTransferListenerAdapter - Downloading https://repo.maven.apache.org/maven2/org/springframework/spring-aop/6.2.2/spring-aop-6.2.2-sources.jar
2026-07-30 19:14:13,373 [Worker-4: Download sources and javadoc] INFO  o.e.m.c.i.e.AbstractTransferListenerAdapter - Downloaded https://repo.maven.apache.org/maven2/org/springframework/spring-aop/6.2.2/spring-aop-6.2.2-sources.jar
2026-07-30 19:14:13,381 [Worker-4: Download sources and javadoc] INFO  o.e.m.j.internal.DownloadSourcesJob - Downloaded sources for org.springframework:spring-aop:6.2.2
2026-07-30 19:14:13,468 [Worker-4: Download sources and javadoc] INFO  o.e.m.c.i.e.AbstractTransferListenerAdapter - Downloading https://repo.maven.apache.org/maven2/org/springframework/security/spring-security-config/6.4.2/spring-security-config-6.4.2-sources.jar
2026-07-30 19:14:13,568 [Worker-4: Download sources and javadoc] INFO  o.e.m.c.i.e.AbstractTransferListenerAdapter - Downloaded https://repo.maven.apache.org/maven2/org/springframework/security/spring-security-config/6.4.2/spring-security-config-6.4.2-sources.jar
2026-07-30 19:14:13,579 [Worker-4: Download sources and javadoc] INFO  o.e.m.j.internal.DownloadSourcesJob - Downloaded sources for org.springframework.security:spring-security-config:6.4.2
2026-07-30 19:14:13,657 [Worker-4: Download sources and javadoc] INFO  o.e.m.c.i.e.AbstractTransferListenerAdapter - Downloading https://repo.maven.apache.org/maven2/org/springframework/security/spring-security-web/6.4.2/spring-security-web-6.4.2-sources.jar
2026-07-30 19:14:13,739 [Worker-4: Download sources and javadoc] INFO  o.e.m.c.i.e.AbstractTransferListenerAdapter - Downloaded https://repo.maven.apache.org/maven2/org/springframework/security/spring-security-web/6.4.2/spring-security-web-6.4.2-sources.jar
2026-07-30 19:14:13,745 [Worker-4: Download sources and javadoc] INFO  o.e.m.j.internal.DownloadSourcesJob - Downloaded sources for org.springframework.security:spring-security-web:6.4.2
2026-07-30 19:14:13,882 [Worker-4: Download sources and javadoc] INFO  o.e.m.c.i.e.AbstractTransferListenerAdapter - Downloading https://repo.maven.apache.org/maven2/org/springframework/boot/spring-boot-starter-validation/3.4.2/spring-boot-starter-validation-3.4.2-sources.jar
2026-07-30 19:14:13,935 [Worker-4: Download sources and javadoc] INFO  o.e.m.c.i.e.AbstractTransferListenerAdapter - Downloaded https://repo.maven.apache.org/maven2/org/springframework/boot/spring-boot-starter-validation/3.4.2/spring-boot-starter-validation-3.4.2-sources.jar
2026-07-30 19:14:13,941 [Worker-4: Download sources and javadoc] INFO  o.e.m.j.internal.DownloadSourcesJob - Downloaded sources for org.springframework.boot:spring-boot-starter-validation:3.4.2
2026-07-30 19:14:14,026 [Worker-4: Download sources and javadoc] INFO  o.e.m.c.i.e.AbstractTransferListenerAdapter - Downloading https://repo.maven.apache.org/maven2/org/apache/tomcat/embed/tomcat-embed-el/10.1.34/tomcat-embed-el-10.1.34-sources.jar
2026-07-30 19:14:14,090 [Worker-4: Download sources and javadoc] INFO  o.e.m.c.i.e.AbstractTransferListenerAdapter - Downloaded https://repo.maven.apache.org/maven2/org/apache/tomcat/embed/tomcat-embed-el/10.1.34/tomcat-embed-el-10.1.34-sources.jar
2026-07-30 19:14:14,096 [Worker-4: Download sources and javadoc] INFO  o.e.m.j.internal.DownloadSourcesJob - Downloaded sources for org.apache.tomcat.embed:tomcat-embed-el:10.1.34
2026-07-30 19:14:14,194 [Worker-4: Download sources and javadoc] INFO  o.e.m.c.i.e.AbstractTransferListenerAdapter - Downloading https://repo.maven.apache.org/maven2/org/hibernate/validator/hibernate-validator/8.0.2.Final/hibernate-validator-8.0.2.Final-sources.jar
2026-07-30 19:14:14,299 [Worker-4: Download sources and javadoc] INFO  o.e.m.c.i.e.AbstractTransferListenerAdapter - Downloaded https://repo.maven.apache.org/maven2/org/hibernate/validator/hibernate-validator/8.0.2.Final/hibernate-validator-8.0.2.Final-sources.jar
2026-07-30 19:14:14,305 [Worker-4: Download sources and javadoc] INFO  o.e.m.j.internal.DownloadSourcesJob - Downloaded sources for org.hibernate.validator:hibernate-validator:8.0.2.Final
2026-07-30 19:14:14,385 [Worker-4: Download sources and javadoc] INFO  o.e.m.c.i.e.AbstractTransferListenerAdapter - Downloading https://repo.maven.apache.org/maven2/org/springframework/boot/spring-boot-starter-actuator/3.4.2/spring-boot-starter-actuator-3.4.2-sources.jar
2026-07-30 19:14:14,457 [Worker-4: Download sources and javadoc] INFO  o.e.m.c.i.e.AbstractTransferListenerAdapter - Downloaded https://repo.maven.apache.org/maven2/org/springframework/boot/spring-boot-starter-actuator/3.4.2/spring-boot-starter-actuator-3.4.2-sources.jar
2026-07-30 19:14:14,467 [Worker-4: Download sources and javadoc] INFO  o.e.m.j.internal.DownloadSourcesJob - Downloaded sources for org.springframework.boot:spring-boot-starter-actuator:3.4.2
2026-07-30 19:14:14,554 [Worker-4: Download sources and javadoc] INFO  o.e.m.c.i.e.AbstractTransferListenerAdapter - Downloading https://repo.maven.apache.org/maven2/org/springframework/boot/spring-boot-actuator-autoconfigure/3.4.2/spring-boot-actuator-autoconfigure-3.4.2-sources.jar
2026-07-30 19:14:14,639 [Worker-4: Download sources and javadoc] INFO  o.e.m.c.i.e.AbstractTransferListenerAdapter - Downloaded https://repo.maven.apache.org/maven2/org/springframework/boot/spring-boot-actuator-autoconfigure/3.4.2/spring-boot-actuator-autoconfigure-3.4.2-sources.jar
2026-07-30 19:14:14,648 [Worker-4: Download sources and javadoc] INFO  o.e.m.j.internal.DownloadSourcesJob - Downloaded sources for org.springframework.boot:spring-boot-actuator-autoconfigure:3.4.2
2026-07-30 19:14:14,738 [Worker-4: Download sources and javadoc] INFO  o.e.m.c.i.e.AbstractTransferListenerAdapter - Downloading https://repo.maven.apache.org/maven2/org/springframework/boot/spring-boot-actuator/3.4.2/spring-boot-actuator-3.4.2-sources.jar
2026-07-30 19:14:14,832 [Worker-4: Download sources and javadoc] INFO  o.e.m.c.i.e.AbstractTransferListenerAdapter - Downloaded https://repo.maven.apache.org/maven2/org/springframework/boot/spring-boot-actuator/3.4.2/spring-boot-actuator-3.4.2-sources.jar
2026-07-30 19:14:14,842 [Worker-4: Download sources and javadoc] INFO  o.e.m.j.internal.DownloadSourcesJob - Downloaded sources for org.springframework.boot:spring-boot-actuator:3.4.2
2026-07-30 19:14:14,930 [Worker-4: Download sources and javadoc] INFO  o.e.m.c.i.e.AbstractTransferListenerAdapter - Downloading https://repo.maven.apache.org/maven2/io/micrometer/micrometer-observation/1.14.3/micrometer-observation-1.14.3-sources.jar
2026-07-30 19:14:14,990 [Worker-4: Download sources and javadoc] INFO  o.e.m.c.i.e.AbstractTransferListenerAdapter - Downloaded https://repo.maven.apache.org/maven2/io/micrometer/micrometer-observation/1.14.3/micrometer-observation-1.14.3-sources.jar
2026-07-30 19:14:14,998 [Worker-4: Download sources and javadoc] INFO  o.e.m.j.internal.DownloadSourcesJob - Downloaded sources for io.micrometer:micrometer-observation:1.14.3
2026-07-30 19:14:15,081 [Worker-4: Download sources and javadoc] INFO  o.e.m.c.i.e.AbstractTransferListenerAdapter - Downloading https://repo.maven.apache.org/maven2/io/micrometer/micrometer-commons/1.14.3/micrometer-commons-1.14.3-sources.jar
2026-07-30 19:14:16,304 [Worker-4: Download sources and javadoc] INFO  o.e.m.c.i.e.AbstractTransferListenerAdapter - Downloaded https://repo.maven.apache.org/maven2/io/micrometer/micrometer-commons/1.14.3/micrometer-commons-1.14.3-sources.jar
2026-07-30 19:14:16,315 [Worker-4: Download sources and javadoc] INFO  o.e.m.j.internal.DownloadSourcesJob - Downloaded sources for io.micrometer:micrometer-commons:1.14.3
2026-07-30 19:14:16,415 [Worker-4: Download sources and javadoc] INFO  o.e.m.c.i.e.AbstractTransferListenerAdapter - Downloading https://repo.maven.apache.org/maven2/io/micrometer/micrometer-jakarta9/1.14.3/micrometer-jakarta9-1.14.3-sources.jar
2026-07-30 19:14:16,925 [Worker-4: Download sources and javadoc] INFO  o.e.m.c.i.e.AbstractTransferListenerAdapter - Downloaded https://repo.maven.apache.org/maven2/io/micrometer/micrometer-jakarta9/1.14.3/micrometer-jakarta9-1.14.3-sources.jar
2026-07-30 19:14:16,935 [Worker-4: Download sources and javadoc] INFO  o.e.m.j.internal.DownloadSourcesJob - Downloaded sources for io.micrometer:micrometer-jakarta9:1.14.3
2026-07-30 19:14:17,019 [Worker-4: Download sources and javadoc] INFO  o.e.m.c.i.e.AbstractTransferListenerAdapter - Downloading https://repo.maven.apache.org/maven2/io/micrometer/micrometer-core/1.14.3/micrometer-core-1.14.3-sources.jar
2026-07-30 19:14:17,108 [Worker-4: Download sources and javadoc] INFO  o.e.m.c.i.e.AbstractTransferListenerAdapter - Downloaded https://repo.maven.apache.org/maven2/io/micrometer/micrometer-core/1.14.3/micrometer-core-1.14.3-sources.jar
2026-07-30 19:14:17,121 [Worker-4: Download sources and javadoc] INFO  o.e.m.j.internal.DownloadSourcesJob - Downloaded sources for io.micrometer:micrometer-core:1.14.3
2026-07-30 19:14:17,206 [Worker-4: Download sources and javadoc] INFO  o.e.m.c.i.e.AbstractTransferListenerAdapter - Downloading https://repo.maven.apache.org/maven2/com/mysql/mysql-connector-j/9.1.0/mysql-connector-j-9.1.0-sources.jar
2026-07-30 19:14:17,344 [Worker-4: Download sources and javadoc] INFO  o.e.m.c.i.e.AbstractTransferListenerAdapter - Downloaded https://repo.maven.apache.org/maven2/com/mysql/mysql-connector-j/9.1.0/mysql-connector-j-9.1.0-sources.jar
2026-07-30 19:14:17,355 [Worker-4: Download sources and javadoc] INFO  o.e.m.j.internal.DownloadSourcesJob - Downloaded sources for com.mysql:mysql-connector-j:9.1.0
2026-07-30 19:14:17,457 [Worker-4: Download sources and javadoc] INFO  o.e.m.c.i.e.AbstractTransferListenerAdapter - Downloading https://repo.maven.apache.org/maven2/org/projectlombok/lombok/1.18.36/lombok-1.18.36-sources.jar
2026-07-30 19:14:17,560 [Worker-4: Download sources and javadoc] INFO  o.e.m.c.i.e.AbstractTransferListenerAdapter - Downloaded https://repo.maven.apache.org/maven2/org/projectlombok/lombok/1.18.36/lombok-1.18.36-sources.jar
2026-07-30 19:14:17,569 [Worker-4: Download sources and javadoc] INFO  o.e.m.j.internal.DownloadSourcesJob - Downloaded sources for org.projectlombok:lombok:1.18.36
2026-07-30 19:14:17,645 [Worker-4: Download sources and javadoc] INFO  o.e.m.c.i.e.AbstractTransferListenerAdapter - Downloading https://repo.maven.apache.org/maven2/io/jsonwebtoken/jjwt-api/0.12.6/jjwt-api-0.12.6-sources.jar
2026-07-30 19:14:17,712 [Worker-4: Download sources and javadoc] INFO  o.e.m.c.i.e.AbstractTransferListenerAdapter - Downloaded https://repo.maven.apache.org/maven2/io/jsonwebtoken/jjwt-api/0.12.6/jjwt-api-0.12.6-sources.jar
2026-07-30 19:14:17,722 [Worker-4: Download sources and javadoc] INFO  o.e.m.j.internal.DownloadSourcesJob - Downloaded sources for io.jsonwebtoken:jjwt-api:0.12.6
2026-07-30 19:14:17,805 [Worker-4: Download sources and javadoc] INFO  o.e.m.c.i.e.AbstractTransferListenerAdapter - Downloading https://repo.maven.apache.org/maven2/io/jsonwebtoken/jjwt-impl/0.12.6/jjwt-impl-0.12.6-sources.jar
2026-07-30 19:14:17,880 [Worker-4: Download sources and javadoc] INFO  o.e.m.c.i.e.AbstractTransferListenerAdapter - Downloaded https://repo.maven.apache.org/maven2/io/jsonwebtoken/jjwt-impl/0.12.6/jjwt-impl-0.12.6-sources.jar
2026-07-30 19:14:17,888 [Worker-4: Download sources and javadoc] INFO  o.e.m.j.internal.DownloadSourcesJob - Downloaded sources for io.jsonwebtoken:jjwt-impl:0.12.6
2026-07-30 19:14:18,024 [Worker-4: Download sources and javadoc] INFO  o.e.m.c.i.e.AbstractTransferListenerAdapter - Downloading https://repo.maven.apache.org/maven2/io/jsonwebtoken/jjwt-jackson/0.12.6/jjwt-jackson-0.12.6-sources.jar
2026-07-30 19:14:18,263 [Worker-4: Download sources and javadoc] INFO  o.e.m.c.i.e.AbstractTransferListenerAdapter - Downloaded https://repo.maven.apache.org/maven2/io/jsonwebtoken/jjwt-jackson/0.12.6/jjwt-jackson-0.12.6-sources.jar
2026-07-30 19:14:18,274 [Worker-4: Download sources and javadoc] INFO  o.e.m.j.internal.DownloadSourcesJob - Downloaded sources for io.jsonwebtoken:jjwt-jackson:0.12.6
2026-07-30 19:14:18,372 [Worker-4: Download sources and javadoc] INFO  o.e.m.c.i.e.AbstractTransferListenerAdapter - Downloading https://repo.maven.apache.org/maven2/com/fasterxml/jackson/core/jackson-databind/2.18.2/jackson-databind-2.18.2-sources.jar
2026-07-30 19:14:18,490 [Worker-4: Download sources and javadoc] INFO  o.e.m.c.i.e.AbstractTransferListenerAdapter - Downloaded https://repo.maven.apache.org/maven2/com/fasterxml/jackson/core/jackson-databind/2.18.2/jackson-databind-2.18.2-sources.jar
2026-07-30 19:14:18,499 [Worker-4: Download sources and javadoc] INFO  o.e.m.j.internal.DownloadSourcesJob - Downloaded sources for com.fasterxml.jackson.core:jackson-databind:2.18.2
2026-07-30 19:14:18,594 [Worker-4: Download sources and javadoc] INFO  o.e.m.c.i.e.AbstractTransferListenerAdapter - Downloading https://repo.maven.apache.org/maven2/com/fasterxml/jackson/core/jackson-annotations/2.18.2/jackson-annotations-2.18.2-sources.jar
2026-07-30 19:14:18,647 [Worker-4: Download sources and javadoc] INFO  o.e.m.c.i.e.AbstractTransferListenerAdapter - Downloaded https://repo.maven.apache.org/maven2/com/fasterxml/jackson/core/jackson-annotations/2.18.2/jackson-annotations-2.18.2-sources.jar
2026-07-30 19:14:18,657 [Worker-4: Download sources and javadoc] INFO  o.e.m.j.internal.DownloadSourcesJob - Downloaded sources for com.fasterxml.jackson.core:jackson-annotations:2.18.2
2026-07-30 19:14:18,744 [Worker-4: Download sources and javadoc] INFO  o.e.m.c.i.e.AbstractTransferListenerAdapter - Downloading https://repo.maven.apache.org/maven2/com/fasterxml/jackson/core/jackson-core/2.18.2/jackson-core-2.18.2-sources.jar
2026-07-30 19:14:18,821 [Worker-4: Download sources and javadoc] INFO  o.e.m.c.i.e.AbstractTransferListenerAdapter - Downloaded https://repo.maven.apache.org/maven2/com/fasterxml/jackson/core/jackson-core/2.18.2/jackson-core-2.18.2-sources.jar
2026-07-30 19:14:18,830 [Worker-4: Download sources and javadoc] INFO  o.e.m.j.internal.DownloadSourcesJob - Downloaded sources for com.fasterxml.jackson.core:jackson-core:2.18.2
2026-07-30 19:14:18,908 [Worker-4: Download sources and javadoc] INFO  o.e.m.c.i.e.AbstractTransferListenerAdapter - Downloading https://repo.maven.apache.org/maven2/org/modelmapper/modelmapper/3.2.2/modelmapper-3.2.2-sources.jar
2026-07-30 19:14:18,966 [Worker-4: Download sources and javadoc] INFO  o.e.m.c.i.e.AbstractTransferListenerAdapter - Downloaded https://repo.maven.apache.org/maven2/org/modelmapper/modelmapper/3.2.2/modelmapper-3.2.2-sources.jar
2026-07-30 19:14:18,973 [Worker-4: Download sources and javadoc] INFO  o.e.m.j.internal.DownloadSourcesJob - Downloaded sources for org.modelmapper:modelmapper:3.2.2
2026-07-30 19:14:19,058 [Worker-4: Download sources and javadoc] INFO  o.e.m.c.i.e.AbstractTransferListenerAdapter - Downloading https://repo.maven.apache.org/maven2/org/springdoc/springdoc-openapi-starter-webmvc-ui/2.7.0/springdoc-openapi-starter-webmvc-ui-2.7.0-sources.jar
2026-07-30 19:14:19,473 [Worker-4: Download sources and javadoc] INFO  o.e.m.c.i.e.AbstractTransferListenerAdapter - Downloaded https://repo.maven.apache.org/maven2/org/springdoc/springdoc-openapi-starter-webmvc-ui/2.7.0/springdoc-openapi-starter-webmvc-ui-2.7.0-sources.jar
2026-07-30 19:14:19,482 [Worker-4: Download sources and javadoc] INFO  o.e.m.j.internal.DownloadSourcesJob - Downloaded sources for org.springdoc:springdoc-openapi-starter-webmvc-ui:2.7.0
2026-07-30 19:14:19,555 [Worker-4: Download sources and javadoc] INFO  o.e.m.c.i.e.AbstractTransferListenerAdapter - Downloading https://repo.maven.apache.org/maven2/org/springdoc/springdoc-openapi-starter-webmvc-api/2.7.0/springdoc-openapi-starter-webmvc-api-2.7.0-sources.jar
2026-07-30 19:14:20,142 [Worker-4: Download sources and javadoc] INFO  o.e.m.c.i.e.AbstractTransferListenerAdapter - Downloaded https://repo.maven.apache.org/maven2/org/springdoc/springdoc-openapi-starter-webmvc-api/2.7.0/springdoc-openapi-starter-webmvc-api-2.7.0-sources.jar
2026-07-30 19:14:20,151 [Worker-4: Download sources and javadoc] INFO  o.e.m.j.internal.DownloadSourcesJob - Downloaded sources for org.springdoc:springdoc-openapi-starter-webmvc-api:2.7.0
2026-07-30 19:14:20,230 [Worker-4: Download sources and javadoc] INFO  o.e.m.c.i.e.AbstractTransferListenerAdapter - Downloading https://repo.maven.apache.org/maven2/org/springdoc/springdoc-openapi-starter-common/2.7.0/springdoc-openapi-starter-common-2.7.0-sources.jar
2026-07-30 19:14:20,308 [Worker-4: Download sources and javadoc] INFO  o.e.m.c.i.e.AbstractTransferListenerAdapter - Downloaded https://repo.maven.apache.org/maven2/org/springdoc/springdoc-openapi-starter-common/2.7.0/springdoc-openapi-starter-common-2.7.0-sources.jar
2026-07-30 19:14:20,317 [Worker-4: Download sources and javadoc] INFO  o.e.m.j.internal.DownloadSourcesJob - Downloaded sources for org.springdoc:springdoc-openapi-starter-common:2.7.0
2026-07-30 19:14:20,413 [Worker-4: Download sources and javadoc] INFO  o.e.m.c.i.e.AbstractTransferListenerAdapter - Downloading https://repo.maven.apache.org/maven2/io/swagger/core/v3/swagger-core-jakarta/2.2.25/swagger-core-jakarta-2.2.25-sources.jar
2026-07-30 19:14:20,486 [Worker-4: Download sources and javadoc] INFO  o.e.m.c.i.e.AbstractTransferListenerAdapter - Downloaded https://repo.maven.apache.org/maven2/io/swagger/core/v3/swagger-core-jakarta/2.2.25/swagger-core-jakarta-2.2.25-sources.jar
2026-07-30 19:14:20,502 [Worker-4: Download sources and javadoc] INFO  o.e.m.j.internal.DownloadSourcesJob - Downloaded sources for io.swagger.core.v3:swagger-core-jakarta:2.2.25
2026-07-30 19:14:20,581 [Worker-4: Download sources and javadoc] INFO  o.e.m.c.i.e.AbstractTransferListenerAdapter - Downloading https://repo.maven.apache.org/maven2/io/swagger/core/v3/swagger-annotations-jakarta/2.2.25/swagger-annotations-jakarta-2.2.25-sources.jar
2026-07-30 19:14:20,623 [Worker-4: Download sources and javadoc] INFO  o.e.m.c.i.e.AbstractTransferListenerAdapter - Downloaded https://repo.maven.apache.org/maven2/io/swagger/core/v3/swagger-annotations-jakarta/2.2.25/swagger-annotations-jakarta-2.2.25-sources.jar
2026-07-30 19:14:20,632 [Worker-4: Download sources and javadoc] INFO  o.e.m.j.internal.DownloadSourcesJob - Downloaded sources for io.swagger.core.v3:swagger-annotations-jakarta:2.2.25
2026-07-30 19:14:20,720 [Worker-4: Download sources and javadoc] INFO  o.e.m.c.i.e.AbstractTransferListenerAdapter - Downloading https://repo.maven.apache.org/maven2/io/swagger/core/v3/swagger-models-jakarta/2.2.25/swagger-models-jakarta-2.2.25-sources.jar
2026-07-30 19:14:20,777 [Worker-4: Download sources and javadoc] INFO  o.e.m.c.i.e.AbstractTransferListenerAdapter - Downloaded https://repo.maven.apache.org/maven2/io/swagger/core/v3/swagger-models-jakarta/2.2.25/swagger-models-jakarta-2.2.25-sources.jar
2026-07-30 19:14:20,784 [Worker-4: Download sources and javadoc] INFO  o.e.m.j.internal.DownloadSourcesJob - Downloaded sources for io.swagger.core.v3:swagger-models-jakarta:2.2.25
2026-07-30 19:14:20,863 [Worker-4: Download sources and javadoc] INFO  o.e.m.c.i.e.AbstractTransferListenerAdapter - Downloading https://repo.maven.apache.org/maven2/com/fasterxml/jackson/dataformat/jackson-dataformat-yaml/2.18.2/jackson-dataformat-yaml-2.18.2-sources.jar
2026-07-30 19:14:21,484 [Worker-4: Download sources and javadoc] INFO  o.e.m.c.i.e.AbstractTransferListenerAdapter - Downloaded https://repo.maven.apache.org/maven2/com/fasterxml/jackson/dataformat/jackson-dataformat-yaml/2.18.2/jackson-dataformat-yaml-2.18.2-sources.jar
2026-07-30 19:14:21,496 [Worker-4: Download sources and javadoc] INFO  o.e.m.j.internal.DownloadSourcesJob - Downloaded sources for com.fasterxml.jackson.dataformat:jackson-dataformat-yaml:2.18.2
2026-07-30 19:14:21,660 [Worker-4: Download sources and javadoc] INFO  o.e.m.c.i.e.AbstractTransferListenerAdapter - Downloaded https://repo.maven.apache.org/maven2/org/webjars/swagger-ui/5.18.2/swagger-ui-5.18.2-sources.jar
2026-07-30 19:14:21,670 [Worker-4: Download sources and javadoc] ERROR o.e.m.j.internal.DownloadSourcesJob - Could not download sources for org.webjars:swagger-ui:5.18.2
org.eclipse.core.runtime.CoreException: Could not resolve artifact org.webjars:swagger-ui:jar:sources:5.18.2
	at org.eclipse.m2e.core.internal.embedder.MavenImpl.lambda$7(MavenImpl.java:554)
	at org.eclipse.m2e.core.internal.embedder.MavenExecutionContext.executeBare(MavenExecutionContext.java:462)
	at org.eclipse.m2e.core.internal.embedder.MavenExecutionContext.execute(MavenExecutionContext.java:295)
	at org.eclipse.m2e.core.internal.embedder.MavenExecutionContext.execute(MavenExecutionContext.java:281)
	at org.eclipse.m2e.core.internal.embedder.MavenImpl.resolve(MavenImpl.java:523)
	at org.eclipse.m2e.core.internal.embedder.MavenImpl.resolve(MavenImpl.java:508)
	at org.eclipse.m2e.jdt.internal.DownloadSourcesJob.download(DownloadSourcesJob.java:308)
	at org.eclipse.m2e.jdt.internal.DownloadSourcesJob.downloadAttachments(DownloadSourcesJob.java:282)
	at org.eclipse.m2e.jdt.internal.DownloadSourcesJob.downloadMaven(DownloadSourcesJob.java:252)
	at org.eclipse.m2e.jdt.internal.DownloadSourcesJob.downloadFilesAndPopulateToUpdate(DownloadSourcesJob.java:220)
	at org.eclipse.m2e.jdt.internal.DownloadSourcesJob.lambda$0(DownloadSourcesJob.java:149)
	at org.eclipse.m2e.core.internal.embedder.MavenExecutionContext.executeBare(MavenExecutionContext.java:462)
	at org.eclipse.m2e.core.internal.embedder.MavenExecutionContext.execute(MavenExecutionContext.java:342)
	at org.eclipse.m2e.core.internal.embedder.MavenExecutionContext.execute(MavenExecutionContext.java:281)
	at org.eclipse.m2e.core.embedder.IMaven.execute(IMaven.java:300)
	at org.eclipse.m2e.jdt.internal.DownloadSourcesJob.run(DownloadSourcesJob.java:149)
	at org.eclipse.core.internal.jobs.Worker.run(Worker.java:63)
2026-07-30 19:14:21,784 [Worker-4: Download sources and javadoc] INFO  o.e.m.c.i.e.AbstractTransferListenerAdapter - Downloading https://repo.maven.apache.org/maven2/org/webjars/webjars-locator-lite/1.0.1/webjars-locator-lite-1.0.1-sources.jar
2026-07-30 19:14:21,896 [Worker-4: Download sources and javadoc] INFO  o.e.m.c.i.e.AbstractTransferListenerAdapter - Downloaded https://repo.maven.apache.org/maven2/org/webjars/webjars-locator-lite/1.0.1/webjars-locator-lite-1.0.1-sources.jar
2026-07-30 19:14:21,903 [Worker-4: Download sources and javadoc] INFO  o.e.m.j.internal.DownloadSourcesJob - Downloaded sources for org.webjars:webjars-locator-lite:1.0.1
2026-07-30 19:14:21,987 [Worker-4: Download sources and javadoc] INFO  o.e.m.c.i.e.AbstractTransferListenerAdapter - Downloading https://repo.maven.apache.org/maven2/org/springframework/boot/spring-boot-devtools/3.4.2/spring-boot-devtools-3.4.2-sources.jar
2026-07-30 19:14:22,050 [Worker-4: Download sources and javadoc] INFO  o.e.m.c.i.e.AbstractTransferListenerAdapter - Downloaded https://repo.maven.apache.org/maven2/org/springframework/boot/spring-boot-devtools/3.4.2/spring-boot-devtools-3.4.2-sources.jar
2026-07-30 19:14:22,054 [Worker-4: Download sources and javadoc] INFO  o.e.m.j.internal.DownloadSourcesJob - Downloaded sources for org.springframework.boot:spring-boot-devtools:3.4.2
2026-07-30 19:14:22,132 [Worker-4: Download sources and javadoc] INFO  o.e.m.c.i.e.AbstractTransferListenerAdapter - Downloading https://repo.maven.apache.org/maven2/org/springframework/boot/spring-boot/3.4.2/spring-boot-3.4.2-sources.jar
2026-07-30 19:14:22,230 [Worker-4: Download sources and javadoc] INFO  o.e.m.c.i.e.AbstractTransferListenerAdapter - Downloaded https://repo.maven.apache.org/maven2/org/springframework/boot/spring-boot/3.4.2/spring-boot-3.4.2-sources.jar
2026-07-30 19:14:22,236 [Worker-4: Download sources and javadoc] INFO  o.e.m.j.internal.DownloadSourcesJob - Downloaded sources for org.springframework.boot:spring-boot:3.4.2
2026-07-30 19:14:22,312 [Worker-4: Download sources and javadoc] INFO  o.e.m.c.i.e.AbstractTransferListenerAdapter - Downloading https://repo.maven.apache.org/maven2/org/springframework/boot/spring-boot-autoconfigure/3.4.2/spring-boot-autoconfigure-3.4.2-sources.jar
2026-07-30 19:14:22,414 [Worker-4: Download sources and javadoc] INFO  o.e.m.c.i.e.AbstractTransferListenerAdapter - Downloaded https://repo.maven.apache.org/maven2/org/springframework/boot/spring-boot-autoconfigure/3.4.2/spring-boot-autoconfigure-3.4.2-sources.jar
2026-07-30 19:14:22,422 [Worker-4: Download sources and javadoc] INFO  o.e.m.j.internal.DownloadSourcesJob - Downloaded sources for org.springframework.boot:spring-boot-autoconfigure:3.4.2
2026-07-30 19:14:22,501 [Worker-4: Download sources and javadoc] INFO  o.e.m.c.i.e.AbstractTransferListenerAdapter - Downloading https://repo.maven.apache.org/maven2/org/springframework/spring-core/6.2.2/spring-core-6.2.2-sources.jar
2026-07-30 19:14:22,619 [Worker-4: Download sources and javadoc] INFO  o.e.m.c.i.e.AbstractTransferListenerAdapter - Downloaded https://repo.maven.apache.org/maven2/org/springframework/spring-core/6.2.2/spring-core-6.2.2-sources.jar
2026-07-30 19:14:22,628 [Worker-4: Download sources and javadoc] INFO  o.e.m.j.internal.DownloadSourcesJob - Downloaded sources for org.springframework:spring-core:6.2.2
2026-07-30 19:14:22,700 [Worker-4: Download sources and javadoc] INFO  o.e.m.c.i.e.AbstractTransferListenerAdapter - Downloading https://repo.maven.apache.org/maven2/org/springframework/spring-jcl/6.2.2/spring-jcl-6.2.2-sources.jar
2026-07-30 19:14:22,946 [Worker-4: Download sources and javadoc] INFO  o.e.m.c.i.e.AbstractTransferListenerAdapter - Downloaded https://repo.maven.apache.org/maven2/org/springframework/spring-jcl/6.2.2/spring-jcl-6.2.2-sources.jar
2026-07-30 19:14:22,953 [Worker-4: Download sources and javadoc] INFO  o.e.m.j.internal.DownloadSourcesJob - Downloaded sources for org.springframework:spring-jcl:6.2.2
2026-07-30 19:14:23,024 [Worker-4: Download sources and javadoc] INFO  o.e.m.c.i.e.AbstractTransferListenerAdapter - Downloading https://repo.maven.apache.org/maven2/org/springframework/security/spring-security-core/6.4.2/spring-security-core-6.4.2-sources.jar
2026-07-30 19:14:23,098 [Worker-4: Download sources and javadoc] INFO  o.e.m.c.i.e.AbstractTransferListenerAdapter - Downloaded https://repo.maven.apache.org/maven2/org/springframework/security/spring-security-core/6.4.2/spring-security-core-6.4.2-sources.jar
2026-07-30 19:14:23,106 [Worker-4: Download sources and javadoc] INFO  o.e.m.j.internal.DownloadSourcesJob - Downloaded sources for org.springframework.security:spring-security-core:6.4.2
2026-07-30 19:14:23,186 [Worker-4: Download sources and javadoc] INFO  o.e.m.c.i.e.AbstractTransferListenerAdapter - Downloading https://repo.maven.apache.org/maven2/org/springframework/security/spring-security-crypto/6.4.2/spring-security-crypto-6.4.2-sources.jar
2026-07-30 19:14:23,244 [Worker-4: Download sources and javadoc] INFO  o.e.m.c.i.e.AbstractTransferListenerAdapter - Downloaded https://repo.maven.apache.org/maven2/org/springframework/security/spring-security-crypto/6.4.2/spring-security-crypto-6.4.2-sources.jar
2026-07-30 19:14:23,250 [Worker-4: Download sources and javadoc] INFO  o.e.m.j.internal.DownloadSourcesJob - Downloaded sources for org.springframework.security:spring-security-crypto:6.4.2
2026-07-30 19:14:25,200 [Worker-2: Download sources and javadoc] INFO  o.e.m.c.i.e.AbstractTransferListenerAdapter - Downloading https://repo.maven.apache.org/maven2/org/springframework/boot/spring-boot-starter-test/3.4.2/spring-boot-starter-test-3.4.2-sources.jar
2026-07-30 19:14:25,343 [Worker-2: Download sources and javadoc] INFO  o.e.m.c.i.e.AbstractTransferListenerAdapter - Downloaded https://repo.maven.apache.org/maven2/org/springframework/boot/spring-boot-starter-test/3.4.2/spring-boot-starter-test-3.4.2-sources.jar
2026-07-30 19:14:25,377 [Worker-2: Download sources and javadoc] INFO  o.e.m.j.internal.DownloadSourcesJob - Downloaded sources for org.springframework.boot:spring-boot-starter-test:3.4.2
2026-07-30 19:14:25,480 [Worker-2: Download sources and javadoc] INFO  o.e.m.c.i.e.AbstractTransferListenerAdapter - Downloading https://repo.maven.apache.org/maven2/org/springframework/boot/spring-boot-test/3.4.2/spring-boot-test-3.4.2-sources.jar
2026-07-30 19:14:25,579 [Worker-2: Download sources and javadoc] INFO  o.e.m.c.i.e.AbstractTransferListenerAdapter - Downloaded https://repo.maven.apache.org/maven2/org/springframework/boot/spring-boot-test/3.4.2/spring-boot-test-3.4.2-sources.jar
2026-07-30 19:14:25,602 [Worker-2: Download sources and javadoc] INFO  o.e.m.j.internal.DownloadSourcesJob - Downloaded sources for org.springframework.boot:spring-boot-test:3.4.2
2026-07-30 19:14:25,727 [Worker-2: Download sources and javadoc] INFO  o.e.m.c.i.e.AbstractTransferListenerAdapter - Downloading https://repo.maven.apache.org/maven2/org/springframework/boot/spring-boot-test-autoconfigure/3.4.2/spring-boot-test-autoconfigure-3.4.2-sources.jar
2026-07-30 19:14:25,826 [Worker-2: Download sources and javadoc] INFO  o.e.m.c.i.e.AbstractTransferListenerAdapter - Downloaded https://repo.maven.apache.org/maven2/org/springframework/boot/spring-boot-test-autoconfigure/3.4.2/spring-boot-test-autoconfigure-3.4.2-sources.jar
2026-07-30 19:14:25,842 [Worker-2: Download sources and javadoc] INFO  o.e.m.j.internal.DownloadSourcesJob - Downloaded sources for org.springframework.boot:spring-boot-test-autoconfigure:3.4.2
2026-07-30 19:14:25,951 [Worker-2: Download sources and javadoc] INFO  o.e.m.c.i.e.AbstractTransferListenerAdapter - Downloading https://repo.maven.apache.org/maven2/net/minidev/json-smart/2.5.1/json-smart-2.5.1-sources.jar
2026-07-30 19:14:26,116 [Worker-2: Download sources and javadoc] INFO  o.e.m.c.i.e.AbstractTransferListenerAdapter - Downloaded https://repo.maven.apache.org/maven2/net/minidev/json-smart/2.5.1/json-smart-2.5.1-sources.jar
2026-07-30 19:14:26,129 [Worker-2: Download sources and javadoc] INFO  o.e.m.j.internal.DownloadSourcesJob - Downloaded sources for net.minidev:json-smart:2.5.1
2026-07-30 19:14:26,210 [Worker-2: Download sources and javadoc] INFO  o.e.m.c.i.e.AbstractTransferListenerAdapter - Downloading https://repo.maven.apache.org/maven2/net/minidev/accessors-smart/2.5.1/accessors-smart-2.5.1-sources.jar
2026-07-30 19:14:26,810 [Worker-2: Download sources and javadoc] INFO  o.e.m.c.i.e.AbstractTransferListenerAdapter - Downloaded https://repo.maven.apache.org/maven2/net/minidev/accessors-smart/2.5.1/accessors-smart-2.5.1-sources.jar
2026-07-30 19:14:26,820 [Worker-2: Download sources and javadoc] INFO  o.e.m.j.internal.DownloadSourcesJob - Downloaded sources for net.minidev:accessors-smart:2.5.1
2026-07-30 19:14:26,909 [Worker-2: Download sources and javadoc] INFO  o.e.m.c.i.e.AbstractTransferListenerAdapter - Downloading https://repo.maven.apache.org/maven2/org/ow2/asm/asm/9.6/asm-9.6-sources.jar
2026-07-30 19:14:26,982 [Worker-2: Download sources and javadoc] INFO  o.e.m.c.i.e.AbstractTransferListenerAdapter - Downloaded https://repo.maven.apache.org/maven2/org/ow2/asm/asm/9.6/asm-9.6-sources.jar
2026-07-30 19:14:26,993 [Worker-2: Download sources and javadoc] INFO  o.e.m.j.internal.DownloadSourcesJob - Downloaded sources for org.ow2.asm:asm:9.6
2026-07-30 19:14:27,083 [Worker-2: Download sources and javadoc] INFO  o.e.m.c.i.e.AbstractTransferListenerAdapter - Downloading https://repo.maven.apache.org/maven2/org/assertj/assertj-core/3.26.3/assertj-core-3.26.3-sources.jar
2026-07-30 19:14:27,200 [Worker-2: Download sources and javadoc] INFO  o.e.m.c.i.e.AbstractTransferListenerAdapter - Downloaded https://repo.maven.apache.org/maven2/org/assertj/assertj-core/3.26.3/assertj-core-3.26.3-sources.jar
2026-07-30 19:14:27,209 [Worker-2: Download sources and javadoc] INFO  o.e.m.j.internal.DownloadSourcesJob - Downloaded sources for org.assertj:assertj-core:3.26.3
2026-07-30 19:14:27,295 [Worker-2: Download sources and javadoc] INFO  o.e.m.c.i.e.AbstractTransferListenerAdapter - Downloading https://repo.maven.apache.org/maven2/org/hamcrest/hamcrest/2.2/hamcrest-2.2-sources.jar
2026-07-30 19:14:27,360 [Worker-2: Download sources and javadoc] INFO  o.e.m.c.i.e.AbstractTransferListenerAdapter - Downloaded https://repo.maven.apache.org/maven2/org/hamcrest/hamcrest/2.2/hamcrest-2.2-sources.jar
2026-07-30 19:14:27,368 [Worker-2: Download sources and javadoc] INFO  o.e.m.j.internal.DownloadSourcesJob - Downloaded sources for org.hamcrest:hamcrest:2.2
2026-07-30 19:14:27,502 [Worker-2: Download sources and javadoc] INFO  o.e.m.c.i.e.AbstractTransferListenerAdapter - Downloading https://repo.maven.apache.org/maven2/org/junit/jupiter/junit-jupiter/5.11.4/junit-jupiter-5.11.4-sources.jar
2026-07-30 19:14:27,570 [Worker-2: Download sources and javadoc] INFO  o.e.m.c.i.e.AbstractTransferListenerAdapter - Downloaded https://repo.maven.apache.org/maven2/org/junit/jupiter/junit-jupiter/5.11.4/junit-jupiter-5.11.4-sources.jar
2026-07-30 19:14:27,579 [Worker-2: Download sources and javadoc] INFO  o.e.m.j.internal.DownloadSourcesJob - Downloaded sources for org.junit.jupiter:junit-jupiter:5.11.4
2026-07-30 19:14:27,659 [Worker-2: Download sources and javadoc] INFO  o.e.m.c.i.e.AbstractTransferListenerAdapter - Downloading https://repo.maven.apache.org/maven2/org/junit/jupiter/junit-jupiter-api/5.11.4/junit-jupiter-api-5.11.4-sources.jar
2026-07-30 19:14:27,722 [Worker-2: Download sources and javadoc] INFO  o.e.m.c.i.e.AbstractTransferListenerAdapter - Downloaded https://repo.maven.apache.org/maven2/org/junit/jupiter/junit-jupiter-api/5.11.4/junit-jupiter-api-5.11.4-sources.jar
2026-07-30 19:14:27,729 [Worker-2: Download sources and javadoc] INFO  o.e.m.j.internal.DownloadSourcesJob - Downloaded sources for org.junit.jupiter:junit-jupiter-api:5.11.4
2026-07-30 19:14:27,818 [Worker-2: Download sources and javadoc] INFO  o.e.m.c.i.e.AbstractTransferListenerAdapter - Downloading https://repo.maven.apache.org/maven2/org/junit/platform/junit-platform-commons/1.11.4/junit-platform-commons-1.11.4-sources.jar
2026-07-30 19:14:27,897 [Worker-2: Download sources and javadoc] INFO  o.e.m.c.i.e.AbstractTransferListenerAdapter - Downloaded https://repo.maven.apache.org/maven2/org/junit/platform/junit-platform-commons/1.11.4/junit-platform-commons-1.11.4-sources.jar
2026-07-30 19:14:27,902 [Worker-2: Download sources and javadoc] INFO  o.e.m.j.internal.DownloadSourcesJob - Downloaded sources for org.junit.platform:junit-platform-commons:1.11.4
2026-07-30 19:14:27,974 [Worker-2: Download sources and javadoc] INFO  o.e.m.c.i.e.AbstractTransferListenerAdapter - Downloading https://repo.maven.apache.org/maven2/org/junit/jupiter/junit-jupiter-params/5.11.4/junit-jupiter-params-5.11.4-sources.jar
2026-07-30 19:14:28,048 [Worker-2: Download sources and javadoc] INFO  o.e.m.c.i.e.AbstractTransferListenerAdapter - Downloaded https://repo.maven.apache.org/maven2/org/junit/jupiter/junit-jupiter-params/5.11.4/junit-jupiter-params-5.11.4-sources.jar
2026-07-30 19:14:28,056 [Worker-2: Download sources and javadoc] INFO  o.e.m.j.internal.DownloadSourcesJob - Downloaded sources for org.junit.jupiter:junit-jupiter-params:5.11.4
2026-07-30 19:14:28,130 [Worker-2: Download sources and javadoc] INFO  o.e.m.c.i.e.AbstractTransferListenerAdapter - Downloading https://repo.maven.apache.org/maven2/org/junit/jupiter/junit-jupiter-engine/5.11.4/junit-jupiter-engine-5.11.4-sources.jar
2026-07-30 19:14:28,178 [Worker-2: Download sources and javadoc] INFO  o.e.m.c.i.e.AbstractTransferListenerAdapter - Downloaded https://repo.maven.apache.org/maven2/org/junit/jupiter/junit-jupiter-engine/5.11.4/junit-jupiter-engine-5.11.4-sources.jar
2026-07-30 19:14:28,184 [Worker-2: Download sources and javadoc] INFO  o.e.m.j.internal.DownloadSourcesJob - Downloaded sources for org.junit.jupiter:junit-jupiter-engine:5.11.4
2026-07-30 19:14:28,263 [Worker-2: Download sources and javadoc] INFO  o.e.m.c.i.e.AbstractTransferListenerAdapter - Downloading https://repo.maven.apache.org/maven2/org/junit/platform/junit-platform-engine/1.11.4/junit-platform-engine-1.11.4-sources.jar
2026-07-30 19:14:28,319 [Worker-2: Download sources and javadoc] INFO  o.e.m.c.i.e.AbstractTransferListenerAdapter - Downloaded https://repo.maven.apache.org/maven2/org/junit/platform/junit-platform-engine/1.11.4/junit-platform-engine-1.11.4-sources.jar
2026-07-30 19:14:28,326 [Worker-2: Download sources and javadoc] INFO  o.e.m.j.internal.DownloadSourcesJob - Downloaded sources for org.junit.platform:junit-platform-engine:1.11.4
2026-07-30 19:14:28,398 [Worker-2: Download sources and javadoc] INFO  o.e.m.c.i.e.AbstractTransferListenerAdapter - Downloading https://repo.maven.apache.org/maven2/org/mockito/mockito-core/5.14.2/mockito-core-5.14.2-sources.jar
2026-07-30 19:14:28,478 [Worker-2: Download sources and javadoc] INFO  o.e.m.c.i.e.AbstractTransferListenerAdapter - Downloaded https://repo.maven.apache.org/maven2/org/mockito/mockito-core/5.14.2/mockito-core-5.14.2-sources.jar
2026-07-30 19:14:28,486 [Worker-2: Download sources and javadoc] INFO  o.e.m.j.internal.DownloadSourcesJob - Downloaded sources for org.mockito:mockito-core:5.14.2
2026-07-30 19:14:28,567 [Worker-2: Download sources and javadoc] INFO  o.e.m.c.i.e.AbstractTransferListenerAdapter - Downloading https://repo.maven.apache.org/maven2/net/bytebuddy/byte-buddy-agent/1.15.11/byte-buddy-agent-1.15.11-sources.jar
2026-07-30 19:14:28,642 [Worker-2: Download sources and javadoc] INFO  o.e.m.c.i.e.AbstractTransferListenerAdapter - Downloaded https://repo.maven.apache.org/maven2/net/bytebuddy/byte-buddy-agent/1.15.11/byte-buddy-agent-1.15.11-sources.jar
2026-07-30 19:14:28,650 [Worker-2: Download sources and javadoc] INFO  o.e.m.j.internal.DownloadSourcesJob - Downloaded sources for net.bytebuddy:byte-buddy-agent:1.15.11
2026-07-30 19:14:28,720 [Worker-2: Download sources and javadoc] INFO  o.e.m.c.i.e.AbstractTransferListenerAdapter - Downloading https://repo.maven.apache.org/maven2/org/mockito/mockito-junit-jupiter/5.14.2/mockito-junit-jupiter-5.14.2-sources.jar
2026-07-30 19:14:28,835 [Worker-2: Download sources and javadoc] INFO  o.e.m.c.i.e.AbstractTransferListenerAdapter - Downloaded https://repo.maven.apache.org/maven2/org/mockito/mockito-junit-jupiter/5.14.2/mockito-junit-jupiter-5.14.2-sources.jar
2026-07-30 19:14:28,843 [Worker-2: Download sources and javadoc] INFO  o.e.m.j.internal.DownloadSourcesJob - Downloaded sources for org.mockito:mockito-junit-jupiter:5.14.2
2026-07-30 19:14:28,916 [Worker-2: Download sources and javadoc] INFO  o.e.m.c.i.e.AbstractTransferListenerAdapter - Downloading https://repo.maven.apache.org/maven2/org/springframework/spring-test/6.2.2/spring-test-6.2.2-sources.jar
2026-07-30 19:14:29,020 [Worker-2: Download sources and javadoc] INFO  o.e.m.c.i.e.AbstractTransferListenerAdapter - Downloaded https://repo.maven.apache.org/maven2/org/springframework/spring-test/6.2.2/spring-test-6.2.2-sources.jar
2026-07-30 19:14:29,028 [Worker-2: Download sources and javadoc] INFO  o.e.m.j.internal.DownloadSourcesJob - Downloaded sources for org.springframework:spring-test:6.2.2
2026-07-30 19:14:29,120 [Worker-2: Download sources and javadoc] INFO  o.e.m.c.i.e.AbstractTransferListenerAdapter - Downloading https://repo.maven.apache.org/maven2/org/xmlunit/xmlunit-core/2.10.0/xmlunit-core-2.10.0-sources.jar
2026-07-30 19:14:29,188 [Worker-2: Download sources and javadoc] INFO  o.e.m.c.i.e.AbstractTransferListenerAdapter - Downloaded https://repo.maven.apache.org/maven2/org/xmlunit/xmlunit-core/2.10.0/xmlunit-core-2.10.0-sources.jar
2026-07-30 19:14:29,196 [Worker-2: Download sources and javadoc] INFO  o.e.m.j.internal.DownloadSourcesJob - Downloaded sources for org.xmlunit:xmlunit-core:2.10.0
2026-07-30 19:14:29,282 [Worker-2: Download sources and javadoc] INFO  o.e.m.c.i.e.AbstractTransferListenerAdapter - Downloading https://repo.maven.apache.org/maven2/org/springframework/security/spring-security-test/6.4.2/spring-security-test-6.4.2-sources.jar
2026-07-30 19:14:29,340 [Worker-2: Download sources and javadoc] INFO  o.e.m.c.i.e.AbstractTransferListenerAdapter - Downloaded https://repo.maven.apache.org/maven2/org/springframework/security/spring-security-test/6.4.2/spring-security-test-6.4.2-sources.jar
2026-07-30 19:14:29,349 [Worker-2: Download sources and javadoc] INFO  o.e.m.j.internal.DownloadSourcesJob - Downloaded sources for org.springframework.security:spring-security-test:6.4.2
2026-07-30 19:14:31,160 [Worker-10: Download sources and javadoc] INFO  o.e.m.c.i.e.AbstractTransferListenerAdapter - Downloaded https://repo.maven.apache.org/maven2/org/webjars/swagger-ui/5.18.2/swagger-ui-5.18.2-javadoc.jar
2026-07-30 19:14:31,184 [Worker-10: Download sources and javadoc] ERROR o.e.m.j.internal.DownloadSourcesJob - Could not download javadoc for org.webjars:swagger-ui:5.18.2
org.eclipse.core.runtime.CoreException: Could not resolve artifact org.webjars:swagger-ui:jar:javadoc:5.18.2
	at org.eclipse.m2e.core.internal.embedder.MavenImpl.lambda$7(MavenImpl.java:554)
	at org.eclipse.m2e.core.internal.embedder.MavenExecutionContext.executeBare(MavenExecutionContext.java:462)
	at org.eclipse.m2e.core.internal.embedder.MavenExecutionContext.execute(MavenExecutionContext.java:295)
	at org.eclipse.m2e.core.internal.embedder.MavenExecutionContext.execute(MavenExecutionContext.java:281)
	at org.eclipse.m2e.core.internal.embedder.MavenImpl.resolve(MavenImpl.java:523)
	at org.eclipse.m2e.core.internal.embedder.MavenImpl.resolve(MavenImpl.java:508)
	at org.eclipse.m2e.jdt.internal.DownloadSourcesJob.download(DownloadSourcesJob.java:308)
	at org.eclipse.m2e.jdt.internal.DownloadSourcesJob.downloadAttachments(DownloadSourcesJob.java:294)
	at org.eclipse.m2e.jdt.internal.DownloadSourcesJob.downloadMaven(DownloadSourcesJob.java:252)
	at org.eclipse.m2e.jdt.internal.DownloadSourcesJob.downloadFilesAndPopulateToUpdate(DownloadSourcesJob.java:220)
	at org.eclipse.m2e.jdt.internal.DownloadSourcesJob.lambda$0(DownloadSourcesJob.java:149)
	at org.eclipse.m2e.core.internal.embedder.MavenExecutionContext.executeBare(MavenExecutionContext.java:462)
	at org.eclipse.m2e.core.internal.embedder.MavenExecutionContext.execute(MavenExecutionContext.java:342)
	at org.eclipse.m2e.core.internal.embedder.MavenExecutionContext.execute(MavenExecutionContext.java:281)
	at org.eclipse.m2e.core.embedder.IMaven.execute(IMaven.java:300)
	at org.eclipse.m2e.jdt.internal.DownloadSourcesJob.run(DownloadSourcesJob.java:149)
	at org.eclipse.core.internal.jobs.Worker.run(Worker.java:63)
2026-07-30 19:28:28,041 [Worker-14: Building] INFO  o.a.m.s.f.DefaultMavenResourcesFiltering - Copying 1 resource from src\main\resources to target\classes
2026-07-30 19:28:28,200 [Worker-14: Building] INFO  o.a.m.s.f.DefaultMavenResourcesFiltering - Copying 0 resource from src\main\resources to target\classes
2026-07-30 19:28:28,209 [Worker-14: Building] INFO  o.a.m.s.f.DefaultMavenResourcesFiltering - skip non existing resourceDirectory D:\ProjectData\Child_Adoption_System\user_backend\spring_boot_backend_template\src\test\resources
2026-07-30 19:28:28,218 [Worker-14: Building] WARN  o.apache.maven.project.MavenProject - Direct modification of compileSourceRoots through clear() is deprecated and will not work in Maven 4.0.0. Please use the add/remove methods instead. If you're using a plugin that causes this warning, please upgrade to the latest version and report an issue if the warning persists. To disable these warnings, set -Dmaven.project.sourceRoots.warningsDisabled=true on the command line, in the .mvn/maven.config file, or in project POM properties.
2026-07-30 19:28:28,236 [Worker-14: Building] WARN  o.apache.maven.project.MavenProject - Direct modification of compileSourceRoots through add() is deprecated and will not work in Maven 4.0.0. Please use the add/remove methods instead. If you're using a plugin that causes this warning, please upgrade to the latest version and report an issue if the warning persists. To disable these warnings, set -Dmaven.project.sourceRoots.warningsDisabled=true on the command line, in the .mvn/maven.config file, or in project POM properties.
2026-07-30 19:28:28,238 [Worker-14: Building] WARN  o.apache.maven.project.MavenProject - Direct modification of testCompileSourceRoots through clear() is deprecated and will not work in Maven 4.0.0. Please use the add/remove methods instead. If you're using a plugin that causes this warning, please upgrade to the latest version and report an issue if the warning persists. To disable these warnings, set -Dmaven.project.sourceRoots.warningsDisabled=true on the command line, in the .mvn/maven.config file, or in project POM properties.
2026-07-30 19:28:28,238 [Worker-14: Building] WARN  o.apache.maven.project.MavenProject - Direct modification of testCompileSourceRoots through add() is deprecated and will not work in Maven 4.0.0. Please use the add/remove methods instead. If you're using a plugin that causes this warning, please upgrade to the latest version and report an issue if the warning persists. To disable these warnings, set -Dmaven.project.sourceRoots.warningsDisabled=true on the command line, in the .mvn/maven.config file, or in project POM properties.
2026-07-30 19:28:35,205 [Worker-5: Building] INFO  o.a.m.s.f.DefaultMavenResourcesFiltering - Copying 1 resource from src\main\resources to target\classes
2026-07-30 19:28:35,482 [Worker-5: Building] INFO  o.a.m.s.f.DefaultMavenResourcesFiltering - Copying 0 resource from src\main\resources to target\classes
2026-07-30 19:28:35,545 [Worker-5: Building] INFO  o.a.m.s.f.DefaultMavenResourcesFiltering - skip non existing resourceDirectory D:\ProjectData\Child_Adoption_System\user_backend\spring_boot_backend_template\src\test\resources
2026-07-30 19:28:35,547 [Worker-5: Building] WARN  o.apache.maven.project.MavenProject - Direct modification of compileSourceRoots through clear() is deprecated and will not work in Maven 4.0.0. Please use the add/remove methods instead. If you're using a plugin that causes this warning, please upgrade to the latest version and report an issue if the warning persists. To disable these warnings, set -Dmaven.project.sourceRoots.warningsDisabled=true on the command line, in the .mvn/maven.config file, or in project POM properties.
2026-07-30 19:28:35,561 [Worker-5: Building] WARN  o.apache.maven.project.MavenProject - Direct modification of compileSourceRoots through add() is deprecated and will not work in Maven 4.0.0. Please use the add/remove methods instead. If you're using a plugin that causes this warning, please upgrade to the latest version and report an issue if the warning persists. To disable these warnings, set -Dmaven.project.sourceRoots.warningsDisabled=true on the command line, in the .mvn/maven.config file, or in project POM properties.
2026-07-30 19:28:35,563 [Worker-5: Building] WARN  o.apache.maven.project.MavenProject - Direct modification of testCompileSourceRoots through clear() is deprecated and will not work in Maven 4.0.0. Please use the add/remove methods instead. If you're using a plugin that causes this warning, please upgrade to the latest version and report an issue if the warning persists. To disable these warnings, set -Dmaven.project.sourceRoots.warningsDisabled=true on the command line, in the .mvn/maven.config file, or in project POM properties.
2026-07-30 19:28:35,564 [Worker-5: Building] WARN  o.apache.maven.project.MavenProject - Direct modification of testCompileSourceRoots through add() is deprecated and will not work in Maven 4.0.0. Please use the add/remove methods instead. If you're using a plugin that causes this warning, please upgrade to the latest version and report an issue if the warning persists. To disable these warnings, set -Dmaven.project.sourceRoots.warningsDisabled=true on the command line, in the .mvn/maven.config file, or in project POM properties.
2026-07-31 15:15:04,990 [Worker-4: Loading available Gradle versions] INFO  o.e.b.c.i.u.g.PublishedGradleVersions - Gradle version information cache is up-to-date. Trying to read.
2026-07-31 15:15:32,363 [Worker-8: Building] INFO  o.a.m.s.f.DefaultMavenResourcesFiltering - Copying 1 resource from src\main\resources to target\classes
2026-07-31 15:15:32,456 [Worker-8: Building] INFO  o.a.m.s.f.DefaultMavenResourcesFiltering - Copying 0 resource from src\main\resources to target\classes
2026-07-31 15:15:32,487 [Worker-8: Building] INFO  o.a.m.s.f.DefaultMavenResourcesFiltering - skip non existing resourceDirectory D:\ProjectData\Child_Adoption_System\user_backend\spring_boot_backend_template\src\test\resources
2026-07-31 15:15:36,305 [Worker-8: Building] WARN  o.apache.maven.project.MavenProject - Direct modification of compileSourceRoots through clear() is deprecated and will not work in Maven 4.0.0. Please use the add/remove methods instead. If you're using a plugin that causes this warning, please upgrade to the latest version and report an issue if the warning persists. To disable these warnings, set -Dmaven.project.sourceRoots.warningsDisabled=true on the command line, in the .mvn/maven.config file, or in project POM properties.
2026-07-31 15:15:36,310 [Worker-8: Building] WARN  o.apache.maven.project.MavenProject - Direct modification of compileSourceRoots through add() is deprecated and will not work in Maven 4.0.0. Please use the add/remove methods instead. If you're using a plugin that causes this warning, please upgrade to the latest version and report an issue if the warning persists. To disable these warnings, set -Dmaven.project.sourceRoots.warningsDisabled=true on the command line, in the .mvn/maven.config file, or in project POM properties.
2026-07-31 15:15:36,312 [Worker-8: Building] WARN  o.apache.maven.project.MavenProject - Direct modification of testCompileSourceRoots through clear() is deprecated and will not work in Maven 4.0.0. Please use the add/remove methods instead. If you're using a plugin that causes this warning, please upgrade to the latest version and report an issue if the warning persists. To disable these warnings, set -Dmaven.project.sourceRoots.warningsDisabled=true on the command line, in the .mvn/maven.config file, or in project POM properties.
2026-07-31 15:15:36,314 [Worker-8: Building] WARN  o.apache.maven.project.MavenProject - Direct modification of testCompileSourceRoots through add() is deprecated and will not work in Maven 4.0.0. Please use the add/remove methods instead. If you're using a plugin that causes this warning, please upgrade to the latest version and report an issue if the warning persists. To disable these warnings, set -Dmaven.project.sourceRoots.warningsDisabled=true on the command line, in the .mvn/maven.config file, or in project POM properties.
2026-07-31 15:16:52,300 [Worker-1: Updating Maven Project] INFO  o.e.m.c.i.p.ProjectConfigurationManager - Update started
2026-07-31 15:16:55,962 [Worker-1: Updating Maven Project] INFO  o.e.m.c.i.l.LifecycleMappingFactory - Using org.eclipse.m2e.jdt.JarLifecycleMapping lifecycle mapping for MavenProject: com.backend:user_backend:0.0.1-SNAPSHOT @ D:\ProjectData\Child_Adoption_System\user_backend\spring_boot_backend_template\pom.xml.
2026-07-31 15:16:58,945 [Worker-1: Updating Maven Project] INFO  o.e.m.j.i.AbstractJavaProjectConfigurator - Adding source folder /spring_boot_backend_template/src/main/java
2026-07-31 15:16:58,969 [Worker-1: Updating Maven Project] INFO  o.e.m.j.i.AbstractJavaProjectConfigurator - Adding resource folder /spring_boot_backend_template/src/main/resources
2026-07-31 15:16:58,971 [Worker-1: Updating Maven Project] INFO  o.e.m.j.i.AbstractJavaProjectConfigurator - Adding resource folder /spring_boot_backend_template/src/main/resources
2026-07-31 15:16:58,978 [Worker-1: Updating Maven Project] INFO  o.e.m.j.i.AbstractJavaProjectConfigurator - Adding source folder /spring_boot_backend_template/src/test/java
2026-07-31 15:16:58,985 [Worker-1: Updating Maven Project] INFO  o.e.m.j.i.AbstractJavaProjectConfigurator - Adding resource folder /spring_boot_backend_template/src/test/resources
2026-07-31 15:17:00,936 [Worker-1: Updating Maven Project] WARN  o.apache.maven.project.MavenProject - Direct modification of compileSourceRoots through clear() is deprecated and will not work in Maven 4.0.0. Please use the add/remove methods instead. If you're using a plugin that causes this warning, please upgrade to the latest version and report an issue if the warning persists. To disable these warnings, set -Dmaven.project.sourceRoots.warningsDisabled=true on the command line, in the .mvn/maven.config file, or in project POM properties.
2026-07-31 15:17:00,970 [Worker-1: Updating Maven Project] WARN  o.apache.maven.project.MavenProject - Direct modification of compileSourceRoots through add() is deprecated and will not work in Maven 4.0.0. Please use the add/remove methods instead. If you're using a plugin that causes this warning, please upgrade to the latest version and report an issue if the warning persists. To disable these warnings, set -Dmaven.project.sourceRoots.warningsDisabled=true on the command line, in the .mvn/maven.config file, or in project POM properties.
2026-07-31 15:17:00,974 [Worker-1: Updating Maven Project] WARN  o.apache.maven.project.MavenProject - Direct modification of testCompileSourceRoots through clear() is deprecated and will not work in Maven 4.0.0. Please use the add/remove methods instead. If you're using a plugin that causes this warning, please upgrade to the latest version and report an issue if the warning persists. To disable these warnings, set -Dmaven.project.sourceRoots.warningsDisabled=true on the command line, in the .mvn/maven.config file, or in project POM properties.
2026-07-31 15:17:00,976 [Worker-1: Updating Maven Project] WARN  o.apache.maven.project.MavenProject - Direct modification of testCompileSourceRoots through add() is deprecated and will not work in Maven 4.0.0. Please use the add/remove methods instead. If you're using a plugin that causes this warning, please upgrade to the latest version and report an issue if the warning persists. To disable these warnings, set -Dmaven.project.sourceRoots.warningsDisabled=true on the command line, in the .mvn/maven.config file, or in project POM properties.
2026-07-31 15:17:01,455 [Worker-1: Updating Maven Project] INFO  o.e.m.c.i.p.ProjectConfigurationManager - Update completed for 1 poms: local refresh takes 0.00 sec, refresh facades takes 6.00 sec, update config takes 2.00 sec 
2026-07-31 15:17:05,893 [Worker-11: Building] INFO  o.a.m.s.f.DefaultMavenResourcesFiltering - Copying 1 resource from src\main\resources to target\classes
2026-07-31 15:17:05,993 [Worker-11: Building] INFO  o.a.m.s.f.DefaultMavenResourcesFiltering - Copying 0 resource from src\main\resources to target\classes
2026-07-31 15:17:06,009 [Worker-11: Building] INFO  o.a.m.s.f.DefaultMavenResourcesFiltering - skip non existing resourceDirectory D:\ProjectData\Child_Adoption_System\user_backend\spring_boot_backend_template\src\test\resources
2026-07-31 15:17:06,097 [Worker-11: Building] WARN  o.apache.maven.project.MavenProject - Direct modification of compileSourceRoots through clear() is deprecated and will not work in Maven 4.0.0. Please use the add/remove methods instead. If you're using a plugin that causes this warning, please upgrade to the latest version and report an issue if the warning persists. To disable these warnings, set -Dmaven.project.sourceRoots.warningsDisabled=true on the command line, in the .mvn/maven.config file, or in project POM properties.
2026-07-31 15:17:06,113 [Worker-11: Building] WARN  o.apache.maven.project.MavenProject - Direct modification of compileSourceRoots through add() is deprecated and will not work in Maven 4.0.0. Please use the add/remove methods instead. If you're using a plugin that causes this warning, please upgrade to the latest version and report an issue if the warning persists. To disable these warnings, set -Dmaven.project.sourceRoots.warningsDisabled=true on the command line, in the .mvn/maven.config file, or in project POM properties.
2026-07-31 15:17:06,114 [Worker-11: Building] WARN  o.apache.maven.project.MavenProject - Direct modification of testCompileSourceRoots through clear() is deprecated and will not work in Maven 4.0.0. Please use the add/remove methods instead. If you're using a plugin that causes this warning, please upgrade to the latest version and report an issue if the warning persists. To disable these warnings, set -Dmaven.project.sourceRoots.warningsDisabled=true on the command line, in the .mvn/maven.config file, or in project POM properties.
2026-07-31 15:17:06,115 [Worker-11: Building] WARN  o.apache.maven.project.MavenProject - Direct modification of testCompileSourceRoots through add() is deprecated and will not work in Maven 4.0.0. Please use the add/remove methods instead. If you're using a plugin that causes this warning, please upgrade to the latest version and report an issue if the warning persists. To disable these warnings, set -Dmaven.project.sourceRoots.warningsDisabled=true on the command line, in the .mvn/maven.config file, or in project POM properties.
2026-07-31 15:17:14,855 [main] INFO  o.e.m2e.actions.ExecutePomAction - Creating new launch configuration
2026-07-31 15:17:24,942 [Worker-9: Launching spring_boot_backend_template (1)] INFO  o.eclipse.m2e.core.internal.Bundles - getClasspathEntries(Bundle=org.eclipse.m2e.maven.runtime_3.9.1101.20251020-1549 [372])
2026-07-31 15:17:24,953 [Worker-9: Launching spring_boot_backend_template (1)] INFO  o.eclipse.m2e.core.internal.Bundles - 	Entry: C:\Users\prath\Downloads\sts-5.0.1.RELEASE\sts-5.0.1.RELEASE\plugins\org.eclipse.m2e.maven.runtime_3.9.1101.20251020-1549
2026-07-31 15:17:24,955 [Worker-9: Launching spring_boot_backend_template (1)] INFO  o.eclipse.m2e.core.internal.Bundles - 	Entry: C:\Users\prath\Downloads\sts-5.0.1.RELEASE\sts-5.0.1.RELEASE\plugins\org.eclipse.m2e.maven.runtime_3.9.1101.20251020-1549\jars\aopalliance-1.0.jar
2026-07-31 15:17:24,955 [Worker-9: Launching spring_boot_backend_template (1)] INFO  o.eclipse.m2e.core.internal.Bundles - 	Entry: C:\Users\prath\Downloads\sts-5.0.1.RELEASE\sts-5.0.1.RELEASE\plugins\org.eclipse.m2e.maven.runtime_3.9.1101.20251020-1549\jars\asm-9.8.jar
2026-07-31 15:17:24,955 [Worker-9: Launching spring_boot_backend_template (1)] INFO  o.eclipse.m2e.core.internal.Bundles - 	Entry: C:\Users\prath\Downloads\sts-5.0.1.RELEASE\sts-5.0.1.RELEASE\plugins\org.eclipse.m2e.maven.runtime_3.9.1101.20251020-1549\jars\error_prone_annotations-2.38.0.jar
2026-07-31 15:17:24,957 [Worker-9: Launching spring_boot_backend_template (1)] INFO  o.eclipse.m2e.core.internal.Bundles - 	Entry: C:\Users\prath\Downloads\sts-5.0.1.RELEASE\sts-5.0.1.RELEASE\plugins\org.eclipse.m2e.maven.runtime_3.9.1101.20251020-1549\jars\gson-2.13.1.jar
2026-07-31 15:17:24,957 [Worker-9: Launching spring_boot_backend_template (1)] INFO  o.eclipse.m2e.core.internal.Bundles - 	Entry: C:\Users\prath\Downloads\sts-5.0.1.RELEASE\sts-5.0.1.RELEASE\plugins\org.eclipse.m2e.maven.runtime_3.9.1101.20251020-1549\jars\guice-5.1.0-classes.jar
2026-07-31 15:17:24,957 [Worker-9: Launching spring_boot_backend_template (1)] INFO  o.eclipse.m2e.core.internal.Bundles - 	Entry: C:\Users\prath\Downloads\sts-5.0.1.RELEASE\sts-5.0.1.RELEASE\plugins\org.eclipse.m2e.maven.runtime_3.9.1101.20251020-1549\jars\httpclient-4.5.14.jar
2026-07-31 15:17:24,957 [Worker-9: Launching spring_boot_backend_template (1)] INFO  o.eclipse.m2e.core.internal.Bundles - 	Entry: C:\Users\prath\Downloads\sts-5.0.1.RELEASE\sts-5.0.1.RELEASE\plugins\org.eclipse.m2e.maven.runtime_3.9.1101.20251020-1549\jars\httpcore-4.4.16.jar
2026-07-31 15:17:24,958 [Worker-9: Launching spring_boot_backend_template (1)] INFO  o.eclipse.m2e.core.internal.Bundles - 	Entry: C:\Users\prath\Downloads\sts-5.0.1.RELEASE\sts-5.0.1.RELEASE\plugins\org.eclipse.m2e.maven.runtime_3.9.1101.20251020-1549\jars\jansi-2.4.2.jar
2026-07-31 15:17:24,958 [Worker-9: Launching spring_boot_backend_template (1)] INFO  o.eclipse.m2e.core.internal.Bundles - 	Entry: C:\Users\prath\Downloads\sts-5.0.1.RELEASE\sts-5.0.1.RELEASE\plugins\org.eclipse.m2e.maven.runtime_3.9.1101.20251020-1549\jars\jcl-over-slf4j-1.7.36.jar
2026-07-31 15:17:24,959 [Worker-9: Launching spring_boot_backend_template (1)] INFO  o.eclipse.m2e.core.internal.Bundles - 	Entry: C:\Users\prath\Downloads\sts-5.0.1.RELEASE\sts-5.0.1.RELEASE\plugins\org.eclipse.m2e.maven.runtime_3.9.1101.20251020-1549\jars\maven-artifact-3.9.11.jar
2026-07-31 15:17:24,959 [Worker-9: Launching spring_boot_backend_template (1)] INFO  o.eclipse.m2e.core.internal.Bundles - 	Entry: C:\Users\prath\Downloads\sts-5.0.1.RELEASE\sts-5.0.1.RELEASE\plugins\org.eclipse.m2e.maven.runtime_3.9.1101.20251020-1549\jars\maven-builder-support-3.9.11.jar
2026-07-31 15:17:24,959 [Worker-9: Launching spring_boot_backend_template (1)] INFO  o.eclipse.m2e.core.internal.Bundles - 	Entry: C:\Users\prath\Downloads\sts-5.0.1.RELEASE\sts-5.0.1.RELEASE\plugins\org.eclipse.m2e.maven.runtime_3.9.1101.20251020-1549\jars\maven-compat-3.9.11.jar
2026-07-31 15:17:24,959 [Worker-9: Launching spring_boot_backend_template (1)] INFO  o.eclipse.m2e.core.internal.Bundles - 	Entry: C:\Users\prath\Downloads\sts-5.0.1.RELEASE\sts-5.0.1.RELEASE\plugins\org.eclipse.m2e.maven.runtime_3.9.1101.20251020-1549\jars\maven-core-3.9.11.jar
2026-07-31 15:17:24,960 [Worker-9: Launching spring_boot_backend_template (1)] INFO  o.eclipse.m2e.core.internal.Bundles - 	Entry: C:\Users\prath\Downloads\sts-5.0.1.RELEASE\sts-5.0.1.RELEASE\plugins\org.eclipse.m2e.maven.runtime_3.9.1101.20251020-1549\jars\maven-embedder-3.9.11.jar
2026-07-31 15:17:24,960 [Worker-9: Launching spring_boot_backend_template (1)] INFO  o.eclipse.m2e.core.internal.Bundles - 	Entry: C:\Users\prath\Downloads\sts-5.0.1.RELEASE\sts-5.0.1.RELEASE\plugins\org.eclipse.m2e.maven.runtime_3.9.1101.20251020-1549\jars\maven-model-3.9.11.jar
2026-07-31 15:17:24,960 [Worker-9: Launching spring_boot_backend_template (1)] INFO  o.eclipse.m2e.core.internal.Bundles - 	Entry: C:\Users\prath\Downloads\sts-5.0.1.RELEASE\sts-5.0.1.RELEASE\plugins\org.eclipse.m2e.maven.runtime_3.9.1101.20251020-1549\jars\maven-model-builder-3.9.11.jar
2026-07-31 15:17:24,960 [Worker-9: Launching spring_boot_backend_template (1)] INFO  o.eclipse.m2e.core.internal.Bundles - 	Entry: C:\Users\prath\Downloads\sts-5.0.1.RELEASE\sts-5.0.1.RELEASE\plugins\org.eclipse.m2e.maven.runtime_3.9.1101.20251020-1549\jars\maven-plugin-api-3.9.11.jar
2026-07-31 15:17:24,961 [Worker-9: Launching spring_boot_backend_template (1)] INFO  o.eclipse.m2e.core.internal.Bundles - 	Entry: C:\Users\prath\Downloads\sts-5.0.1.RELEASE\sts-5.0.1.RELEASE\plugins\org.eclipse.m2e.maven.runtime_3.9.1101.20251020-1549\jars\maven-repository-metadata-3.9.11.jar
2026-07-31 15:17:24,961 [Worker-9: Launching spring_boot_backend_template (1)] INFO  o.eclipse.m2e.core.internal.Bundles - 	Entry: C:\Users\prath\Downloads\sts-5.0.1.RELEASE\sts-5.0.1.RELEASE\plugins\org.eclipse.m2e.maven.runtime_3.9.1101.20251020-1549\jars\maven-resolver-api-1.9.24.jar
2026-07-31 15:17:24,961 [Worker-9: Launching spring_boot_backend_template (1)] INFO  o.eclipse.m2e.core.internal.Bundles - 	Entry: C:\Users\prath\Downloads\sts-5.0.1.RELEASE\sts-5.0.1.RELEASE\plugins\org.eclipse.m2e.maven.runtime_3.9.1101.20251020-1549\jars\maven-resolver-connector-basic-1.9.24.jar
2026-07-31 15:17:24,962 [Worker-9: Launching spring_boot_backend_template (1)] INFO  o.eclipse.m2e.core.internal.Bundles - 	Entry: C:\Users\prath\Downloads\sts-5.0.1.RELEASE\sts-5.0.1.RELEASE\plugins\org.eclipse.m2e.maven.runtime_3.9.1101.20251020-1549\jars\maven-resolver-impl-1.9.24.jar
2026-07-31 15:17:24,962 [Worker-9: Launching spring_boot_backend_template (1)] INFO  o.eclipse.m2e.core.internal.Bundles - 	Entry: C:\Users\prath\Downloads\sts-5.0.1.RELEASE\sts-5.0.1.RELEASE\plugins\org.eclipse.m2e.maven.runtime_3.9.1101.20251020-1549\jars\maven-resolver-named-locks-1.9.24.jar
2026-07-31 15:17:24,962 [Worker-9: Launching spring_boot_backend_template (1)] INFO  o.eclipse.m2e.core.internal.Bundles - 	Entry: C:\Users\prath\Downloads\sts-5.0.1.RELEASE\sts-5.0.1.RELEASE\plugins\org.eclipse.m2e.maven.runtime_3.9.1101.20251020-1549\jars\maven-resolver-provider-3.9.11.jar
2026-07-31 15:17:24,962 [Worker-9: Launching spring_boot_backend_template (1)] INFO  o.eclipse.m2e.core.internal.Bundles - 	Entry: C:\Users\prath\Downloads\sts-5.0.1.RELEASE\sts-5.0.1.RELEASE\plugins\org.eclipse.m2e.maven.runtime_3.9.1101.20251020-1549\jars\maven-resolver-spi-1.9.24.jar
2026-07-31 15:17:24,962 [Worker-9: Launching spring_boot_backend_template (1)] INFO  o.eclipse.m2e.core.internal.Bundles - 	Entry: C:\Users\prath\Downloads\sts-5.0.1.RELEASE\sts-5.0.1.RELEASE\plugins\org.eclipse.m2e.maven.runtime_3.9.1101.20251020-1549\jars\maven-resolver-transport-file-1.9.24.jar
2026-07-31 15:17:24,962 [Worker-9: Launching spring_boot_backend_template (1)] INFO  o.eclipse.m2e.core.internal.Bundles - 	Entry: C:\Users\prath\Downloads\sts-5.0.1.RELEASE\sts-5.0.1.RELEASE\plugins\org.eclipse.m2e.maven.runtime_3.9.1101.20251020-1549\jars\maven-resolver-transport-http-1.9.24.jar
2026-07-31 15:17:24,963 [Worker-9: Launching spring_boot_backend_template (1)] INFO  o.eclipse.m2e.core.internal.Bundles - 	Entry: C:\Users\prath\Downloads\sts-5.0.1.RELEASE\sts-5.0.1.RELEASE\plugins\org.eclipse.m2e.maven.runtime_3.9.1101.20251020-1549\jars\maven-resolver-transport-wagon-1.9.24.jar
2026-07-31 15:17:24,963 [Worker-9: Launching spring_boot_backend_template (1)] INFO  o.eclipse.m2e.core.internal.Bundles - 	Entry: C:\Users\prath\Downloads\sts-5.0.1.RELEASE\sts-5.0.1.RELEASE\plugins\org.eclipse.m2e.maven.runtime_3.9.1101.20251020-1549\jars\maven-resolver-util-1.9.24.jar
2026-07-31 15:17:24,963 [Worker-9: Launching spring_boot_backend_template (1)] INFO  o.eclipse.m2e.core.internal.Bundles - 	Entry: C:\Users\prath\Downloads\sts-5.0.1.RELEASE\sts-5.0.1.RELEASE\plugins\org.eclipse.m2e.maven.runtime_3.9.1101.20251020-1549\jars\maven-settings-3.9.11.jar
2026-07-31 15:17:24,963 [Worker-9: Launching spring_boot_backend_template (1)] INFO  o.eclipse.m2e.core.internal.Bundles - 	Entry: C:\Users\prath\Downloads\sts-5.0.1.RELEASE\sts-5.0.1.RELEASE\plugins\org.eclipse.m2e.maven.runtime_3.9.1101.20251020-1549\jars\maven-settings-builder-3.9.11.jar
2026-07-31 15:17:24,964 [Worker-9: Launching spring_boot_backend_template (1)] INFO  o.eclipse.m2e.core.internal.Bundles - 	Entry: C:\Users\prath\Downloads\sts-5.0.1.RELEASE\sts-5.0.1.RELEASE\plugins\org.eclipse.m2e.maven.runtime_3.9.1101.20251020-1549\jars\maven-shared-utils-3.4.2.jar
2026-07-31 15:17:24,964 [Worker-9: Launching spring_boot_backend_template (1)] INFO  o.eclipse.m2e.core.internal.Bundles - 	Entry: C:\Users\prath\Downloads\sts-5.0.1.RELEASE\sts-5.0.1.RELEASE\plugins\org.eclipse.m2e.maven.runtime_3.9.1101.20251020-1549\jars\org.eclipse.sisu.inject-0.9.0.M4.jar
2026-07-31 15:17:24,965 [Worker-9: Launching spring_boot_backend_template (1)] INFO  o.eclipse.m2e.core.internal.Bundles - 	Entry: C:\Users\prath\Downloads\sts-5.0.1.RELEASE\sts-5.0.1.RELEASE\plugins\org.eclipse.m2e.maven.runtime_3.9.1101.20251020-1549\jars\org.eclipse.sisu.plexus-0.9.0.M4.jar
2026-07-31 15:17:24,965 [Worker-9: Launching spring_boot_backend_template (1)] INFO  o.eclipse.m2e.core.internal.Bundles - 	Entry: C:\Users\prath\Downloads\sts-5.0.1.RELEASE\sts-5.0.1.RELEASE\plugins\org.eclipse.m2e.maven.runtime_3.9.1101.20251020-1549\jars\plexus-build-api-0.0.7.jar
2026-07-31 15:17:24,966 [Worker-9: Launching spring_boot_backend_template (1)] INFO  o.eclipse.m2e.core.internal.Bundles - 	Entry: C:\Users\prath\Downloads\sts-5.0.1.RELEASE\sts-5.0.1.RELEASE\plugins\org.eclipse.m2e.maven.runtime_3.9.1101.20251020-1549\jars\plexus-build-api-1.2.0.jar
2026-07-31 15:17:24,966 [Worker-9: Launching spring_boot_backend_template (1)] INFO  o.eclipse.m2e.core.internal.Bundles - 	Entry: C:\Users\prath\Downloads\sts-5.0.1.RELEASE\sts-5.0.1.RELEASE\plugins\org.eclipse.m2e.maven.runtime_3.9.1101.20251020-1549\jars\plexus-cipher-2.0.jar
2026-07-31 15:17:24,966 [Worker-9: Launching spring_boot_backend_template (1)] INFO  o.eclipse.m2e.core.internal.Bundles - 	Entry: C:\Users\prath\Downloads\sts-5.0.1.RELEASE\sts-5.0.1.RELEASE\plugins\org.eclipse.m2e.maven.runtime_3.9.1101.20251020-1549\jars\plexus-classworlds-2.9.0.jar
2026-07-31 15:17:24,966 [Worker-9: Launching spring_boot_backend_template (1)] INFO  o.eclipse.m2e.core.internal.Bundles - 	Entry: C:\Users\prath\Downloads\sts-5.0.1.RELEASE\sts-5.0.1.RELEASE\plugins\org.eclipse.m2e.maven.runtime_3.9.1101.20251020-1549\jars\plexus-component-annotations-2.2.0.jar
2026-07-31 15:17:24,966 [Worker-9: Launching spring_boot_backend_template (1)] INFO  o.eclipse.m2e.core.internal.Bundles - 	Entry: C:\Users\prath\Downloads\sts-5.0.1.RELEASE\sts-5.0.1.RELEASE\plugins\org.eclipse.m2e.maven.runtime_3.9.1101.20251020-1549\jars\plexus-interpolation-1.28.jar
2026-07-31 15:17:24,966 [Worker-9: Launching spring_boot_backend_template (1)] INFO  o.eclipse.m2e.core.internal.Bundles - 	Entry: C:\Users\prath\Downloads\sts-5.0.1.RELEASE\sts-5.0.1.RELEASE\plugins\org.eclipse.m2e.maven.runtime_3.9.1101.20251020-1549\jars\plexus-sec-dispatcher-2.0.jar
2026-07-31 15:17:24,966 [Worker-9: Launching spring_boot_backend_template (1)] INFO  o.eclipse.m2e.core.internal.Bundles - 	Entry: C:\Users\prath\Downloads\sts-5.0.1.RELEASE\sts-5.0.1.RELEASE\plugins\org.eclipse.m2e.maven.runtime_3.9.1101.20251020-1549\jars\plexus-utils-3.6.0.jar
2026-07-31 15:17:24,966 [Worker-9: Launching spring_boot_backend_template (1)] INFO  o.eclipse.m2e.core.internal.Bundles - 	Entry: C:\Users\prath\Downloads\sts-5.0.1.RELEASE\sts-5.0.1.RELEASE\plugins\org.eclipse.m2e.maven.runtime_3.9.1101.20251020-1549\jars\wagon-file-3.5.3.jar
2026-07-31 15:17:24,967 [Worker-9: Launching spring_boot_backend_template (1)] INFO  o.eclipse.m2e.core.internal.Bundles - 	Entry: C:\Users\prath\Downloads\sts-5.0.1.RELEASE\sts-5.0.1.RELEASE\plugins\org.eclipse.m2e.maven.runtime_3.9.1101.20251020-1549\jars\wagon-http-3.5.3.jar
2026-07-31 15:17:24,967 [Worker-9: Launching spring_boot_backend_template (1)] INFO  o.eclipse.m2e.core.internal.Bundles - 	Entry: C:\Users\prath\Downloads\sts-5.0.1.RELEASE\sts-5.0.1.RELEASE\plugins\org.eclipse.m2e.maven.runtime_3.9.1101.20251020-1549\jars\wagon-http-shared-3.5.3.jar
2026-07-31 15:17:24,968 [Worker-9: Launching spring_boot_backend_template (1)] INFO  o.eclipse.m2e.core.internal.Bundles - 	Entry: C:\Users\prath\Downloads\sts-5.0.1.RELEASE\sts-5.0.1.RELEASE\plugins\org.eclipse.m2e.maven.runtime_3.9.1101.20251020-1549\jars\wagon-provider-api-3.5.3.jar
2026-07-31 15:17:24,974 [Worker-9: Launching spring_boot_backend_template (1)] INFO  o.eclipse.m2e.core.internal.Bundles - getClasspathEntries(Bundle=com.google.guava_33.5.0.jre [31])
2026-07-31 15:17:24,975 [Worker-9: Launching spring_boot_backend_template (1)] INFO  o.eclipse.m2e.core.internal.Bundles - 	Entry: C:\Users\prath\Downloads\sts-5.0.1.RELEASE\sts-5.0.1.RELEASE\plugins\com.google.guava_33.5.0.jre.jar
2026-07-31 15:17:24,975 [Worker-9: Launching spring_boot_backend_template (1)] INFO  o.eclipse.m2e.core.internal.Bundles - getClasspathEntries(Bundle=slf4j.api_2.0.17 [620])
2026-07-31 15:17:24,976 [Worker-9: Launching spring_boot_backend_template (1)] INFO  o.eclipse.m2e.core.internal.Bundles - 	Entry: C:\Users\prath\Downloads\sts-5.0.1.RELEASE\sts-5.0.1.RELEASE\plugins\slf4j.api_2.0.17.jar
2026-07-31 15:17:24,976 [Worker-9: Launching spring_boot_backend_template (1)] INFO  o.eclipse.m2e.core.internal.Bundles - getClasspathEntries(Bundle=jakarta.inject.jakarta.inject-api_1.0.5 [46])
2026-07-31 15:17:24,978 [Worker-9: Launching spring_boot_backend_template (1)] INFO  o.eclipse.m2e.core.internal.Bundles - 	Entry: C:\Users\prath\Downloads\sts-5.0.1.RELEASE\sts-5.0.1.RELEASE\plugins\jakarta.inject.jakarta.inject-api_1.0.5.jar
2026-07-31 15:17:24,978 [Worker-9: Launching spring_boot_backend_template (1)] INFO  o.eclipse.m2e.core.internal.Bundles - getClasspathEntries(Bundle=jakarta.annotation-api_1.3.5 [43])
2026-07-31 15:17:24,979 [Worker-9: Launching spring_boot_backend_template (1)] INFO  o.eclipse.m2e.core.internal.Bundles - 	Entry: C:\Users\prath\Downloads\sts-5.0.1.RELEASE\sts-5.0.1.RELEASE\plugins\jakarta.annotation-api_1.3.5.jar
2026-07-31 15:17:24,979 [Worker-9: Launching spring_boot_backend_template (1)] INFO  o.eclipse.m2e.core.internal.Bundles - getClasspathEntries(Bundle=org.apache.commons.cli_1.11.0 [85])
2026-07-31 15:17:24,980 [Worker-9: Launching spring_boot_backend_template (1)] INFO  o.eclipse.m2e.core.internal.Bundles - 	Entry: C:\Users\prath\Downloads\sts-5.0.1.RELEASE\sts-5.0.1.RELEASE\plugins\org.apache.commons.cli_1.11.0.jar
2026-07-31 15:17:24,980 [Worker-9: Launching spring_boot_backend_template (1)] INFO  o.eclipse.m2e.core.internal.Bundles - getClasspathEntries(Bundle=org.apache.commons.commons-codec_1.20.0 [87])
2026-07-31 15:17:24,981 [Worker-9: Launching spring_boot_backend_template (1)] INFO  o.eclipse.m2e.core.internal.Bundles - 	Entry: C:\Users\prath\Downloads\sts-5.0.1.RELEASE\sts-5.0.1.RELEASE\plugins\org.apache.commons.commons-codec_1.20.0.jar
2026-07-31 15:17:24,981 [Worker-9: Launching spring_boot_backend_template (1)] INFO  o.eclipse.m2e.core.internal.Bundles - getClasspathEntries(Bundle=com.google.guava.failureaccess_1.0.3 [32])
2026-07-31 15:17:24,982 [Worker-9: Launching spring_boot_backend_template (1)] INFO  o.eclipse.m2e.core.internal.Bundles - 	Entry: C:\Users\prath\Downloads\sts-5.0.1.RELEASE\sts-5.0.1.RELEASE\plugins\com.google.guava.failureaccess_1.0.3.jar
2026-07-31 15:17:24,986 [Worker-9: Launching spring_boot_backend_template (1)] INFO  o.e.m.i.launch.MavenLaunchDelegate - Run build in "D:\ProjectData\Child_Adoption_System\user_backend\spring_boot_backend_template":
2026-07-31 15:17:25,002 [Worker-9: Launching spring_boot_backend_template (1)] INFO  o.e.m.i.launch.MavenLaunchDelegate -  mvn  -B -Dstyle.color=always clean compile
2026-07-31 15:40:24,120 [Worker-6: Loading available Gradle versions] INFO  o.e.b.c.i.u.g.PublishedGradleVersions - Gradle version information cache is up-to-date. Trying to read.
2026-07-31 15:40:39,439 [Worker-9: Building] INFO  o.a.m.s.f.DefaultMavenResourcesFiltering - Copying 1 resource from src\main\resources to target\classes
2026-07-31 15:40:39,480 [Worker-9: Building] INFO  o.a.m.s.f.DefaultMavenResourcesFiltering - Copying 0 resource from src\main\resources to target\classes
2026-07-31 15:40:39,490 [Worker-9: Building] INFO  o.a.m.s.f.DefaultMavenResourcesFiltering - skip non existing resourceDirectory D:\ProjectData\Child_Adoption_System\user_backend\spring_boot_backend_template\src\test\resources
2026-07-31 15:40:40,777 [Worker-9: Building] WARN  o.apache.maven.project.MavenProject - Direct modification of compileSourceRoots through clear() is deprecated and will not work in Maven 4.0.0. Please use the add/remove methods instead. If you're using a plugin that causes this warning, please upgrade to the latest version and report an issue if the warning persists. To disable these warnings, set -Dmaven.project.sourceRoots.warningsDisabled=true on the command line, in the .mvn/maven.config file, or in project POM properties.
2026-07-31 15:40:40,788 [Worker-9: Building] WARN  o.apache.maven.project.MavenProject - Direct modification of compileSourceRoots through add() is deprecated and will not work in Maven 4.0.0. Please use the add/remove methods instead. If you're using a plugin that causes this warning, please upgrade to the latest version and report an issue if the warning persists. To disable these warnings, set -Dmaven.project.sourceRoots.warningsDisabled=true on the command line, in the .mvn/maven.config file, or in project POM properties.
2026-07-31 15:40:40,790 [Worker-9: Building] WARN  o.apache.maven.project.MavenProject - Direct modification of testCompileSourceRoots through clear() is deprecated and will not work in Maven 4.0.0. Please use the add/remove methods instead. If you're using a plugin that causes this warning, please upgrade to the latest version and report an issue if the warning persists. To disable these warnings, set -Dmaven.project.sourceRoots.warningsDisabled=true on the command line, in the .mvn/maven.config file, or in project POM properties.
2026-07-31 15:40:40,791 [Worker-9: Building] WARN  o.apache.maven.project.MavenProject - Direct modification of testCompileSourceRoots through add() is deprecated and will not work in Maven 4.0.0. Please use the add/remove methods instead. If you're using a plugin that causes this warning, please upgrade to the latest version and report an issue if the warning persists. To disable these warnings, set -Dmaven.project.sourceRoots.warningsDisabled=true on the command line, in the .mvn/maven.config file, or in project POM properties.
2026-07-31 15:41:10,435 [Worker-15: Updating Maven Project] INFO  o.e.m.c.i.p.ProjectConfigurationManager - Update started
2026-07-31 15:41:13,018 [Worker-15: Updating Maven Project] INFO  o.e.m.c.i.l.LifecycleMappingFactory - Using org.eclipse.m2e.jdt.JarLifecycleMapping lifecycle mapping for MavenProject: com.backend:user_backend:0.0.1-SNAPSHOT @ D:\ProjectData\Child_Adoption_System\user_backend\spring_boot_backend_template\pom.xml.
2026-07-31 15:41:18,626 [Worker-15: Updating Maven Project] INFO  o.e.m.j.i.AbstractJavaProjectConfigurator - Adding source folder /spring_boot_backend_template/src/main/java
2026-07-31 15:41:18,639 [Worker-15: Updating Maven Project] INFO  o.e.m.j.i.AbstractJavaProjectConfigurator - Adding resource folder /spring_boot_backend_template/src/main/resources
2026-07-31 15:41:18,640 [Worker-15: Updating Maven Project] INFO  o.e.m.j.i.AbstractJavaProjectConfigurator - Adding resource folder /spring_boot_backend_template/src/main/resources
2026-07-31 15:41:18,643 [Worker-15: Updating Maven Project] INFO  o.e.m.j.i.AbstractJavaProjectConfigurator - Adding source folder /spring_boot_backend_template/src/test/java
2026-07-31 15:41:18,646 [Worker-15: Updating Maven Project] INFO  o.e.m.j.i.AbstractJavaProjectConfigurator - Adding resource folder /spring_boot_backend_template/src/test/resources
2026-07-31 15:41:21,463 [Worker-15: Updating Maven Project] WARN  o.apache.maven.project.MavenProject - Direct modification of compileSourceRoots through clear() is deprecated and will not work in Maven 4.0.0. Please use the add/remove methods instead. If you're using a plugin that causes this warning, please upgrade to the latest version and report an issue if the warning persists. To disable these warnings, set -Dmaven.project.sourceRoots.warningsDisabled=true on the command line, in the .mvn/maven.config file, or in project POM properties.
2026-07-31 15:41:21,489 [Worker-15: Updating Maven Project] WARN  o.apache.maven.project.MavenProject - Direct modification of compileSourceRoots through add() is deprecated and will not work in Maven 4.0.0. Please use the add/remove methods instead. If you're using a plugin that causes this warning, please upgrade to the latest version and report an issue if the warning persists. To disable these warnings, set -Dmaven.project.sourceRoots.warningsDisabled=true on the command line, in the .mvn/maven.config file, or in project POM properties.
2026-07-31 15:41:21,495 [Worker-15: Updating Maven Project] WARN  o.apache.maven.project.MavenProject - Direct modification of testCompileSourceRoots through clear() is deprecated and will not work in Maven 4.0.0. Please use the add/remove methods instead. If you're using a plugin that causes this warning, please upgrade to the latest version and report an issue if the warning persists. To disable these warnings, set -Dmaven.project.sourceRoots.warningsDisabled=true on the command line, in the .mvn/maven.config file, or in project POM properties.
2026-07-31 15:41:21,499 [Worker-15: Updating Maven Project] WARN  o.apache.maven.project.MavenProject - Direct modification of testCompileSourceRoots through add() is deprecated and will not work in Maven 4.0.0. Please use the add/remove methods instead. If you're using a plugin that causes this warning, please upgrade to the latest version and report an issue if the warning persists. To disable these warnings, set -Dmaven.project.sourceRoots.warningsDisabled=true on the command line, in the .mvn/maven.config file, or in project POM properties.
2026-07-31 15:41:22,280 [Worker-15: Updating Maven Project] INFO  o.e.m.c.i.p.ProjectConfigurationManager - Update completed for 1 poms: local refresh takes 0.00 sec, refresh facades takes 7.00 sec, update config takes 3.00 sec 
2026-07-31 15:41:29,014 [Worker-7: Building] INFO  o.a.m.s.f.DefaultMavenResourcesFiltering - Copying 1 resource from src\main\resources to target\classes
2026-07-31 15:41:29,078 [Worker-7: Building] INFO  o.a.m.s.f.DefaultMavenResourcesFiltering - Copying 0 resource from src\main\resources to target\classes
2026-07-31 15:41:29,092 [Worker-7: Building] INFO  o.a.m.s.f.DefaultMavenResourcesFiltering - skip non existing resourceDirectory D:\ProjectData\Child_Adoption_System\user_backend\spring_boot_backend_template\src\test\resources
2026-07-31 15:41:29,181 [Worker-7: Building] WARN  o.apache.maven.project.MavenProject - Direct modification of compileSourceRoots through clear() is deprecated and will not work in Maven 4.0.0. Please use the add/remove methods instead. If you're using a plugin that causes this warning, please upgrade to the latest version and report an issue if the warning persists. To disable these warnings, set -Dmaven.project.sourceRoots.warningsDisabled=true on the command line, in the .mvn/maven.config file, or in project POM properties.
2026-07-31 15:41:29,203 [Worker-7: Building] WARN  o.apache.maven.project.MavenProject - Direct modification of compileSourceRoots through add() is deprecated and will not work in Maven 4.0.0. Please use the add/remove methods instead. If you're using a plugin that causes this warning, please upgrade to the latest version and report an issue if the warning persists. To disable these warnings, set -Dmaven.project.sourceRoots.warningsDisabled=true on the command line, in the .mvn/maven.config file, or in project POM properties.
2026-07-31 15:41:29,204 [Worker-7: Building] WARN  o.apache.maven.project.MavenProject - Direct modification of testCompileSourceRoots through clear() is deprecated and will not work in Maven 4.0.0. Please use the add/remove methods instead. If you're using a plugin that causes this warning, please upgrade to the latest version and report an issue if the warning persists. To disable these warnings, set -Dmaven.project.sourceRoots.warningsDisabled=true on the command line, in the .mvn/maven.config file, or in project POM properties.
2026-07-31 15:41:29,206 [Worker-7: Building] WARN  o.apache.maven.project.MavenProject - Direct modification of testCompileSourceRoots through add() is deprecated and will not work in Maven 4.0.0. Please use the add/remove methods instead. If you're using a plugin that causes this warning, please upgrade to the latest version and report an issue if the warning persists. To disable these warnings, set -Dmaven.project.sourceRoots.warningsDisabled=true on the command line, in the .mvn/maven.config file, or in project POM properties.
2026-07-31 15:46:11,955 [Worker-1: Loading available Gradle versions] INFO  o.e.b.c.i.u.g.PublishedGradleVersions - Gradle version information cache is up-to-date. Trying to read.
2026-07-31 15:46:33,089 [Worker-16: Building] INFO  o.a.m.s.f.DefaultMavenResourcesFiltering - Copying 1 resource from src\main\resources to target\classes
2026-07-31 15:46:33,190 [Worker-16: Building] INFO  o.a.m.s.f.DefaultMavenResourcesFiltering - Copying 0 resource from src\main\resources to target\classes
2026-07-31 15:46:33,213 [Worker-16: Building] INFO  o.a.m.s.f.DefaultMavenResourcesFiltering - skip non existing resourceDirectory D:\ProjectData\Child_Adoption_System\user_backend\spring_boot_backend_template\src\test\resources
2026-07-31 15:46:35,812 [Worker-16: Building] WARN  o.apache.maven.project.MavenProject - Direct modification of compileSourceRoots through clear() is deprecated and will not work in Maven 4.0.0. Please use the add/remove methods instead. If you're using a plugin that causes this warning, please upgrade to the latest version and report an issue if the warning persists. To disable these warnings, set -Dmaven.project.sourceRoots.warningsDisabled=true on the command line, in the .mvn/maven.config file, or in project POM properties.
2026-07-31 15:46:35,818 [Worker-16: Building] WARN  o.apache.maven.project.MavenProject - Direct modification of compileSourceRoots through add() is deprecated and will not work in Maven 4.0.0. Please use the add/remove methods instead. If you're using a plugin that causes this warning, please upgrade to the latest version and report an issue if the warning persists. To disable these warnings, set -Dmaven.project.sourceRoots.warningsDisabled=true on the command line, in the .mvn/maven.config file, or in project POM properties.
2026-07-31 15:46:35,820 [Worker-16: Building] WARN  o.apache.maven.project.MavenProject - Direct modification of testCompileSourceRoots through clear() is deprecated and will not work in Maven 4.0.0. Please use the add/remove methods instead. If you're using a plugin that causes this warning, please upgrade to the latest version and report an issue if the warning persists. To disable these warnings, set -Dmaven.project.sourceRoots.warningsDisabled=true on the command line, in the .mvn/maven.config file, or in project POM properties.
2026-07-31 15:46:35,824 [Worker-16: Building] WARN  o.apache.maven.project.MavenProject - Direct modification of testCompileSourceRoots through add() is deprecated and will not work in Maven 4.0.0. Please use the add/remove methods instead. If you're using a plugin that causes this warning, please upgrade to the latest version and report an issue if the warning persists. To disable these warnings, set -Dmaven.project.sourceRoots.warningsDisabled=true on the command line, in the .mvn/maven.config file, or in project POM properties.
2026-07-31 15:46:42,126 [Worker-15: Building] INFO  o.a.m.s.f.DefaultMavenResourcesFiltering - Copying 1 resource from src\main\resources to target\classes
2026-07-31 15:46:42,212 [Worker-15: Building] INFO  o.a.m.s.f.DefaultMavenResourcesFiltering - Copying 0 resource from src\main\resources to target\classes
2026-07-31 15:46:42,508 [Worker-15: Building] INFO  o.a.m.s.f.DefaultMavenResourcesFiltering - skip non existing resourceDirectory D:\ProjectData\Child_Adoption_System\user_backend\spring_boot_backend_template\src\test\resources
2026-07-31 15:46:42,676 [Worker-15: Building] WARN  o.apache.maven.project.MavenProject - Direct modification of compileSourceRoots through clear() is deprecated and will not work in Maven 4.0.0. Please use the add/remove methods instead. If you're using a plugin that causes this warning, please upgrade to the latest version and report an issue if the warning persists. To disable these warnings, set -Dmaven.project.sourceRoots.warningsDisabled=true on the command line, in the .mvn/maven.config file, or in project POM properties.
2026-07-31 15:46:42,683 [Worker-15: Building] WARN  o.apache.maven.project.MavenProject - Direct modification of compileSourceRoots through add() is deprecated and will not work in Maven 4.0.0. Please use the add/remove methods instead. If you're using a plugin that causes this warning, please upgrade to the latest version and report an issue if the warning persists. To disable these warnings, set -Dmaven.project.sourceRoots.warningsDisabled=true on the command line, in the .mvn/maven.config file, or in project POM properties.
2026-07-31 15:46:42,685 [Worker-15: Building] WARN  o.apache.maven.project.MavenProject - Direct modification of testCompileSourceRoots through clear() is deprecated and will not work in Maven 4.0.0. Please use the add/remove methods instead. If you're using a plugin that causes this warning, please upgrade to the latest version and report an issue if the warning persists. To disable these warnings, set -Dmaven.project.sourceRoots.warningsDisabled=true on the command line, in the .mvn/maven.config file, or in project POM properties.
2026-07-31 15:46:42,688 [Worker-15: Building] WARN  o.apache.maven.project.MavenProject - Direct modification of testCompileSourceRoots through add() is deprecated and will not work in Maven 4.0.0. Please use the add/remove methods instead. If you're using a plugin that causes this warning, please upgrade to the latest version and report an issue if the warning persists. To disable these warnings, set -Dmaven.project.sourceRoots.warningsDisabled=true on the command line, in the .mvn/maven.config file, or in project POM properties.
2026-07-31 15:48:52,692 [main] INFO  o.e.m2e.actions.ExecutePomAction - Creating new launch configuration
2026-07-31 15:48:58,760 [Worker-16: Launching spring_boot_backend_template (2)] INFO  o.eclipse.m2e.core.internal.Bundles - getClasspathEntries(Bundle=org.eclipse.m2e.maven.runtime_3.9.1101.20251020-1549 [372])
2026-07-31 15:48:58,768 [Worker-16: Launching spring_boot_backend_template (2)] INFO  o.eclipse.m2e.core.internal.Bundles - 	Entry: C:\Users\prath\Downloads\sts-5.0.1.RELEASE\sts-5.0.1.RELEASE\plugins\org.eclipse.m2e.maven.runtime_3.9.1101.20251020-1549
2026-07-31 15:48:58,768 [Worker-16: Launching spring_boot_backend_template (2)] INFO  o.eclipse.m2e.core.internal.Bundles - 	Entry: C:\Users\prath\Downloads\sts-5.0.1.RELEASE\sts-5.0.1.RELEASE\plugins\org.eclipse.m2e.maven.runtime_3.9.1101.20251020-1549\jars\aopalliance-1.0.jar
2026-07-31 15:48:58,768 [Worker-16: Launching spring_boot_backend_template (2)] INFO  o.eclipse.m2e.core.internal.Bundles - 	Entry: C:\Users\prath\Downloads\sts-5.0.1.RELEASE\sts-5.0.1.RELEASE\plugins\org.eclipse.m2e.maven.runtime_3.9.1101.20251020-1549\jars\asm-9.8.jar
2026-07-31 15:48:58,768 [Worker-16: Launching spring_boot_backend_template (2)] INFO  o.eclipse.m2e.core.internal.Bundles - 	Entry: C:\Users\prath\Downloads\sts-5.0.1.RELEASE\sts-5.0.1.RELEASE\plugins\org.eclipse.m2e.maven.runtime_3.9.1101.20251020-1549\jars\error_prone_annotations-2.38.0.jar
2026-07-31 15:48:58,769 [Worker-16: Launching spring_boot_backend_template (2)] INFO  o.eclipse.m2e.core.internal.Bundles - 	Entry: C:\Users\prath\Downloads\sts-5.0.1.RELEASE\sts-5.0.1.RELEASE\plugins\org.eclipse.m2e.maven.runtime_3.9.1101.20251020-1549\jars\gson-2.13.1.jar
2026-07-31 15:48:58,769 [Worker-16: Launching spring_boot_backend_template (2)] INFO  o.eclipse.m2e.core.internal.Bundles - 	Entry: C:\Users\prath\Downloads\sts-5.0.1.RELEASE\sts-5.0.1.RELEASE\plugins\org.eclipse.m2e.maven.runtime_3.9.1101.20251020-1549\jars\guice-5.1.0-classes.jar
2026-07-31 15:48:58,769 [Worker-16: Launching spring_boot_backend_template (2)] INFO  o.eclipse.m2e.core.internal.Bundles - 	Entry: C:\Users\prath\Downloads\sts-5.0.1.RELEASE\sts-5.0.1.RELEASE\plugins\org.eclipse.m2e.maven.runtime_3.9.1101.20251020-1549\jars\httpclient-4.5.14.jar
2026-07-31 15:48:58,769 [Worker-16: Launching spring_boot_backend_template (2)] INFO  o.eclipse.m2e.core.internal.Bundles - 	Entry: C:\Users\prath\Downloads\sts-5.0.1.RELEASE\sts-5.0.1.RELEASE\plugins\org.eclipse.m2e.maven.runtime_3.9.1101.20251020-1549\jars\httpcore-4.4.16.jar
2026-07-31 15:48:58,769 [Worker-16: Launching spring_boot_backend_template (2)] INFO  o.eclipse.m2e.core.internal.Bundles - 	Entry: C:\Users\prath\Downloads\sts-5.0.1.RELEASE\sts-5.0.1.RELEASE\plugins\org.eclipse.m2e.maven.runtime_3.9.1101.20251020-1549\jars\jansi-2.4.2.jar
2026-07-31 15:48:58,769 [Worker-16: Launching spring_boot_backend_template (2)] INFO  o.eclipse.m2e.core.internal.Bundles - 	Entry: C:\Users\prath\Downloads\sts-5.0.1.RELEASE\sts-5.0.1.RELEASE\plugins\org.eclipse.m2e.maven.runtime_3.9.1101.20251020-1549\jars\jcl-over-slf4j-1.7.36.jar
2026-07-31 15:48:58,769 [Worker-16: Launching spring_boot_backend_template (2)] INFO  o.eclipse.m2e.core.internal.Bundles - 	Entry: C:\Users\prath\Downloads\sts-5.0.1.RELEASE\sts-5.0.1.RELEASE\plugins\org.eclipse.m2e.maven.runtime_3.9.1101.20251020-1549\jars\maven-artifact-3.9.11.jar
2026-07-31 15:48:58,769 [Worker-16: Launching spring_boot_backend_template (2)] INFO  o.eclipse.m2e.core.internal.Bundles - 	Entry: C:\Users\prath\Downloads\sts-5.0.1.RELEASE\sts-5.0.1.RELEASE\plugins\org.eclipse.m2e.maven.runtime_3.9.1101.20251020-1549\jars\maven-builder-support-3.9.11.jar
2026-07-31 15:48:58,770 [Worker-16: Launching spring_boot_backend_template (2)] INFO  o.eclipse.m2e.core.internal.Bundles - 	Entry: C:\Users\prath\Downloads\sts-5.0.1.RELEASE\sts-5.0.1.RELEASE\plugins\org.eclipse.m2e.maven.runtime_3.9.1101.20251020-1549\jars\maven-compat-3.9.11.jar
2026-07-31 15:48:58,770 [Worker-16: Launching spring_boot_backend_template (2)] INFO  o.eclipse.m2e.core.internal.Bundles - 	Entry: C:\Users\prath\Downloads\sts-5.0.1.RELEASE\sts-5.0.1.RELEASE\plugins\org.eclipse.m2e.maven.runtime_3.9.1101.20251020-1549\jars\maven-core-3.9.11.jar
2026-07-31 15:48:58,770 [Worker-16: Launching spring_boot_backend_template (2)] INFO  o.eclipse.m2e.core.internal.Bundles - 	Entry: C:\Users\prath\Downloads\sts-5.0.1.RELEASE\sts-5.0.1.RELEASE\plugins\org.eclipse.m2e.maven.runtime_3.9.1101.20251020-1549\jars\maven-embedder-3.9.11.jar
2026-07-31 15:48:58,770 [Worker-16: Launching spring_boot_backend_template (2)] INFO  o.eclipse.m2e.core.internal.Bundles - 	Entry: C:\Users\prath\Downloads\sts-5.0.1.RELEASE\sts-5.0.1.RELEASE\plugins\org.eclipse.m2e.maven.runtime_3.9.1101.20251020-1549\jars\maven-model-3.9.11.jar
2026-07-31 15:48:58,770 [Worker-16: Launching spring_boot_backend_template (2)] INFO  o.eclipse.m2e.core.internal.Bundles - 	Entry: C:\Users\prath\Downloads\sts-5.0.1.RELEASE\sts-5.0.1.RELEASE\plugins\org.eclipse.m2e.maven.runtime_3.9.1101.20251020-1549\jars\maven-model-builder-3.9.11.jar
2026-07-31 15:48:58,770 [Worker-16: Launching spring_boot_backend_template (2)] INFO  o.eclipse.m2e.core.internal.Bundles - 	Entry: C:\Users\prath\Downloads\sts-5.0.1.RELEASE\sts-5.0.1.RELEASE\plugins\org.eclipse.m2e.maven.runtime_3.9.1101.20251020-1549\jars\maven-plugin-api-3.9.11.jar
2026-07-31 15:48:58,771 [Worker-16: Launching spring_boot_backend_template (2)] INFO  o.eclipse.m2e.core.internal.Bundles - 	Entry: C:\Users\prath\Downloads\sts-5.0.1.RELEASE\sts-5.0.1.RELEASE\plugins\org.eclipse.m2e.maven.runtime_3.9.1101.20251020-1549\jars\maven-repository-metadata-3.9.11.jar
2026-07-31 15:48:58,771 [Worker-16: Launching spring_boot_backend_template (2)] INFO  o.eclipse.m2e.core.internal.Bundles - 	Entry: C:\Users\prath\Downloads\sts-5.0.1.RELEASE\sts-5.0.1.RELEASE\plugins\org.eclipse.m2e.maven.runtime_3.9.1101.20251020-1549\jars\maven-resolver-api-1.9.24.jar
2026-07-31 15:48:58,773 [Worker-16: Launching spring_boot_backend_template (2)] INFO  o.eclipse.m2e.core.internal.Bundles - 	Entry: C:\Users\prath\Downloads\sts-5.0.1.RELEASE\sts-5.0.1.RELEASE\plugins\org.eclipse.m2e.maven.runtime_3.9.1101.20251020-1549\jars\maven-resolver-connector-basic-1.9.24.jar
2026-07-31 15:48:58,774 [Worker-16: Launching spring_boot_backend_template (2)] INFO  o.eclipse.m2e.core.internal.Bundles - 	Entry: C:\Users\prath\Downloads\sts-5.0.1.RELEASE\sts-5.0.1.RELEASE\plugins\org.eclipse.m2e.maven.runtime_3.9.1101.20251020-1549\jars\maven-resolver-impl-1.9.24.jar
2026-07-31 15:48:58,776 [Worker-16: Launching spring_boot_backend_template (2)] INFO  o.eclipse.m2e.core.internal.Bundles - 	Entry: C:\Users\prath\Downloads\sts-5.0.1.RELEASE\sts-5.0.1.RELEASE\plugins\org.eclipse.m2e.maven.runtime_3.9.1101.20251020-1549\jars\maven-resolver-named-locks-1.9.24.jar
2026-07-31 15:48:58,777 [Worker-16: Launching spring_boot_backend_template (2)] INFO  o.eclipse.m2e.core.internal.Bundles - 	Entry: C:\Users\prath\Downloads\sts-5.0.1.RELEASE\sts-5.0.1.RELEASE\plugins\org.eclipse.m2e.maven.runtime_3.9.1101.20251020-1549\jars\maven-resolver-provider-3.9.11.jar
2026-07-31 15:48:58,778 [Worker-16: Launching spring_boot_backend_template (2)] INFO  o.eclipse.m2e.core.internal.Bundles - 	Entry: C:\Users\prath\Downloads\sts-5.0.1.RELEASE\sts-5.0.1.RELEASE\plugins\org.eclipse.m2e.maven.runtime_3.9.1101.20251020-1549\jars\maven-resolver-spi-1.9.24.jar
2026-07-31 15:48:58,778 [Worker-16: Launching spring_boot_backend_template (2)] INFO  o.eclipse.m2e.core.internal.Bundles - 	Entry: C:\Users\prath\Downloads\sts-5.0.1.RELEASE\sts-5.0.1.RELEASE\plugins\org.eclipse.m2e.maven.runtime_3.9.1101.20251020-1549\jars\maven-resolver-transport-file-1.9.24.jar
2026-07-31 15:48:58,778 [Worker-16: Launching spring_boot_backend_template (2)] INFO  o.eclipse.m2e.core.internal.Bundles - 	Entry: C:\Users\prath\Downloads\sts-5.0.1.RELEASE\sts-5.0.1.RELEASE\plugins\org.eclipse.m2e.maven.runtime_3.9.1101.20251020-1549\jars\maven-resolver-transport-http-1.9.24.jar
2026-07-31 15:48:58,778 [Worker-16: Launching spring_boot_backend_template (2)] INFO  o.eclipse.m2e.core.internal.Bundles - 	Entry: C:\Users\prath\Downloads\sts-5.0.1.RELEASE\sts-5.0.1.RELEASE\plugins\org.eclipse.m2e.maven.runtime_3.9.1101.20251020-1549\jars\maven-resolver-transport-wagon-1.9.24.jar
2026-07-31 15:48:58,778 [Worker-16: Launching spring_boot_backend_template (2)] INFO  o.eclipse.m2e.core.internal.Bundles - 	Entry: C:\Users\prath\Downloads\sts-5.0.1.RELEASE\sts-5.0.1.RELEASE\plugins\org.eclipse.m2e.maven.runtime_3.9.1101.20251020-1549\jars\maven-resolver-util-1.9.24.jar
2026-07-31 15:48:58,779 [Worker-16: Launching spring_boot_backend_template (2)] INFO  o.eclipse.m2e.core.internal.Bundles - 	Entry: C:\Users\prath\Downloads\sts-5.0.1.RELEASE\sts-5.0.1.RELEASE\plugins\org.eclipse.m2e.maven.runtime_3.9.1101.20251020-1549\jars\maven-settings-3.9.11.jar
2026-07-31 15:48:58,779 [Worker-16: Launching spring_boot_backend_template (2)] INFO  o.eclipse.m2e.core.internal.Bundles - 	Entry: C:\Users\prath\Downloads\sts-5.0.1.RELEASE\sts-5.0.1.RELEASE\plugins\org.eclipse.m2e.maven.runtime_3.9.1101.20251020-1549\jars\maven-settings-builder-3.9.11.jar
2026-07-31 15:48:58,779 [Worker-16: Launching spring_boot_backend_template (2)] INFO  o.eclipse.m2e.core.internal.Bundles - 	Entry: C:\Users\prath\Downloads\sts-5.0.1.RELEASE\sts-5.0.1.RELEASE\plugins\org.eclipse.m2e.maven.runtime_3.9.1101.20251020-1549\jars\maven-shared-utils-3.4.2.jar
2026-07-31 15:48:58,779 [Worker-16: Launching spring_boot_backend_template (2)] INFO  o.eclipse.m2e.core.internal.Bundles - 	Entry: C:\Users\prath\Downloads\sts-5.0.1.RELEASE\sts-5.0.1.RELEASE\plugins\org.eclipse.m2e.maven.runtime_3.9.1101.20251020-1549\jars\org.eclipse.sisu.inject-0.9.0.M4.jar
2026-07-31 15:48:58,779 [Worker-16: Launching spring_boot_backend_template (2)] INFO  o.eclipse.m2e.core.internal.Bundles - 	Entry: C:\Users\prath\Downloads\sts-5.0.1.RELEASE\sts-5.0.1.RELEASE\plugins\org.eclipse.m2e.maven.runtime_3.9.1101.20251020-1549\jars\org.eclipse.sisu.plexus-0.9.0.M4.jar
2026-07-31 15:48:58,780 [Worker-16: Launching spring_boot_backend_template (2)] INFO  o.eclipse.m2e.core.internal.Bundles - 	Entry: C:\Users\prath\Downloads\sts-5.0.1.RELEASE\sts-5.0.1.RELEASE\plugins\org.eclipse.m2e.maven.runtime_3.9.1101.20251020-1549\jars\plexus-build-api-0.0.7.jar
2026-07-31 15:48:58,780 [Worker-16: Launching spring_boot_backend_template (2)] INFO  o.eclipse.m2e.core.internal.Bundles - 	Entry: C:\Users\prath\Downloads\sts-5.0.1.RELEASE\sts-5.0.1.RELEASE\plugins\org.eclipse.m2e.maven.runtime_3.9.1101.20251020-1549\jars\plexus-build-api-1.2.0.jar
2026-07-31 15:48:58,780 [Worker-16: Launching spring_boot_backend_template (2)] INFO  o.eclipse.m2e.core.internal.Bundles - 	Entry: C:\Users\prath\Downloads\sts-5.0.1.RELEASE\sts-5.0.1.RELEASE\plugins\org.eclipse.m2e.maven.runtime_3.9.1101.20251020-1549\jars\plexus-cipher-2.0.jar
2026-07-31 15:48:58,780 [Worker-16: Launching spring_boot_backend_template (2)] INFO  o.eclipse.m2e.core.internal.Bundles - 	Entry: C:\Users\prath\Downloads\sts-5.0.1.RELEASE\sts-5.0.1.RELEASE\plugins\org.eclipse.m2e.maven.runtime_3.9.1101.20251020-1549\jars\plexus-classworlds-2.9.0.jar
2026-07-31 15:48:58,780 [Worker-16: Launching spring_boot_backend_template (2)] INFO  o.eclipse.m2e.core.internal.Bundles - 	Entry: C:\Users\prath\Downloads\sts-5.0.1.RELEASE\sts-5.0.1.RELEASE\plugins\org.eclipse.m2e.maven.runtime_3.9.1101.20251020-1549\jars\plexus-component-annotations-2.2.0.jar
2026-07-31 15:48:58,780 [Worker-16: Launching spring_boot_backend_template (2)] INFO  o.eclipse.m2e.core.internal.Bundles - 	Entry: C:\Users\prath\Downloads\sts-5.0.1.RELEASE\sts-5.0.1.RELEASE\plugins\org.eclipse.m2e.maven.runtime_3.9.1101.20251020-1549\jars\plexus-interpolation-1.28.jar
2026-07-31 15:48:58,781 [Worker-16: Launching spring_boot_backend_template (2)] INFO  o.eclipse.m2e.core.internal.Bundles - 	Entry: C:\Users\prath\Downloads\sts-5.0.1.RELEASE\sts-5.0.1.RELEASE\plugins\org.eclipse.m2e.maven.runtime_3.9.1101.20251020-1549\jars\plexus-sec-dispatcher-2.0.jar
2026-07-31 15:48:58,781 [Worker-16: Launching spring_boot_backend_template (2)] INFO  o.eclipse.m2e.core.internal.Bundles - 	Entry: C:\Users\prath\Downloads\sts-5.0.1.RELEASE\sts-5.0.1.RELEASE\plugins\org.eclipse.m2e.maven.runtime_3.9.1101.20251020-1549\jars\plexus-utils-3.6.0.jar
2026-07-31 15:48:58,781 [Worker-16: Launching spring_boot_backend_template (2)] INFO  o.eclipse.m2e.core.internal.Bundles - 	Entry: C:\Users\prath\Downloads\sts-5.0.1.RELEASE\sts-5.0.1.RELEASE\plugins\org.eclipse.m2e.maven.runtime_3.9.1101.20251020-1549\jars\wagon-file-3.5.3.jar
2026-07-31 15:48:58,782 [Worker-16: Launching spring_boot_backend_template (2)] INFO  o.eclipse.m2e.core.internal.Bundles - 	Entry: C:\Users\prath\Downloads\sts-5.0.1.RELEASE\sts-5.0.1.RELEASE\plugins\org.eclipse.m2e.maven.runtime_3.9.1101.20251020-1549\jars\wagon-http-3.5.3.jar
2026-07-31 15:48:58,782 [Worker-16: Launching spring_boot_backend_template (2)] INFO  o.eclipse.m2e.core.internal.Bundles - 	Entry: C:\Users\prath\Downloads\sts-5.0.1.RELEASE\sts-5.0.1.RELEASE\plugins\org.eclipse.m2e.maven.runtime_3.9.1101.20251020-1549\jars\wagon-http-shared-3.5.3.jar
2026-07-31 15:48:58,782 [Worker-16: Launching spring_boot_backend_template (2)] INFO  o.eclipse.m2e.core.internal.Bundles - 	Entry: C:\Users\prath\Downloads\sts-5.0.1.RELEASE\sts-5.0.1.RELEASE\plugins\org.eclipse.m2e.maven.runtime_3.9.1101.20251020-1549\jars\wagon-provider-api-3.5.3.jar
2026-07-31 15:48:58,784 [Worker-16: Launching spring_boot_backend_template (2)] INFO  o.eclipse.m2e.core.internal.Bundles - getClasspathEntries(Bundle=com.google.guava_33.5.0.jre [31])
2026-07-31 15:48:58,786 [Worker-16: Launching spring_boot_backend_template (2)] INFO  o.eclipse.m2e.core.internal.Bundles - 	Entry: C:\Users\prath\Downloads\sts-5.0.1.RELEASE\sts-5.0.1.RELEASE\plugins\com.google.guava_33.5.0.jre.jar
2026-07-31 15:48:58,787 [Worker-16: Launching spring_boot_backend_template (2)] INFO  o.eclipse.m2e.core.internal.Bundles - getClasspathEntries(Bundle=slf4j.api_2.0.17 [620])
2026-07-31 15:48:58,793 [Worker-16: Launching spring_boot_backend_template (2)] INFO  o.eclipse.m2e.core.internal.Bundles - 	Entry: C:\Users\prath\Downloads\sts-5.0.1.RELEASE\sts-5.0.1.RELEASE\plugins\slf4j.api_2.0.17.jar
2026-07-31 15:48:58,793 [Worker-16: Launching spring_boot_backend_template (2)] INFO  o.eclipse.m2e.core.internal.Bundles - getClasspathEntries(Bundle=jakarta.inject.jakarta.inject-api_1.0.5 [46])
2026-07-31 15:48:58,794 [Worker-16: Launching spring_boot_backend_template (2)] INFO  o.eclipse.m2e.core.internal.Bundles - 	Entry: C:\Users\prath\Downloads\sts-5.0.1.RELEASE\sts-5.0.1.RELEASE\plugins\jakarta.inject.jakarta.inject-api_1.0.5.jar
2026-07-31 15:48:58,794 [Worker-16: Launching spring_boot_backend_template (2)] INFO  o.eclipse.m2e.core.internal.Bundles - getClasspathEntries(Bundle=jakarta.annotation-api_1.3.5 [43])
2026-07-31 15:48:58,795 [Worker-16: Launching spring_boot_backend_template (2)] INFO  o.eclipse.m2e.core.internal.Bundles - 	Entry: C:\Users\prath\Downloads\sts-5.0.1.RELEASE\sts-5.0.1.RELEASE\plugins\jakarta.annotation-api_1.3.5.jar
2026-07-31 15:48:58,795 [Worker-16: Launching spring_boot_backend_template (2)] INFO  o.eclipse.m2e.core.internal.Bundles - getClasspathEntries(Bundle=org.apache.commons.cli_1.11.0 [85])
2026-07-31 15:48:58,796 [Worker-16: Launching spring_boot_backend_template (2)] INFO  o.eclipse.m2e.core.internal.Bundles - 	Entry: C:\Users\prath\Downloads\sts-5.0.1.RELEASE\sts-5.0.1.RELEASE\plugins\org.apache.commons.cli_1.11.0.jar
2026-07-31 15:48:58,796 [Worker-16: Launching spring_boot_backend_template (2)] INFO  o.eclipse.m2e.core.internal.Bundles - getClasspathEntries(Bundle=org.apache.commons.commons-codec_1.20.0 [87])
2026-07-31 15:48:58,797 [Worker-16: Launching spring_boot_backend_template (2)] INFO  o.eclipse.m2e.core.internal.Bundles - 	Entry: C:\Users\prath\Downloads\sts-5.0.1.RELEASE\sts-5.0.1.RELEASE\plugins\org.apache.commons.commons-codec_1.20.0.jar
2026-07-31 15:48:58,797 [Worker-16: Launching spring_boot_backend_template (2)] INFO  o.eclipse.m2e.core.internal.Bundles - getClasspathEntries(Bundle=com.google.guava.failureaccess_1.0.3 [32])
2026-07-31 15:48:58,799 [Worker-16: Launching spring_boot_backend_template (2)] INFO  o.eclipse.m2e.core.internal.Bundles - 	Entry: C:\Users\prath\Downloads\sts-5.0.1.RELEASE\sts-5.0.1.RELEASE\plugins\com.google.guava.failureaccess_1.0.3.jar
2026-07-31 15:48:58,803 [Worker-16: Launching spring_boot_backend_template (2)] INFO  o.e.m.i.launch.MavenLaunchDelegate - Run build in "D:\ProjectData\Child_Adoption_System\user_backend\spring_boot_backend_template":
2026-07-31 15:48:58,804 [Worker-16: Launching spring_boot_backend_template (2)] INFO  o.e.m.i.launch.MavenLaunchDelegate -  mvn  -B -Dstyle.color=always clean compile
2026-07-31 16:22:17,442 [Worker-3: Loading available Gradle versions] INFO  o.e.b.c.i.u.g.PublishedGradleVersions - Gradle version information cache is up-to-date. Trying to read.
2026-07-31 16:22:28,459 [Worker-9: Building] INFO  o.e.m.c.i.l.LifecycleMappingFactory - Using org.eclipse.m2e.jdt.JarLifecycleMapping lifecycle mapping for MavenProject: com.backend:user_backend:0.0.1-SNAPSHOT @ D:\ProjectData\Child_Adoption_System\user_backend\spring_boot_backend_template\pom.xml.
2026-07-31 16:22:30,488 [Worker-9: Building] INFO  o.a.m.s.f.DefaultMavenResourcesFiltering - Copying 1 resource from src\main\resources to target\classes
2026-07-31 16:22:30,521 [Worker-9: Building] INFO  o.a.m.s.f.DefaultMavenResourcesFiltering - Copying 0 resource from src\main\resources to target\classes
2026-07-31 16:22:30,529 [Worker-9: Building] INFO  o.a.m.s.f.DefaultMavenResourcesFiltering - skip non existing resourceDirectory D:\ProjectData\Child_Adoption_System\user_backend\spring_boot_backend_template\src\test\resources
2026-07-31 16:22:30,997 [Worker-9: Building] WARN  o.apache.maven.project.MavenProject - Direct modification of compileSourceRoots through clear() is deprecated and will not work in Maven 4.0.0. Please use the add/remove methods instead. If you're using a plugin that causes this warning, please upgrade to the latest version and report an issue if the warning persists. To disable these warnings, set -Dmaven.project.sourceRoots.warningsDisabled=true on the command line, in the .mvn/maven.config file, or in project POM properties.
2026-07-31 16:22:31,000 [Worker-9: Building] WARN  o.apache.maven.project.MavenProject - Direct modification of compileSourceRoots through add() is deprecated and will not work in Maven 4.0.0. Please use the add/remove methods instead. If you're using a plugin that causes this warning, please upgrade to the latest version and report an issue if the warning persists. To disable these warnings, set -Dmaven.project.sourceRoots.warningsDisabled=true on the command line, in the .mvn/maven.config file, or in project POM properties.
2026-07-31 16:22:31,001 [Worker-9: Building] WARN  o.apache.maven.project.MavenProject - Direct modification of testCompileSourceRoots through clear() is deprecated and will not work in Maven 4.0.0. Please use the add/remove methods instead. If you're using a plugin that causes this warning, please upgrade to the latest version and report an issue if the warning persists. To disable these warnings, set -Dmaven.project.sourceRoots.warningsDisabled=true on the command line, in the .mvn/maven.config file, or in project POM properties.
2026-07-31 16:22:31,001 [Worker-9: Building] WARN  o.apache.maven.project.MavenProject - Direct modification of testCompileSourceRoots through add() is deprecated and will not work in Maven 4.0.0. Please use the add/remove methods instead. If you're using a plugin that causes this warning, please upgrade to the latest version and report an issue if the warning persists. To disable these warnings, set -Dmaven.project.sourceRoots.warningsDisabled=true on the command line, in the .mvn/maven.config file, or in project POM properties.
2026-07-31 16:22:33,694 [Worker-11: Building] INFO  o.a.m.s.f.DefaultMavenResourcesFiltering - Copying 1 resource from src\main\resources to target\classes
2026-07-31 16:22:33,708 [Worker-11: Building] INFO  o.a.m.s.f.DefaultMavenResourcesFiltering - Copying 0 resource from src\main\resources to target\classes
2026-07-31 16:22:33,713 [Worker-11: Building] INFO  o.a.m.s.f.DefaultMavenResourcesFiltering - skip non existing resourceDirectory D:\ProjectData\Child_Adoption_System\user_backend\spring_boot_backend_template\src\test\resources
2026-07-31 16:22:33,736 [Worker-11: Building] WARN  o.apache.maven.project.MavenProject - Direct modification of compileSourceRoots through clear() is deprecated and will not work in Maven 4.0.0. Please use the add/remove methods instead. If you're using a plugin that causes this warning, please upgrade to the latest version and report an issue if the warning persists. To disable these warnings, set -Dmaven.project.sourceRoots.warningsDisabled=true on the command line, in the .mvn/maven.config file, or in project POM properties.
2026-07-31 16:22:33,739 [Worker-11: Building] WARN  o.apache.maven.project.MavenProject - Direct modification of compileSourceRoots through add() is deprecated and will not work in Maven 4.0.0. Please use the add/remove methods instead. If you're using a plugin that causes this warning, please upgrade to the latest version and report an issue if the warning persists. To disable these warnings, set -Dmaven.project.sourceRoots.warningsDisabled=true on the command line, in the .mvn/maven.config file, or in project POM properties.
2026-07-31 16:22:33,740 [Worker-11: Building] WARN  o.apache.maven.project.MavenProject - Direct modification of testCompileSourceRoots through clear() is deprecated and will not work in Maven 4.0.0. Please use the add/remove methods instead. If you're using a plugin that causes this warning, please upgrade to the latest version and report an issue if the warning persists. To disable these warnings, set -Dmaven.project.sourceRoots.warningsDisabled=true on the command line, in the .mvn/maven.config file, or in project POM properties.
2026-07-31 16:22:33,741 [Worker-11: Building] WARN  o.apache.maven.project.MavenProject - Direct modification of testCompileSourceRoots through add() is deprecated and will not work in Maven 4.0.0. Please use the add/remove methods instead. If you're using a plugin that causes this warning, please upgrade to the latest version and report an issue if the warning persists. To disable these warnings, set -Dmaven.project.sourceRoots.warningsDisabled=true on the command line, in the .mvn/maven.config file, or in project POM properties.
2026-07-31 16:24:12,638 [Worker-2: Building] INFO  o.a.m.s.f.DefaultMavenResourcesFiltering - Copying 1 resource from src\main\resources to target\classes
2026-07-31 16:24:12,679 [Worker-2: Building] INFO  o.a.m.s.f.DefaultMavenResourcesFiltering - Copying 0 resource from src\main\resources to target\classes
2026-07-31 16:24:12,683 [Worker-2: Building] INFO  o.a.m.s.f.DefaultMavenResourcesFiltering - skip non existing resourceDirectory D:\ProjectData\Child_Adoption_System\user_backend\spring_boot_backend_template\src\test\resources
2026-07-31 16:24:12,683 [Worker-2: Building] WARN  o.apache.maven.project.MavenProject - Direct modification of compileSourceRoots through clear() is deprecated and will not work in Maven 4.0.0. Please use the add/remove methods instead. If you're using a plugin that causes this warning, please upgrade to the latest version and report an issue if the warning persists. To disable these warnings, set -Dmaven.project.sourceRoots.warningsDisabled=true on the command line, in the .mvn/maven.config file, or in project POM properties.
2026-07-31 16:24:12,690 [Worker-2: Building] WARN  o.apache.maven.project.MavenProject - Direct modification of compileSourceRoots through add() is deprecated and will not work in Maven 4.0.0. Please use the add/remove methods instead. If you're using a plugin that causes this warning, please upgrade to the latest version and report an issue if the warning persists. To disable these warnings, set -Dmaven.project.sourceRoots.warningsDisabled=true on the command line, in the .mvn/maven.config file, or in project POM properties.
2026-07-31 16:24:12,691 [Worker-2: Building] WARN  o.apache.maven.project.MavenProject - Direct modification of testCompileSourceRoots through clear() is deprecated and will not work in Maven 4.0.0. Please use the add/remove methods instead. If you're using a plugin that causes this warning, please upgrade to the latest version and report an issue if the warning persists. To disable these warnings, set -Dmaven.project.sourceRoots.warningsDisabled=true on the command line, in the .mvn/maven.config file, or in project POM properties.
2026-07-31 16:24:12,692 [Worker-2: Building] WARN  o.apache.maven.project.MavenProject - Direct modification of testCompileSourceRoots through add() is deprecated and will not work in Maven 4.0.0. Please use the add/remove methods instead. If you're using a plugin that causes this warning, please upgrade to the latest version and report an issue if the warning persists. To disable these warnings, set -Dmaven.project.sourceRoots.warningsDisabled=true on the command line, in the .mvn/maven.config file, or in project POM properties.
2026-07-31 16:25:01,078 [main] INFO  o.e.m2e.actions.ExecutePomAction - Creating new launch configuration
2026-07-31 16:25:13,243 [Worker-1: Launching spring_boot_backend_template (3)] INFO  o.eclipse.m2e.core.internal.Bundles - getClasspathEntries(Bundle=org.eclipse.m2e.maven.runtime_3.9.1101.20251020-1549 [372])
2026-07-31 16:25:13,259 [Worker-1: Launching spring_boot_backend_template (3)] INFO  o.eclipse.m2e.core.internal.Bundles - 	Entry: C:\Users\prath\Downloads\sts-5.0.1.RELEASE\sts-5.0.1.RELEASE\plugins\org.eclipse.m2e.maven.runtime_3.9.1101.20251020-1549
2026-07-31 16:25:13,260 [Worker-1: Launching spring_boot_backend_template (3)] INFO  o.eclipse.m2e.core.internal.Bundles - 	Entry: C:\Users\prath\Downloads\sts-5.0.1.RELEASE\sts-5.0.1.RELEASE\plugins\org.eclipse.m2e.maven.runtime_3.9.1101.20251020-1549\jars\aopalliance-1.0.jar
2026-07-31 16:25:13,260 [Worker-1: Launching spring_boot_backend_template (3)] INFO  o.eclipse.m2e.core.internal.Bundles - 	Entry: C:\Users\prath\Downloads\sts-5.0.1.RELEASE\sts-5.0.1.RELEASE\plugins\org.eclipse.m2e.maven.runtime_3.9.1101.20251020-1549\jars\asm-9.8.jar
2026-07-31 16:25:13,261 [Worker-1: Launching spring_boot_backend_template (3)] INFO  o.eclipse.m2e.core.internal.Bundles - 	Entry: C:\Users\prath\Downloads\sts-5.0.1.RELEASE\sts-5.0.1.RELEASE\plugins\org.eclipse.m2e.maven.runtime_3.9.1101.20251020-1549\jars\error_prone_annotations-2.38.0.jar
2026-07-31 16:25:13,262 [Worker-1: Launching spring_boot_backend_template (3)] INFO  o.eclipse.m2e.core.internal.Bundles - 	Entry: C:\Users\prath\Downloads\sts-5.0.1.RELEASE\sts-5.0.1.RELEASE\plugins\org.eclipse.m2e.maven.runtime_3.9.1101.20251020-1549\jars\gson-2.13.1.jar
2026-07-31 16:25:13,262 [Worker-1: Launching spring_boot_backend_template (3)] INFO  o.eclipse.m2e.core.internal.Bundles - 	Entry: C:\Users\prath\Downloads\sts-5.0.1.RELEASE\sts-5.0.1.RELEASE\plugins\org.eclipse.m2e.maven.runtime_3.9.1101.20251020-1549\jars\guice-5.1.0-classes.jar
2026-07-31 16:25:13,262 [Worker-1: Launching spring_boot_backend_template (3)] INFO  o.eclipse.m2e.core.internal.Bundles - 	Entry: C:\Users\prath\Downloads\sts-5.0.1.RELEASE\sts-5.0.1.RELEASE\plugins\org.eclipse.m2e.maven.runtime_3.9.1101.20251020-1549\jars\httpclient-4.5.14.jar
2026-07-31 16:25:13,263 [Worker-1: Launching spring_boot_backend_template (3)] INFO  o.eclipse.m2e.core.internal.Bundles - 	Entry: C:\Users\prath\Downloads\sts-5.0.1.RELEASE\sts-5.0.1.RELEASE\plugins\org.eclipse.m2e.maven.runtime_3.9.1101.20251020-1549\jars\httpcore-4.4.16.jar
2026-07-31 16:25:13,263 [Worker-1: Launching spring_boot_backend_template (3)] INFO  o.eclipse.m2e.core.internal.Bundles - 	Entry: C:\Users\prath\Downloads\sts-5.0.1.RELEASE\sts-5.0.1.RELEASE\plugins\org.eclipse.m2e.maven.runtime_3.9.1101.20251020-1549\jars\jansi-2.4.2.jar
2026-07-31 16:25:13,264 [Worker-1: Launching spring_boot_backend_template (3)] INFO  o.eclipse.m2e.core.internal.Bundles - 	Entry: C:\Users\prath\Downloads\sts-5.0.1.RELEASE\sts-5.0.1.RELEASE\plugins\org.eclipse.m2e.maven.runtime_3.9.1101.20251020-1549\jars\jcl-over-slf4j-1.7.36.jar
2026-07-31 16:25:13,264 [Worker-1: Launching spring_boot_backend_template (3)] INFO  o.eclipse.m2e.core.internal.Bundles - 	Entry: C:\Users\prath\Downloads\sts-5.0.1.RELEASE\sts-5.0.1.RELEASE\plugins\org.eclipse.m2e.maven.runtime_3.9.1101.20251020-1549\jars\maven-artifact-3.9.11.jar
2026-07-31 16:25:13,264 [Worker-1: Launching spring_boot_backend_template (3)] INFO  o.eclipse.m2e.core.internal.Bundles - 	Entry: C:\Users\prath\Downloads\sts-5.0.1.RELEASE\sts-5.0.1.RELEASE\plugins\org.eclipse.m2e.maven.runtime_3.9.1101.20251020-1549\jars\maven-builder-support-3.9.11.jar
2026-07-31 16:25:13,265 [Worker-1: Launching spring_boot_backend_template (3)] INFO  o.eclipse.m2e.core.internal.Bundles - 	Entry: C:\Users\prath\Downloads\sts-5.0.1.RELEASE\sts-5.0.1.RELEASE\plugins\org.eclipse.m2e.maven.runtime_3.9.1101.20251020-1549\jars\maven-compat-3.9.11.jar
2026-07-31 16:25:13,265 [Worker-1: Launching spring_boot_backend_template (3)] INFO  o.eclipse.m2e.core.internal.Bundles - 	Entry: C:\Users\prath\Downloads\sts-5.0.1.RELEASE\sts-5.0.1.RELEASE\plugins\org.eclipse.m2e.maven.runtime_3.9.1101.20251020-1549\jars\maven-core-3.9.11.jar
2026-07-31 16:25:13,265 [Worker-1: Launching spring_boot_backend_template (3)] INFO  o.eclipse.m2e.core.internal.Bundles - 	Entry: C:\Users\prath\Downloads\sts-5.0.1.RELEASE\sts-5.0.1.RELEASE\plugins\org.eclipse.m2e.maven.runtime_3.9.1101.20251020-1549\jars\maven-embedder-3.9.11.jar
2026-07-31 16:25:13,265 [Worker-1: Launching spring_boot_backend_template (3)] INFO  o.eclipse.m2e.core.internal.Bundles - 	Entry: C:\Users\prath\Downloads\sts-5.0.1.RELEASE\sts-5.0.1.RELEASE\plugins\org.eclipse.m2e.maven.runtime_3.9.1101.20251020-1549\jars\maven-model-3.9.11.jar
2026-07-31 16:25:13,266 [Worker-1: Launching spring_boot_backend_template (3)] INFO  o.eclipse.m2e.core.internal.Bundles - 	Entry: C:\Users\prath\Downloads\sts-5.0.1.RELEASE\sts-5.0.1.RELEASE\plugins\org.eclipse.m2e.maven.runtime_3.9.1101.20251020-1549\jars\maven-model-builder-3.9.11.jar
2026-07-31 16:25:13,266 [Worker-1: Launching spring_boot_backend_template (3)] INFO  o.eclipse.m2e.core.internal.Bundles - 	Entry: C:\Users\prath\Downloads\sts-5.0.1.RELEASE\sts-5.0.1.RELEASE\plugins\org.eclipse.m2e.maven.runtime_3.9.1101.20251020-1549\jars\maven-plugin-api-3.9.11.jar
2026-07-31 16:25:13,266 [Worker-1: Launching spring_boot_backend_template (3)] INFO  o.eclipse.m2e.core.internal.Bundles - 	Entry: C:\Users\prath\Downloads\sts-5.0.1.RELEASE\sts-5.0.1.RELEASE\plugins\org.eclipse.m2e.maven.runtime_3.9.1101.20251020-1549\jars\maven-repository-metadata-3.9.11.jar
2026-07-31 16:25:13,266 [Worker-1: Launching spring_boot_backend_template (3)] INFO  o.eclipse.m2e.core.internal.Bundles - 	Entry: C:\Users\prath\Downloads\sts-5.0.1.RELEASE\sts-5.0.1.RELEASE\plugins\org.eclipse.m2e.maven.runtime_3.9.1101.20251020-1549\jars\maven-resolver-api-1.9.24.jar
2026-07-31 16:25:13,267 [Worker-1: Launching spring_boot_backend_template (3)] INFO  o.eclipse.m2e.core.internal.Bundles - 	Entry: C:\Users\prath\Downloads\sts-5.0.1.RELEASE\sts-5.0.1.RELEASE\plugins\org.eclipse.m2e.maven.runtime_3.9.1101.20251020-1549\jars\maven-resolver-connector-basic-1.9.24.jar
2026-07-31 16:25:13,268 [Worker-1: Launching spring_boot_backend_template (3)] INFO  o.eclipse.m2e.core.internal.Bundles - 	Entry: C:\Users\prath\Downloads\sts-5.0.1.RELEASE\sts-5.0.1.RELEASE\plugins\org.eclipse.m2e.maven.runtime_3.9.1101.20251020-1549\jars\maven-resolver-impl-1.9.24.jar
2026-07-31 16:25:13,268 [Worker-1: Launching spring_boot_backend_template (3)] INFO  o.eclipse.m2e.core.internal.Bundles - 	Entry: C:\Users\prath\Downloads\sts-5.0.1.RELEASE\sts-5.0.1.RELEASE\plugins\org.eclipse.m2e.maven.runtime_3.9.1101.20251020-1549\jars\maven-resolver-named-locks-1.9.24.jar
2026-07-31 16:25:13,268 [Worker-1: Launching spring_boot_backend_template (3)] INFO  o.eclipse.m2e.core.internal.Bundles - 	Entry: C:\Users\prath\Downloads\sts-5.0.1.RELEASE\sts-5.0.1.RELEASE\plugins\org.eclipse.m2e.maven.runtime_3.9.1101.20251020-1549\jars\maven-resolver-provider-3.9.11.jar
2026-07-31 16:25:13,268 [Worker-1: Launching spring_boot_backend_template (3)] INFO  o.eclipse.m2e.core.internal.Bundles - 	Entry: C:\Users\prath\Downloads\sts-5.0.1.RELEASE\sts-5.0.1.RELEASE\plugins\org.eclipse.m2e.maven.runtime_3.9.1101.20251020-1549\jars\maven-resolver-spi-1.9.24.jar
2026-07-31 16:25:13,269 [Worker-1: Launching spring_boot_backend_template (3)] INFO  o.eclipse.m2e.core.internal.Bundles - 	Entry: C:\Users\prath\Downloads\sts-5.0.1.RELEASE\sts-5.0.1.RELEASE\plugins\org.eclipse.m2e.maven.runtime_3.9.1101.20251020-1549\jars\maven-resolver-transport-file-1.9.24.jar
2026-07-31 16:25:13,270 [Worker-1: Launching spring_boot_backend_template (3)] INFO  o.eclipse.m2e.core.internal.Bundles - 	Entry: C:\Users\prath\Downloads\sts-5.0.1.RELEASE\sts-5.0.1.RELEASE\plugins\org.eclipse.m2e.maven.runtime_3.9.1101.20251020-1549\jars\maven-resolver-transport-http-1.9.24.jar
2026-07-31 16:25:13,271 [Worker-1: Launching spring_boot_backend_template (3)] INFO  o.eclipse.m2e.core.internal.Bundles - 	Entry: C:\Users\prath\Downloads\sts-5.0.1.RELEASE\sts-5.0.1.RELEASE\plugins\org.eclipse.m2e.maven.runtime_3.9.1101.20251020-1549\jars\maven-resolver-transport-wagon-1.9.24.jar
2026-07-31 16:25:13,272 [Worker-1: Launching spring_boot_backend_template (3)] INFO  o.eclipse.m2e.core.internal.Bundles - 	Entry: C:\Users\prath\Downloads\sts-5.0.1.RELEASE\sts-5.0.1.RELEASE\plugins\org.eclipse.m2e.maven.runtime_3.9.1101.20251020-1549\jars\maven-resolver-util-1.9.24.jar
2026-07-31 16:25:13,272 [Worker-1: Launching spring_boot_backend_template (3)] INFO  o.eclipse.m2e.core.internal.Bundles - 	Entry: C:\Users\prath\Downloads\sts-5.0.1.RELEASE\sts-5.0.1.RELEASE\plugins\org.eclipse.m2e.maven.runtime_3.9.1101.20251020-1549\jars\maven-settings-3.9.11.jar
2026-07-31 16:25:13,272 [Worker-1: Launching spring_boot_backend_template (3)] INFO  o.eclipse.m2e.core.internal.Bundles - 	Entry: C:\Users\prath\Downloads\sts-5.0.1.RELEASE\sts-5.0.1.RELEASE\plugins\org.eclipse.m2e.maven.runtime_3.9.1101.20251020-1549\jars\maven-settings-builder-3.9.11.jar
2026-07-31 16:25:13,272 [Worker-1: Launching spring_boot_backend_template (3)] INFO  o.eclipse.m2e.core.internal.Bundles - 	Entry: C:\Users\prath\Downloads\sts-5.0.1.RELEASE\sts-5.0.1.RELEASE\plugins\org.eclipse.m2e.maven.runtime_3.9.1101.20251020-1549\jars\maven-shared-utils-3.4.2.jar
2026-07-31 16:25:13,273 [Worker-1: Launching spring_boot_backend_template (3)] INFO  o.eclipse.m2e.core.internal.Bundles - 	Entry: C:\Users\prath\Downloads\sts-5.0.1.RELEASE\sts-5.0.1.RELEASE\plugins\org.eclipse.m2e.maven.runtime_3.9.1101.20251020-1549\jars\org.eclipse.sisu.inject-0.9.0.M4.jar
2026-07-31 16:25:13,273 [Worker-1: Launching spring_boot_backend_template (3)] INFO  o.eclipse.m2e.core.internal.Bundles - 	Entry: C:\Users\prath\Downloads\sts-5.0.1.RELEASE\sts-5.0.1.RELEASE\plugins\org.eclipse.m2e.maven.runtime_3.9.1101.20251020-1549\jars\org.eclipse.sisu.plexus-0.9.0.M4.jar
2026-07-31 16:25:13,273 [Worker-1: Launching spring_boot_backend_template (3)] INFO  o.eclipse.m2e.core.internal.Bundles - 	Entry: C:\Users\prath\Downloads\sts-5.0.1.RELEASE\sts-5.0.1.RELEASE\plugins\org.eclipse.m2e.maven.runtime_3.9.1101.20251020-1549\jars\plexus-build-api-0.0.7.jar
2026-07-31 16:25:13,273 [Worker-1: Launching spring_boot_backend_template (3)] INFO  o.eclipse.m2e.core.internal.Bundles - 	Entry: C:\Users\prath\Downloads\sts-5.0.1.RELEASE\sts-5.0.1.RELEASE\plugins\org.eclipse.m2e.maven.runtime_3.9.1101.20251020-1549\jars\plexus-build-api-1.2.0.jar
2026-07-31 16:25:13,273 [Worker-1: Launching spring_boot_backend_template (3)] INFO  o.eclipse.m2e.core.internal.Bundles - 	Entry: C:\Users\prath\Downloads\sts-5.0.1.RELEASE\sts-5.0.1.RELEASE\plugins\org.eclipse.m2e.maven.runtime_3.9.1101.20251020-1549\jars\plexus-cipher-2.0.jar
2026-07-31 16:25:13,274 [Worker-1: Launching spring_boot_backend_template (3)] INFO  o.eclipse.m2e.core.internal.Bundles - 	Entry: C:\Users\prath\Downloads\sts-5.0.1.RELEASE\sts-5.0.1.RELEASE\plugins\org.eclipse.m2e.maven.runtime_3.9.1101.20251020-1549\jars\plexus-classworlds-2.9.0.jar
2026-07-31 16:25:13,274 [Worker-1: Launching spring_boot_backend_template (3)] INFO  o.eclipse.m2e.core.internal.Bundles - 	Entry: C:\Users\prath\Downloads\sts-5.0.1.RELEASE\sts-5.0.1.RELEASE\plugins\org.eclipse.m2e.maven.runtime_3.9.1101.20251020-1549\jars\plexus-component-annotations-2.2.0.jar
2026-07-31 16:25:13,274 [Worker-1: Launching spring_boot_backend_template (3)] INFO  o.eclipse.m2e.core.internal.Bundles - 	Entry: C:\Users\prath\Downloads\sts-5.0.1.RELEASE\sts-5.0.1.RELEASE\plugins\org.eclipse.m2e.maven.runtime_3.9.1101.20251020-1549\jars\plexus-interpolation-1.28.jar
2026-07-31 16:25:13,275 [Worker-1: Launching spring_boot_backend_template (3)] INFO  o.eclipse.m2e.core.internal.Bundles - 	Entry: C:\Users\prath\Downloads\sts-5.0.1.RELEASE\sts-5.0.1.RELEASE\plugins\org.eclipse.m2e.maven.runtime_3.9.1101.20251020-1549\jars\plexus-sec-dispatcher-2.0.jar
2026-07-31 16:25:13,275 [Worker-1: Launching spring_boot_backend_template (3)] INFO  o.eclipse.m2e.core.internal.Bundles - 	Entry: C:\Users\prath\Downloads\sts-5.0.1.RELEASE\sts-5.0.1.RELEASE\plugins\org.eclipse.m2e.maven.runtime_3.9.1101.20251020-1549\jars\plexus-utils-3.6.0.jar
2026-07-31 16:25:13,275 [Worker-1: Launching spring_boot_backend_template (3)] INFO  o.eclipse.m2e.core.internal.Bundles - 	Entry: C:\Users\prath\Downloads\sts-5.0.1.RELEASE\sts-5.0.1.RELEASE\plugins\org.eclipse.m2e.maven.runtime_3.9.1101.20251020-1549\jars\wagon-file-3.5.3.jar
2026-07-31 16:25:13,275 [Worker-1: Launching spring_boot_backend_template (3)] INFO  o.eclipse.m2e.core.internal.Bundles - 	Entry: C:\Users\prath\Downloads\sts-5.0.1.RELEASE\sts-5.0.1.RELEASE\plugins\org.eclipse.m2e.maven.runtime_3.9.1101.20251020-1549\jars\wagon-http-3.5.3.jar
2026-07-31 16:25:13,275 [Worker-1: Launching spring_boot_backend_template (3)] INFO  o.eclipse.m2e.core.internal.Bundles - 	Entry: C:\Users\prath\Downloads\sts-5.0.1.RELEASE\sts-5.0.1.RELEASE\plugins\org.eclipse.m2e.maven.runtime_3.9.1101.20251020-1549\jars\wagon-http-shared-3.5.3.jar
2026-07-31 16:25:13,276 [Worker-1: Launching spring_boot_backend_template (3)] INFO  o.eclipse.m2e.core.internal.Bundles - 	Entry: C:\Users\prath\Downloads\sts-5.0.1.RELEASE\sts-5.0.1.RELEASE\plugins\org.eclipse.m2e.maven.runtime_3.9.1101.20251020-1549\jars\wagon-provider-api-3.5.3.jar
2026-07-31 16:25:13,285 [Worker-1: Launching spring_boot_backend_template (3)] INFO  o.eclipse.m2e.core.internal.Bundles - getClasspathEntries(Bundle=com.google.guava_33.5.0.jre [31])
2026-07-31 16:25:13,289 [Worker-1: Launching spring_boot_backend_template (3)] INFO  o.eclipse.m2e.core.internal.Bundles - 	Entry: C:\Users\prath\Downloads\sts-5.0.1.RELEASE\sts-5.0.1.RELEASE\plugins\com.google.guava_33.5.0.jre.jar
2026-07-31 16:25:13,290 [Worker-1: Launching spring_boot_backend_template (3)] INFO  o.eclipse.m2e.core.internal.Bundles - getClasspathEntries(Bundle=slf4j.api_2.0.17 [620])
2026-07-31 16:25:13,291 [Worker-1: Launching spring_boot_backend_template (3)] INFO  o.eclipse.m2e.core.internal.Bundles - 	Entry: C:\Users\prath\Downloads\sts-5.0.1.RELEASE\sts-5.0.1.RELEASE\plugins\slf4j.api_2.0.17.jar
2026-07-31 16:25:13,291 [Worker-1: Launching spring_boot_backend_template (3)] INFO  o.eclipse.m2e.core.internal.Bundles - getClasspathEntries(Bundle=jakarta.inject.jakarta.inject-api_1.0.5 [46])
2026-07-31 16:25:13,293 [Worker-1: Launching spring_boot_backend_template (3)] INFO  o.eclipse.m2e.core.internal.Bundles - 	Entry: C:\Users\prath\Downloads\sts-5.0.1.RELEASE\sts-5.0.1.RELEASE\plugins\jakarta.inject.jakarta.inject-api_1.0.5.jar
2026-07-31 16:25:13,293 [Worker-1: Launching spring_boot_backend_template (3)] INFO  o.eclipse.m2e.core.internal.Bundles - getClasspathEntries(Bundle=jakarta.annotation-api_1.3.5 [43])
2026-07-31 16:25:13,293 [Worker-1: Launching spring_boot_backend_template (3)] INFO  o.eclipse.m2e.core.internal.Bundles - 	Entry: C:\Users\prath\Downloads\sts-5.0.1.RELEASE\sts-5.0.1.RELEASE\plugins\jakarta.annotation-api_1.3.5.jar
2026-07-31 16:25:13,293 [Worker-1: Launching spring_boot_backend_template (3)] INFO  o.eclipse.m2e.core.internal.Bundles - getClasspathEntries(Bundle=org.apache.commons.cli_1.11.0 [85])
2026-07-31 16:25:13,295 [Worker-1: Launching spring_boot_backend_template (3)] INFO  o.eclipse.m2e.core.internal.Bundles - 	Entry: C:\Users\prath\Downloads\sts-5.0.1.RELEASE\sts-5.0.1.RELEASE\plugins\org.apache.commons.cli_1.11.0.jar
2026-07-31 16:25:13,295 [Worker-1: Launching spring_boot_backend_template (3)] INFO  o.eclipse.m2e.core.internal.Bundles - getClasspathEntries(Bundle=org.apache.commons.commons-codec_1.20.0 [87])
2026-07-31 16:25:13,295 [Worker-1: Launching spring_boot_backend_template (3)] INFO  o.eclipse.m2e.core.internal.Bundles - 	Entry: C:\Users\prath\Downloads\sts-5.0.1.RELEASE\sts-5.0.1.RELEASE\plugins\org.apache.commons.commons-codec_1.20.0.jar
2026-07-31 16:25:13,296 [Worker-1: Launching spring_boot_backend_template (3)] INFO  o.eclipse.m2e.core.internal.Bundles - getClasspathEntries(Bundle=com.google.guava.failureaccess_1.0.3 [32])
2026-07-31 16:25:13,296 [Worker-1: Launching spring_boot_backend_template (3)] INFO  o.eclipse.m2e.core.internal.Bundles - 	Entry: C:\Users\prath\Downloads\sts-5.0.1.RELEASE\sts-5.0.1.RELEASE\plugins\com.google.guava.failureaccess_1.0.3.jar
2026-07-31 16:25:13,305 [Worker-1: Launching spring_boot_backend_template (3)] INFO  o.e.m.i.launch.MavenLaunchDelegate - Run build in "D:\ProjectData\Child_Adoption_System\user_backend\spring_boot_backend_template":
2026-07-31 16:25:13,306 [Worker-1: Launching spring_boot_backend_template (3)] INFO  o.e.m.i.launch.MavenLaunchDelegate -  mvn  -B -Dstyle.color=always clean compile
2026-07-31 16:26:51,380 [main] INFO  o.e.m2e.actions.ExecutePomAction - Creating new launch configuration
2026-07-31 16:26:58,112 [Worker-10: Launching spring_boot_backend_template (4)] INFO  o.eclipse.m2e.core.internal.Bundles - getClasspathEntries(Bundle=org.eclipse.m2e.maven.runtime_3.9.1101.20251020-1549 [372])
2026-07-31 16:26:58,118 [Worker-10: Launching spring_boot_backend_template (4)] INFO  o.eclipse.m2e.core.internal.Bundles - 	Entry: C:\Users\prath\Downloads\sts-5.0.1.RELEASE\sts-5.0.1.RELEASE\plugins\org.eclipse.m2e.maven.runtime_3.9.1101.20251020-1549
2026-07-31 16:26:58,120 [Worker-10: Launching spring_boot_backend_template (4)] INFO  o.eclipse.m2e.core.internal.Bundles - 	Entry: C:\Users\prath\Downloads\sts-5.0.1.RELEASE\sts-5.0.1.RELEASE\plugins\org.eclipse.m2e.maven.runtime_3.9.1101.20251020-1549\jars\aopalliance-1.0.jar
2026-07-31 16:26:58,121 [Worker-10: Launching spring_boot_backend_template (4)] INFO  o.eclipse.m2e.core.internal.Bundles - 	Entry: C:\Users\prath\Downloads\sts-5.0.1.RELEASE\sts-5.0.1.RELEASE\plugins\org.eclipse.m2e.maven.runtime_3.9.1101.20251020-1549\jars\asm-9.8.jar
2026-07-31 16:26:58,122 [Worker-10: Launching spring_boot_backend_template (4)] INFO  o.eclipse.m2e.core.internal.Bundles - 	Entry: C:\Users\prath\Downloads\sts-5.0.1.RELEASE\sts-5.0.1.RELEASE\plugins\org.eclipse.m2e.maven.runtime_3.9.1101.20251020-1549\jars\error_prone_annotations-2.38.0.jar
2026-07-31 16:26:58,123 [Worker-10: Launching spring_boot_backend_template (4)] INFO  o.eclipse.m2e.core.internal.Bundles - 	Entry: C:\Users\prath\Downloads\sts-5.0.1.RELEASE\sts-5.0.1.RELEASE\plugins\org.eclipse.m2e.maven.runtime_3.9.1101.20251020-1549\jars\gson-2.13.1.jar
2026-07-31 16:26:58,124 [Worker-10: Launching spring_boot_backend_template (4)] INFO  o.eclipse.m2e.core.internal.Bundles - 	Entry: C:\Users\prath\Downloads\sts-5.0.1.RELEASE\sts-5.0.1.RELEASE\plugins\org.eclipse.m2e.maven.runtime_3.9.1101.20251020-1549\jars\guice-5.1.0-classes.jar
2026-07-31 16:26:58,124 [Worker-10: Launching spring_boot_backend_template (4)] INFO  o.eclipse.m2e.core.internal.Bundles - 	Entry: C:\Users\prath\Downloads\sts-5.0.1.RELEASE\sts-5.0.1.RELEASE\plugins\org.eclipse.m2e.maven.runtime_3.9.1101.20251020-1549\jars\httpclient-4.5.14.jar
2026-07-31 16:26:58,124 [Worker-10: Launching spring_boot_backend_template (4)] INFO  o.eclipse.m2e.core.internal.Bundles - 	Entry: C:\Users\prath\Downloads\sts-5.0.1.RELEASE\sts-5.0.1.RELEASE\plugins\org.eclipse.m2e.maven.runtime_3.9.1101.20251020-1549\jars\httpcore-4.4.16.jar
2026-07-31 16:26:58,124 [Worker-10: Launching spring_boot_backend_template (4)] INFO  o.eclipse.m2e.core.internal.Bundles - 	Entry: C:\Users\prath\Downloads\sts-5.0.1.RELEASE\sts-5.0.1.RELEASE\plugins\org.eclipse.m2e.maven.runtime_3.9.1101.20251020-1549\jars\jansi-2.4.2.jar
2026-07-31 16:26:58,126 [Worker-10: Launching spring_boot_backend_template (4)] INFO  o.eclipse.m2e.core.internal.Bundles - 	Entry: C:\Users\prath\Downloads\sts-5.0.1.RELEASE\sts-5.0.1.RELEASE\plugins\org.eclipse.m2e.maven.runtime_3.9.1101.20251020-1549\jars\jcl-over-slf4j-1.7.36.jar
2026-07-31 16:26:58,126 [Worker-10: Launching spring_boot_backend_template (4)] INFO  o.eclipse.m2e.core.internal.Bundles - 	Entry: C:\Users\prath\Downloads\sts-5.0.1.RELEASE\sts-5.0.1.RELEASE\plugins\org.eclipse.m2e.maven.runtime_3.9.1101.20251020-1549\jars\maven-artifact-3.9.11.jar
2026-07-31 16:26:58,126 [Worker-10: Launching spring_boot_backend_template (4)] INFO  o.eclipse.m2e.core.internal.Bundles - 	Entry: C:\Users\prath\Downloads\sts-5.0.1.RELEASE\sts-5.0.1.RELEASE\plugins\org.eclipse.m2e.maven.runtime_3.9.1101.20251020-1549\jars\maven-builder-support-3.9.11.jar
2026-07-31 16:26:58,127 [Worker-10: Launching spring_boot_backend_template (4)] INFO  o.eclipse.m2e.core.internal.Bundles - 	Entry: C:\Users\prath\Downloads\sts-5.0.1.RELEASE\sts-5.0.1.RELEASE\plugins\org.eclipse.m2e.maven.runtime_3.9.1101.20251020-1549\jars\maven-compat-3.9.11.jar
2026-07-31 16:26:58,127 [Worker-10: Launching spring_boot_backend_template (4)] INFO  o.eclipse.m2e.core.internal.Bundles - 	Entry: C:\Users\prath\Downloads\sts-5.0.1.RELEASE\sts-5.0.1.RELEASE\plugins\org.eclipse.m2e.maven.runtime_3.9.1101.20251020-1549\jars\maven-core-3.9.11.jar
2026-07-31 16:26:58,127 [Worker-10: Launching spring_boot_backend_template (4)] INFO  o.eclipse.m2e.core.internal.Bundles - 	Entry: C:\Users\prath\Downloads\sts-5.0.1.RELEASE\sts-5.0.1.RELEASE\plugins\org.eclipse.m2e.maven.runtime_3.9.1101.20251020-1549\jars\maven-embedder-3.9.11.jar
2026-07-31 16:26:58,127 [Worker-10: Launching spring_boot_backend_template (4)] INFO  o.eclipse.m2e.core.internal.Bundles - 	Entry: C:\Users\prath\Downloads\sts-5.0.1.RELEASE\sts-5.0.1.RELEASE\plugins\org.eclipse.m2e.maven.runtime_3.9.1101.20251020-1549\jars\maven-model-3.9.11.jar
2026-07-31 16:26:58,128 [Worker-10: Launching spring_boot_backend_template (4)] INFO  o.eclipse.m2e.core.internal.Bundles - 	Entry: C:\Users\prath\Downloads\sts-5.0.1.RELEASE\sts-5.0.1.RELEASE\plugins\org.eclipse.m2e.maven.runtime_3.9.1101.20251020-1549\jars\maven-model-builder-3.9.11.jar
2026-07-31 16:26:58,128 [Worker-10: Launching spring_boot_backend_template (4)] INFO  o.eclipse.m2e.core.internal.Bundles - 	Entry: C:\Users\prath\Downloads\sts-5.0.1.RELEASE\sts-5.0.1.RELEASE\plugins\org.eclipse.m2e.maven.runtime_3.9.1101.20251020-1549\jars\maven-plugin-api-3.9.11.jar
2026-07-31 16:26:58,128 [Worker-10: Launching spring_boot_backend_template (4)] INFO  o.eclipse.m2e.core.internal.Bundles - 	Entry: C:\Users\prath\Downloads\sts-5.0.1.RELEASE\sts-5.0.1.RELEASE\plugins\org.eclipse.m2e.maven.runtime_3.9.1101.20251020-1549\jars\maven-repository-metadata-3.9.11.jar
2026-07-31 16:26:58,128 [Worker-10: Launching spring_boot_backend_template (4)] INFO  o.eclipse.m2e.core.internal.Bundles - 	Entry: C:\Users\prath\Downloads\sts-5.0.1.RELEASE\sts-5.0.1.RELEASE\plugins\org.eclipse.m2e.maven.runtime_3.9.1101.20251020-1549\jars\maven-resolver-api-1.9.24.jar
2026-07-31 16:26:58,128 [Worker-10: Launching spring_boot_backend_template (4)] INFO  o.eclipse.m2e.core.internal.Bundles - 	Entry: C:\Users\prath\Downloads\sts-5.0.1.RELEASE\sts-5.0.1.RELEASE\plugins\org.eclipse.m2e.maven.runtime_3.9.1101.20251020-1549\jars\maven-resolver-connector-basic-1.9.24.jar
2026-07-31 16:26:58,129 [Worker-10: Launching spring_boot_backend_template (4)] INFO  o.eclipse.m2e.core.internal.Bundles - 	Entry: C:\Users\prath\Downloads\sts-5.0.1.RELEASE\sts-5.0.1.RELEASE\plugins\org.eclipse.m2e.maven.runtime_3.9.1101.20251020-1549\jars\maven-resolver-impl-1.9.24.jar
2026-07-31 16:26:58,129 [Worker-10: Launching spring_boot_backend_template (4)] INFO  o.eclipse.m2e.core.internal.Bundles - 	Entry: C:\Users\prath\Downloads\sts-5.0.1.RELEASE\sts-5.0.1.RELEASE\plugins\org.eclipse.m2e.maven.runtime_3.9.1101.20251020-1549\jars\maven-resolver-named-locks-1.9.24.jar
2026-07-31 16:26:58,129 [Worker-10: Launching spring_boot_backend_template (4)] INFO  o.eclipse.m2e.core.internal.Bundles - 	Entry: C:\Users\prath\Downloads\sts-5.0.1.RELEASE\sts-5.0.1.RELEASE\plugins\org.eclipse.m2e.maven.runtime_3.9.1101.20251020-1549\jars\maven-resolver-provider-3.9.11.jar
2026-07-31 16:26:58,129 [Worker-10: Launching spring_boot_backend_template (4)] INFO  o.eclipse.m2e.core.internal.Bundles - 	Entry: C:\Users\prath\Downloads\sts-5.0.1.RELEASE\sts-5.0.1.RELEASE\plugins\org.eclipse.m2e.maven.runtime_3.9.1101.20251020-1549\jars\maven-resolver-spi-1.9.24.jar
2026-07-31 16:26:58,130 [Worker-10: Launching spring_boot_backend_template (4)] INFO  o.eclipse.m2e.core.internal.Bundles - 	Entry: C:\Users\prath\Downloads\sts-5.0.1.RELEASE\sts-5.0.1.RELEASE\plugins\org.eclipse.m2e.maven.runtime_3.9.1101.20251020-1549\jars\maven-resolver-transport-file-1.9.24.jar
2026-07-31 16:26:58,130 [Worker-10: Launching spring_boot_backend_template (4)] INFO  o.eclipse.m2e.core.internal.Bundles - 	Entry: C:\Users\prath\Downloads\sts-5.0.1.RELEASE\sts-5.0.1.RELEASE\plugins\org.eclipse.m2e.maven.runtime_3.9.1101.20251020-1549\jars\maven-resolver-transport-http-1.9.24.jar
2026-07-31 16:26:58,130 [Worker-10: Launching spring_boot_backend_template (4)] INFO  o.eclipse.m2e.core.internal.Bundles - 	Entry: C:\Users\prath\Downloads\sts-5.0.1.RELEASE\sts-5.0.1.RELEASE\plugins\org.eclipse.m2e.maven.runtime_3.9.1101.20251020-1549\jars\maven-resolver-transport-wagon-1.9.24.jar
2026-07-31 16:26:58,130 [Worker-10: Launching spring_boot_backend_template (4)] INFO  o.eclipse.m2e.core.internal.Bundles - 	Entry: C:\Users\prath\Downloads\sts-5.0.1.RELEASE\sts-5.0.1.RELEASE\plugins\org.eclipse.m2e.maven.runtime_3.9.1101.20251020-1549\jars\maven-resolver-util-1.9.24.jar
2026-07-31 16:26:58,130 [Worker-10: Launching spring_boot_backend_template (4)] INFO  o.eclipse.m2e.core.internal.Bundles - 	Entry: C:\Users\prath\Downloads\sts-5.0.1.RELEASE\sts-5.0.1.RELEASE\plugins\org.eclipse.m2e.maven.runtime_3.9.1101.20251020-1549\jars\maven-settings-3.9.11.jar
2026-07-31 16:26:58,130 [Worker-10: Launching spring_boot_backend_template (4)] INFO  o.eclipse.m2e.core.internal.Bundles - 	Entry: C:\Users\prath\Downloads\sts-5.0.1.RELEASE\sts-5.0.1.RELEASE\plugins\org.eclipse.m2e.maven.runtime_3.9.1101.20251020-1549\jars\maven-settings-builder-3.9.11.jar
2026-07-31 16:26:58,131 [Worker-10: Launching spring_boot_backend_template (4)] INFO  o.eclipse.m2e.core.internal.Bundles - 	Entry: C:\Users\prath\Downloads\sts-5.0.1.RELEASE\sts-5.0.1.RELEASE\plugins\org.eclipse.m2e.maven.runtime_3.9.1101.20251020-1549\jars\maven-shared-utils-3.4.2.jar
2026-07-31 16:26:58,131 [Worker-10: Launching spring_boot_backend_template (4)] INFO  o.eclipse.m2e.core.internal.Bundles - 	Entry: C:\Users\prath\Downloads\sts-5.0.1.RELEASE\sts-5.0.1.RELEASE\plugins\org.eclipse.m2e.maven.runtime_3.9.1101.20251020-1549\jars\org.eclipse.sisu.inject-0.9.0.M4.jar
2026-07-31 16:26:58,131 [Worker-10: Launching spring_boot_backend_template (4)] INFO  o.eclipse.m2e.core.internal.Bundles - 	Entry: C:\Users\prath\Downloads\sts-5.0.1.RELEASE\sts-5.0.1.RELEASE\plugins\org.eclipse.m2e.maven.runtime_3.9.1101.20251020-1549\jars\org.eclipse.sisu.plexus-0.9.0.M4.jar
2026-07-31 16:26:58,131 [Worker-10: Launching spring_boot_backend_template (4)] INFO  o.eclipse.m2e.core.internal.Bundles - 	Entry: C:\Users\prath\Downloads\sts-5.0.1.RELEASE\sts-5.0.1.RELEASE\plugins\org.eclipse.m2e.maven.runtime_3.9.1101.20251020-1549\jars\plexus-build-api-0.0.7.jar
2026-07-31 16:26:58,131 [Worker-10: Launching spring_boot_backend_template (4)] INFO  o.eclipse.m2e.core.internal.Bundles - 	Entry: C:\Users\prath\Downloads\sts-5.0.1.RELEASE\sts-5.0.1.RELEASE\plugins\org.eclipse.m2e.maven.runtime_3.9.1101.20251020-1549\jars\plexus-build-api-1.2.0.jar
2026-07-31 16:26:58,132 [Worker-10: Launching spring_boot_backend_template (4)] INFO  o.eclipse.m2e.core.internal.Bundles - 	Entry: C:\Users\prath\Downloads\sts-5.0.1.RELEASE\sts-5.0.1.RELEASE\plugins\org.eclipse.m2e.maven.runtime_3.9.1101.20251020-1549\jars\plexus-cipher-2.0.jar
2026-07-31 16:26:58,132 [Worker-10: Launching spring_boot_backend_template (4)] INFO  o.eclipse.m2e.core.internal.Bundles - 	Entry: C:\Users\prath\Downloads\sts-5.0.1.RELEASE\sts-5.0.1.RELEASE\plugins\org.eclipse.m2e.maven.runtime_3.9.1101.20251020-1549\jars\plexus-classworlds-2.9.0.jar
2026-07-31 16:26:58,132 [Worker-10: Launching spring_boot_backend_template (4)] INFO  o.eclipse.m2e.core.internal.Bundles - 	Entry: C:\Users\prath\Downloads\sts-5.0.1.RELEASE\sts-5.0.1.RELEASE\plugins\org.eclipse.m2e.maven.runtime_3.9.1101.20251020-1549\jars\plexus-component-annotations-2.2.0.jar
2026-07-31 16:26:58,132 [Worker-10: Launching spring_boot_backend_template (4)] INFO  o.eclipse.m2e.core.internal.Bundles - 	Entry: C:\Users\prath\Downloads\sts-5.0.1.RELEASE\sts-5.0.1.RELEASE\plugins\org.eclipse.m2e.maven.runtime_3.9.1101.20251020-1549\jars\plexus-interpolation-1.28.jar
2026-07-31 16:26:58,133 [Worker-10: Launching spring_boot_backend_template (4)] INFO  o.eclipse.m2e.core.internal.Bundles - 	Entry: C:\Users\prath\Downloads\sts-5.0.1.RELEASE\sts-5.0.1.RELEASE\plugins\org.eclipse.m2e.maven.runtime_3.9.1101.20251020-1549\jars\plexus-sec-dispatcher-2.0.jar
2026-07-31 16:26:58,134 [Worker-10: Launching spring_boot_backend_template (4)] INFO  o.eclipse.m2e.core.internal.Bundles - 	Entry: C:\Users\prath\Downloads\sts-5.0.1.RELEASE\sts-5.0.1.RELEASE\plugins\org.eclipse.m2e.maven.runtime_3.9.1101.20251020-1549\jars\plexus-utils-3.6.0.jar
2026-07-31 16:26:58,135 [Worker-10: Launching spring_boot_backend_template (4)] INFO  o.eclipse.m2e.core.internal.Bundles - 	Entry: C:\Users\prath\Downloads\sts-5.0.1.RELEASE\sts-5.0.1.RELEASE\plugins\org.eclipse.m2e.maven.runtime_3.9.1101.20251020-1549\jars\wagon-file-3.5.3.jar
2026-07-31 16:26:58,136 [Worker-10: Launching spring_boot_backend_template (4)] INFO  o.eclipse.m2e.core.internal.Bundles - 	Entry: C:\Users\prath\Downloads\sts-5.0.1.RELEASE\sts-5.0.1.RELEASE\plugins\org.eclipse.m2e.maven.runtime_3.9.1101.20251020-1549\jars\wagon-http-3.5.3.jar
2026-07-31 16:26:58,136 [Worker-10: Launching spring_boot_backend_template (4)] INFO  o.eclipse.m2e.core.internal.Bundles - 	Entry: C:\Users\prath\Downloads\sts-5.0.1.RELEASE\sts-5.0.1.RELEASE\plugins\org.eclipse.m2e.maven.runtime_3.9.1101.20251020-1549\jars\wagon-http-shared-3.5.3.jar
2026-07-31 16:26:58,137 [Worker-10: Launching spring_boot_backend_template (4)] INFO  o.eclipse.m2e.core.internal.Bundles - 	Entry: C:\Users\prath\Downloads\sts-5.0.1.RELEASE\sts-5.0.1.RELEASE\plugins\org.eclipse.m2e.maven.runtime_3.9.1101.20251020-1549\jars\wagon-provider-api-3.5.3.jar
2026-07-31 16:26:58,142 [Worker-10: Launching spring_boot_backend_template (4)] INFO  o.eclipse.m2e.core.internal.Bundles - getClasspathEntries(Bundle=com.google.guava_33.5.0.jre [31])
2026-07-31 16:26:58,144 [Worker-10: Launching spring_boot_backend_template (4)] INFO  o.eclipse.m2e.core.internal.Bundles - 	Entry: C:\Users\prath\Downloads\sts-5.0.1.RELEASE\sts-5.0.1.RELEASE\plugins\com.google.guava_33.5.0.jre.jar
2026-07-31 16:26:58,144 [Worker-10: Launching spring_boot_backend_template (4)] INFO  o.eclipse.m2e.core.internal.Bundles - getClasspathEntries(Bundle=slf4j.api_2.0.17 [620])
2026-07-31 16:26:58,145 [Worker-10: Launching spring_boot_backend_template (4)] INFO  o.eclipse.m2e.core.internal.Bundles - 	Entry: C:\Users\prath\Downloads\sts-5.0.1.RELEASE\sts-5.0.1.RELEASE\plugins\slf4j.api_2.0.17.jar
2026-07-31 16:26:58,146 [Worker-10: Launching spring_boot_backend_template (4)] INFO  o.eclipse.m2e.core.internal.Bundles - getClasspathEntries(Bundle=jakarta.inject.jakarta.inject-api_1.0.5 [46])
2026-07-31 16:26:58,147 [Worker-10: Launching spring_boot_backend_template (4)] INFO  o.eclipse.m2e.core.internal.Bundles - 	Entry: C:\Users\prath\Downloads\sts-5.0.1.RELEASE\sts-5.0.1.RELEASE\plugins\jakarta.inject.jakarta.inject-api_1.0.5.jar
2026-07-31 16:26:58,147 [Worker-10: Launching spring_boot_backend_template (4)] INFO  o.eclipse.m2e.core.internal.Bundles - getClasspathEntries(Bundle=jakarta.annotation-api_1.3.5 [43])
2026-07-31 16:26:58,148 [Worker-10: Launching spring_boot_backend_template (4)] INFO  o.eclipse.m2e.core.internal.Bundles - 	Entry: C:\Users\prath\Downloads\sts-5.0.1.RELEASE\sts-5.0.1.RELEASE\plugins\jakarta.annotation-api_1.3.5.jar
2026-07-31 16:26:58,148 [Worker-10: Launching spring_boot_backend_template (4)] INFO  o.eclipse.m2e.core.internal.Bundles - getClasspathEntries(Bundle=org.apache.commons.cli_1.11.0 [85])
2026-07-31 16:26:58,149 [Worker-10: Launching spring_boot_backend_template (4)] INFO  o.eclipse.m2e.core.internal.Bundles - 	Entry: C:\Users\prath\Downloads\sts-5.0.1.RELEASE\sts-5.0.1.RELEASE\plugins\org.apache.commons.cli_1.11.0.jar
2026-07-31 16:26:58,149 [Worker-10: Launching spring_boot_backend_template (4)] INFO  o.eclipse.m2e.core.internal.Bundles - getClasspathEntries(Bundle=org.apache.commons.commons-codec_1.20.0 [87])
2026-07-31 16:26:58,150 [Worker-10: Launching spring_boot_backend_template (4)] INFO  o.eclipse.m2e.core.internal.Bundles - 	Entry: C:\Users\prath\Downloads\sts-5.0.1.RELEASE\sts-5.0.1.RELEASE\plugins\org.apache.commons.commons-codec_1.20.0.jar
2026-07-31 16:26:58,150 [Worker-10: Launching spring_boot_backend_template (4)] INFO  o.eclipse.m2e.core.internal.Bundles - getClasspathEntries(Bundle=com.google.guava.failureaccess_1.0.3 [32])
2026-07-31 16:26:58,151 [Worker-10: Launching spring_boot_backend_template (4)] INFO  o.eclipse.m2e.core.internal.Bundles - 	Entry: C:\Users\prath\Downloads\sts-5.0.1.RELEASE\sts-5.0.1.RELEASE\plugins\com.google.guava.failureaccess_1.0.3.jar
2026-07-31 16:26:58,156 [Worker-10: Launching spring_boot_backend_template (4)] INFO  o.e.m.i.launch.MavenLaunchDelegate - Run build in "D:\ProjectData\Child_Adoption_System\user_backend\spring_boot_backend_template":
2026-07-31 16:26:58,157 [Worker-10: Launching spring_boot_backend_template (4)] INFO  o.e.m.i.launch.MavenLaunchDelegate -  mvn  -B -Dstyle.color=always cla
2026-07-31 16:27:32,069 [main] INFO  o.e.m2e.actions.ExecutePomAction - Creating new launch configuration
2026-07-31 16:27:38,034 [Worker-0: Launching spring_boot_backend_template (5)] INFO  o.eclipse.m2e.core.internal.Bundles - getClasspathEntries(Bundle=org.eclipse.m2e.maven.runtime_3.9.1101.20251020-1549 [372])
2026-07-31 16:27:38,039 [Worker-0: Launching spring_boot_backend_template (5)] INFO  o.eclipse.m2e.core.internal.Bundles - 	Entry: C:\Users\prath\Downloads\sts-5.0.1.RELEASE\sts-5.0.1.RELEASE\plugins\org.eclipse.m2e.maven.runtime_3.9.1101.20251020-1549
2026-07-31 16:27:38,040 [Worker-0: Launching spring_boot_backend_template (5)] INFO  o.eclipse.m2e.core.internal.Bundles - 	Entry: C:\Users\prath\Downloads\sts-5.0.1.RELEASE\sts-5.0.1.RELEASE\plugins\org.eclipse.m2e.maven.runtime_3.9.1101.20251020-1549\jars\aopalliance-1.0.jar
2026-07-31 16:27:38,040 [Worker-0: Launching spring_boot_backend_template (5)] INFO  o.eclipse.m2e.core.internal.Bundles - 	Entry: C:\Users\prath\Downloads\sts-5.0.1.RELEASE\sts-5.0.1.RELEASE\plugins\org.eclipse.m2e.maven.runtime_3.9.1101.20251020-1549\jars\asm-9.8.jar
2026-07-31 16:27:38,041 [Worker-0: Launching spring_boot_backend_template (5)] INFO  o.eclipse.m2e.core.internal.Bundles - 	Entry: C:\Users\prath\Downloads\sts-5.0.1.RELEASE\sts-5.0.1.RELEASE\plugins\org.eclipse.m2e.maven.runtime_3.9.1101.20251020-1549\jars\error_prone_annotations-2.38.0.jar
2026-07-31 16:27:38,041 [Worker-0: Launching spring_boot_backend_template (5)] INFO  o.eclipse.m2e.core.internal.Bundles - 	Entry: C:\Users\prath\Downloads\sts-5.0.1.RELEASE\sts-5.0.1.RELEASE\plugins\org.eclipse.m2e.maven.runtime_3.9.1101.20251020-1549\jars\gson-2.13.1.jar
2026-07-31 16:27:38,041 [Worker-0: Launching spring_boot_backend_template (5)] INFO  o.eclipse.m2e.core.internal.Bundles - 	Entry: C:\Users\prath\Downloads\sts-5.0.1.RELEASE\sts-5.0.1.RELEASE\plugins\org.eclipse.m2e.maven.runtime_3.9.1101.20251020-1549\jars\guice-5.1.0-classes.jar
2026-07-31 16:27:38,041 [Worker-0: Launching spring_boot_backend_template (5)] INFO  o.eclipse.m2e.core.internal.Bundles - 	Entry: C:\Users\prath\Downloads\sts-5.0.1.RELEASE\sts-5.0.1.RELEASE\plugins\org.eclipse.m2e.maven.runtime_3.9.1101.20251020-1549\jars\httpclient-4.5.14.jar
2026-07-31 16:27:38,042 [Worker-0: Launching spring_boot_backend_template (5)] INFO  o.eclipse.m2e.core.internal.Bundles - 	Entry: C:\Users\prath\Downloads\sts-5.0.1.RELEASE\sts-5.0.1.RELEASE\plugins\org.eclipse.m2e.maven.runtime_3.9.1101.20251020-1549\jars\httpcore-4.4.16.jar
2026-07-31 16:27:38,042 [Worker-0: Launching spring_boot_backend_template (5)] INFO  o.eclipse.m2e.core.internal.Bundles - 	Entry: C:\Users\prath\Downloads\sts-5.0.1.RELEASE\sts-5.0.1.RELEASE\plugins\org.eclipse.m2e.maven.runtime_3.9.1101.20251020-1549\jars\jansi-2.4.2.jar
2026-07-31 16:27:38,042 [Worker-0: Launching spring_boot_backend_template (5)] INFO  o.eclipse.m2e.core.internal.Bundles - 	Entry: C:\Users\prath\Downloads\sts-5.0.1.RELEASE\sts-5.0.1.RELEASE\plugins\org.eclipse.m2e.maven.runtime_3.9.1101.20251020-1549\jars\jcl-over-slf4j-1.7.36.jar
2026-07-31 16:27:38,042 [Worker-0: Launching spring_boot_backend_template (5)] INFO  o.eclipse.m2e.core.internal.Bundles - 	Entry: C:\Users\prath\Downloads\sts-5.0.1.RELEASE\sts-5.0.1.RELEASE\plugins\org.eclipse.m2e.maven.runtime_3.9.1101.20251020-1549\jars\maven-artifact-3.9.11.jar
2026-07-31 16:27:38,042 [Worker-0: Launching spring_boot_backend_template (5)] INFO  o.eclipse.m2e.core.internal.Bundles - 	Entry: C:\Users\prath\Downloads\sts-5.0.1.RELEASE\sts-5.0.1.RELEASE\plugins\org.eclipse.m2e.maven.runtime_3.9.1101.20251020-1549\jars\maven-builder-support-3.9.11.jar
2026-07-31 16:27:38,042 [Worker-0: Launching spring_boot_backend_template (5)] INFO  o.eclipse.m2e.core.internal.Bundles - 	Entry: C:\Users\prath\Downloads\sts-5.0.1.RELEASE\sts-5.0.1.RELEASE\plugins\org.eclipse.m2e.maven.runtime_3.9.1101.20251020-1549\jars\maven-compat-3.9.11.jar
2026-07-31 16:27:38,042 [Worker-0: Launching spring_boot_backend_template (5)] INFO  o.eclipse.m2e.core.internal.Bundles - 	Entry: C:\Users\prath\Downloads\sts-5.0.1.RELEASE\sts-5.0.1.RELEASE\plugins\org.eclipse.m2e.maven.runtime_3.9.1101.20251020-1549\jars\maven-core-3.9.11.jar
2026-07-31 16:27:38,042 [Worker-0: Launching spring_boot_backend_template (5)] INFO  o.eclipse.m2e.core.internal.Bundles - 	Entry: C:\Users\prath\Downloads\sts-5.0.1.RELEASE\sts-5.0.1.RELEASE\plugins\org.eclipse.m2e.maven.runtime_3.9.1101.20251020-1549\jars\maven-embedder-3.9.11.jar
2026-07-31 16:27:38,043 [Worker-0: Launching spring_boot_backend_template (5)] INFO  o.eclipse.m2e.core.internal.Bundles - 	Entry: C:\Users\prath\Downloads\sts-5.0.1.RELEASE\sts-5.0.1.RELEASE\plugins\org.eclipse.m2e.maven.runtime_3.9.1101.20251020-1549\jars\maven-model-3.9.11.jar
2026-07-31 16:27:38,043 [Worker-0: Launching spring_boot_backend_template (5)] INFO  o.eclipse.m2e.core.internal.Bundles - 	Entry: C:\Users\prath\Downloads\sts-5.0.1.RELEASE\sts-5.0.1.RELEASE\plugins\org.eclipse.m2e.maven.runtime_3.9.1101.20251020-1549\jars\maven-model-builder-3.9.11.jar
2026-07-31 16:27:38,043 [Worker-0: Launching spring_boot_backend_template (5)] INFO  o.eclipse.m2e.core.internal.Bundles - 	Entry: C:\Users\prath\Downloads\sts-5.0.1.RELEASE\sts-5.0.1.RELEASE\plugins\org.eclipse.m2e.maven.runtime_3.9.1101.20251020-1549\jars\maven-plugin-api-3.9.11.jar
2026-07-31 16:27:38,043 [Worker-0: Launching spring_boot_backend_template (5)] INFO  o.eclipse.m2e.core.internal.Bundles - 	Entry: C:\Users\prath\Downloads\sts-5.0.1.RELEASE\sts-5.0.1.RELEASE\plugins\org.eclipse.m2e.maven.runtime_3.9.1101.20251020-1549\jars\maven-repository-metadata-3.9.11.jar
2026-07-31 16:27:38,043 [Worker-0: Launching spring_boot_backend_template (5)] INFO  o.eclipse.m2e.core.internal.Bundles - 	Entry: C:\Users\prath\Downloads\sts-5.0.1.RELEASE\sts-5.0.1.RELEASE\plugins\org.eclipse.m2e.maven.runtime_3.9.1101.20251020-1549\jars\maven-resolver-api-1.9.24.jar
2026-07-31 16:27:38,043 [Worker-0: Launching spring_boot_backend_template (5)] INFO  o.eclipse.m2e.core.internal.Bundles - 	Entry: C:\Users\prath\Downloads\sts-5.0.1.RELEASE\sts-5.0.1.RELEASE\plugins\org.eclipse.m2e.maven.runtime_3.9.1101.20251020-1549\jars\maven-resolver-connector-basic-1.9.24.jar
2026-07-31 16:27:38,043 [Worker-0: Launching spring_boot_backend_template (5)] INFO  o.eclipse.m2e.core.internal.Bundles - 	Entry: C:\Users\prath\Downloads\sts-5.0.1.RELEASE\sts-5.0.1.RELEASE\plugins\org.eclipse.m2e.maven.runtime_3.9.1101.20251020-1549\jars\maven-resolver-impl-1.9.24.jar
2026-07-31 16:27:38,043 [Worker-0: Launching spring_boot_backend_template (5)] INFO  o.eclipse.m2e.core.internal.Bundles - 	Entry: C:\Users\prath\Downloads\sts-5.0.1.RELEASE\sts-5.0.1.RELEASE\plugins\org.eclipse.m2e.maven.runtime_3.9.1101.20251020-1549\jars\maven-resolver-named-locks-1.9.24.jar
2026-07-31 16:27:38,043 [Worker-0: Launching spring_boot_backend_template (5)] INFO  o.eclipse.m2e.core.internal.Bundles - 	Entry: C:\Users\prath\Downloads\sts-5.0.1.RELEASE\sts-5.0.1.RELEASE\plugins\org.eclipse.m2e.maven.runtime_3.9.1101.20251020-1549\jars\maven-resolver-provider-3.9.11.jar
2026-07-31 16:27:38,043 [Worker-0: Launching spring_boot_backend_template (5)] INFO  o.eclipse.m2e.core.internal.Bundles - 	Entry: C:\Users\prath\Downloads\sts-5.0.1.RELEASE\sts-5.0.1.RELEASE\plugins\org.eclipse.m2e.maven.runtime_3.9.1101.20251020-1549\jars\maven-resolver-spi-1.9.24.jar
2026-07-31 16:27:38,044 [Worker-0: Launching spring_boot_backend_template (5)] INFO  o.eclipse.m2e.core.internal.Bundles - 	Entry: C:\Users\prath\Downloads\sts-5.0.1.RELEASE\sts-5.0.1.RELEASE\plugins\org.eclipse.m2e.maven.runtime_3.9.1101.20251020-1549\jars\maven-resolver-transport-file-1.9.24.jar
2026-07-31 16:27:38,044 [Worker-0: Launching spring_boot_backend_template (5)] INFO  o.eclipse.m2e.core.internal.Bundles - 	Entry: C:\Users\prath\Downloads\sts-5.0.1.RELEASE\sts-5.0.1.RELEASE\plugins\org.eclipse.m2e.maven.runtime_3.9.1101.20251020-1549\jars\maven-resolver-transport-http-1.9.24.jar
2026-07-31 16:27:38,044 [Worker-0: Launching spring_boot_backend_template (5)] INFO  o.eclipse.m2e.core.internal.Bundles - 	Entry: C:\Users\prath\Downloads\sts-5.0.1.RELEASE\sts-5.0.1.RELEASE\plugins\org.eclipse.m2e.maven.runtime_3.9.1101.20251020-1549\jars\maven-resolver-transport-wagon-1.9.24.jar
2026-07-31 16:27:38,044 [Worker-0: Launching spring_boot_backend_template (5)] INFO  o.eclipse.m2e.core.internal.Bundles - 	Entry: C:\Users\prath\Downloads\sts-5.0.1.RELEASE\sts-5.0.1.RELEASE\plugins\org.eclipse.m2e.maven.runtime_3.9.1101.20251020-1549\jars\maven-resolver-util-1.9.24.jar
2026-07-31 16:27:38,044 [Worker-0: Launching spring_boot_backend_template (5)] INFO  o.eclipse.m2e.core.internal.Bundles - 	Entry: C:\Users\prath\Downloads\sts-5.0.1.RELEASE\sts-5.0.1.RELEASE\plugins\org.eclipse.m2e.maven.runtime_3.9.1101.20251020-1549\jars\maven-settings-3.9.11.jar
2026-07-31 16:27:38,044 [Worker-0: Launching spring_boot_backend_template (5)] INFO  o.eclipse.m2e.core.internal.Bundles - 	Entry: C:\Users\prath\Downloads\sts-5.0.1.RELEASE\sts-5.0.1.RELEASE\plugins\org.eclipse.m2e.maven.runtime_3.9.1101.20251020-1549\jars\maven-settings-builder-3.9.11.jar
2026-07-31 16:27:38,044 [Worker-0: Launching spring_boot_backend_template (5)] INFO  o.eclipse.m2e.core.internal.Bundles - 	Entry: C:\Users\prath\Downloads\sts-5.0.1.RELEASE\sts-5.0.1.RELEASE\plugins\org.eclipse.m2e.maven.runtime_3.9.1101.20251020-1549\jars\maven-shared-utils-3.4.2.jar
2026-07-31 16:27:38,044 [Worker-0: Launching spring_boot_backend_template (5)] INFO  o.eclipse.m2e.core.internal.Bundles - 	Entry: C:\Users\prath\Downloads\sts-5.0.1.RELEASE\sts-5.0.1.RELEASE\plugins\org.eclipse.m2e.maven.runtime_3.9.1101.20251020-1549\jars\org.eclipse.sisu.inject-0.9.0.M4.jar
2026-07-31 16:27:38,044 [Worker-0: Launching spring_boot_backend_template (5)] INFO  o.eclipse.m2e.core.internal.Bundles - 	Entry: C:\Users\prath\Downloads\sts-5.0.1.RELEASE\sts-5.0.1.RELEASE\plugins\org.eclipse.m2e.maven.runtime_3.9.1101.20251020-1549\jars\org.eclipse.sisu.plexus-0.9.0.M4.jar
2026-07-31 16:27:38,045 [Worker-0: Launching spring_boot_backend_template (5)] INFO  o.eclipse.m2e.core.internal.Bundles - 	Entry: C:\Users\prath\Downloads\sts-5.0.1.RELEASE\sts-5.0.1.RELEASE\plugins\org.eclipse.m2e.maven.runtime_3.9.1101.20251020-1549\jars\plexus-build-api-0.0.7.jar
2026-07-31 16:27:38,045 [Worker-0: Launching spring_boot_backend_template (5)] INFO  o.eclipse.m2e.core.internal.Bundles - 	Entry: C:\Users\prath\Downloads\sts-5.0.1.RELEASE\sts-5.0.1.RELEASE\plugins\org.eclipse.m2e.maven.runtime_3.9.1101.20251020-1549\jars\plexus-build-api-1.2.0.jar
2026-07-31 16:27:38,045 [Worker-0: Launching spring_boot_backend_template (5)] INFO  o.eclipse.m2e.core.internal.Bundles - 	Entry: C:\Users\prath\Downloads\sts-5.0.1.RELEASE\sts-5.0.1.RELEASE\plugins\org.eclipse.m2e.maven.runtime_3.9.1101.20251020-1549\jars\plexus-cipher-2.0.jar
2026-07-31 16:27:38,045 [Worker-0: Launching spring_boot_backend_template (5)] INFO  o.eclipse.m2e.core.internal.Bundles - 	Entry: C:\Users\prath\Downloads\sts-5.0.1.RELEASE\sts-5.0.1.RELEASE\plugins\org.eclipse.m2e.maven.runtime_3.9.1101.20251020-1549\jars\plexus-classworlds-2.9.0.jar
2026-07-31 16:27:38,045 [Worker-0: Launching spring_boot_backend_template (5)] INFO  o.eclipse.m2e.core.internal.Bundles - 	Entry: C:\Users\prath\Downloads\sts-5.0.1.RELEASE\sts-5.0.1.RELEASE\plugins\org.eclipse.m2e.maven.runtime_3.9.1101.20251020-1549\jars\plexus-component-annotations-2.2.0.jar
2026-07-31 16:27:38,045 [Worker-0: Launching spring_boot_backend_template (5)] INFO  o.eclipse.m2e.core.internal.Bundles - 	Entry: C:\Users\prath\Downloads\sts-5.0.1.RELEASE\sts-5.0.1.RELEASE\plugins\org.eclipse.m2e.maven.runtime_3.9.1101.20251020-1549\jars\plexus-interpolation-1.28.jar
2026-07-31 16:27:38,046 [Worker-0: Launching spring_boot_backend_template (5)] INFO  o.eclipse.m2e.core.internal.Bundles - 	Entry: C:\Users\prath\Downloads\sts-5.0.1.RELEASE\sts-5.0.1.RELEASE\plugins\org.eclipse.m2e.maven.runtime_3.9.1101.20251020-1549\jars\plexus-sec-dispatcher-2.0.jar
2026-07-31 16:27:38,046 [Worker-0: Launching spring_boot_backend_template (5)] INFO  o.eclipse.m2e.core.internal.Bundles - 	Entry: C:\Users\prath\Downloads\sts-5.0.1.RELEASE\sts-5.0.1.RELEASE\plugins\org.eclipse.m2e.maven.runtime_3.9.1101.20251020-1549\jars\plexus-utils-3.6.0.jar
2026-07-31 16:27:38,046 [Worker-0: Launching spring_boot_backend_template (5)] INFO  o.eclipse.m2e.core.internal.Bundles - 	Entry: C:\Users\prath\Downloads\sts-5.0.1.RELEASE\sts-5.0.1.RELEASE\plugins\org.eclipse.m2e.maven.runtime_3.9.1101.20251020-1549\jars\wagon-file-3.5.3.jar
2026-07-31 16:27:38,046 [Worker-0: Launching spring_boot_backend_template (5)] INFO  o.eclipse.m2e.core.internal.Bundles - 	Entry: C:\Users\prath\Downloads\sts-5.0.1.RELEASE\sts-5.0.1.RELEASE\plugins\org.eclipse.m2e.maven.runtime_3.9.1101.20251020-1549\jars\wagon-http-3.5.3.jar
2026-07-31 16:27:38,046 [Worker-0: Launching spring_boot_backend_template (5)] INFO  o.eclipse.m2e.core.internal.Bundles - 	Entry: C:\Users\prath\Downloads\sts-5.0.1.RELEASE\sts-5.0.1.RELEASE\plugins\org.eclipse.m2e.maven.runtime_3.9.1101.20251020-1549\jars\wagon-http-shared-3.5.3.jar
2026-07-31 16:27:38,047 [Worker-0: Launching spring_boot_backend_template (5)] INFO  o.eclipse.m2e.core.internal.Bundles - 	Entry: C:\Users\prath\Downloads\sts-5.0.1.RELEASE\sts-5.0.1.RELEASE\plugins\org.eclipse.m2e.maven.runtime_3.9.1101.20251020-1549\jars\wagon-provider-api-3.5.3.jar
2026-07-31 16:27:38,047 [Worker-0: Launching spring_boot_backend_template (5)] INFO  o.eclipse.m2e.core.internal.Bundles - getClasspathEntries(Bundle=com.google.guava_33.5.0.jre [31])
2026-07-31 16:27:38,048 [Worker-0: Launching spring_boot_backend_template (5)] INFO  o.eclipse.m2e.core.internal.Bundles - 	Entry: C:\Users\prath\Downloads\sts-5.0.1.RELEASE\sts-5.0.1.RELEASE\plugins\com.google.guava_33.5.0.jre.jar
2026-07-31 16:27:38,048 [Worker-0: Launching spring_boot_backend_template (5)] INFO  o.eclipse.m2e.core.internal.Bundles - getClasspathEntries(Bundle=slf4j.api_2.0.17 [620])
2026-07-31 16:27:38,049 [Worker-0: Launching spring_boot_backend_template (5)] INFO  o.eclipse.m2e.core.internal.Bundles - 	Entry: C:\Users\prath\Downloads\sts-5.0.1.RELEASE\sts-5.0.1.RELEASE\plugins\slf4j.api_2.0.17.jar
2026-07-31 16:27:38,049 [Worker-0: Launching spring_boot_backend_template (5)] INFO  o.eclipse.m2e.core.internal.Bundles - getClasspathEntries(Bundle=jakarta.inject.jakarta.inject-api_1.0.5 [46])
2026-07-31 16:27:38,050 [Worker-0: Launching spring_boot_backend_template (5)] INFO  o.eclipse.m2e.core.internal.Bundles - 	Entry: C:\Users\prath\Downloads\sts-5.0.1.RELEASE\sts-5.0.1.RELEASE\plugins\jakarta.inject.jakarta.inject-api_1.0.5.jar
2026-07-31 16:27:38,050 [Worker-0: Launching spring_boot_backend_template (5)] INFO  o.eclipse.m2e.core.internal.Bundles - getClasspathEntries(Bundle=jakarta.annotation-api_1.3.5 [43])
2026-07-31 16:27:38,051 [Worker-0: Launching spring_boot_backend_template (5)] INFO  o.eclipse.m2e.core.internal.Bundles - 	Entry: C:\Users\prath\Downloads\sts-5.0.1.RELEASE\sts-5.0.1.RELEASE\plugins\jakarta.annotation-api_1.3.5.jar
2026-07-31 16:27:38,051 [Worker-0: Launching spring_boot_backend_template (5)] INFO  o.eclipse.m2e.core.internal.Bundles - getClasspathEntries(Bundle=org.apache.commons.cli_1.11.0 [85])
2026-07-31 16:27:38,052 [Worker-0: Launching spring_boot_backend_template (5)] INFO  o.eclipse.m2e.core.internal.Bundles - 	Entry: C:\Users\prath\Downloads\sts-5.0.1.RELEASE\sts-5.0.1.RELEASE\plugins\org.apache.commons.cli_1.11.0.jar
2026-07-31 16:27:38,052 [Worker-0: Launching spring_boot_backend_template (5)] INFO  o.eclipse.m2e.core.internal.Bundles - getClasspathEntries(Bundle=org.apache.commons.commons-codec_1.20.0 [87])
2026-07-31 16:27:38,054 [Worker-0: Launching spring_boot_backend_template (5)] INFO  o.eclipse.m2e.core.internal.Bundles - 	Entry: C:\Users\prath\Downloads\sts-5.0.1.RELEASE\sts-5.0.1.RELEASE\plugins\org.apache.commons.commons-codec_1.20.0.jar
2026-07-31 16:27:38,054 [Worker-0: Launching spring_boot_backend_template (5)] INFO  o.eclipse.m2e.core.internal.Bundles - getClasspathEntries(Bundle=com.google.guava.failureaccess_1.0.3 [32])
2026-07-31 16:27:38,056 [Worker-0: Launching spring_boot_backend_template (5)] INFO  o.eclipse.m2e.core.internal.Bundles - 	Entry: C:\Users\prath\Downloads\sts-5.0.1.RELEASE\sts-5.0.1.RELEASE\plugins\com.google.guava.failureaccess_1.0.3.jar
2026-07-31 16:27:38,058 [Worker-0: Launching spring_boot_backend_template (5)] INFO  o.e.m.i.launch.MavenLaunchDelegate - Run build in "D:\ProjectData\Child_Adoption_System\user_backend\spring_boot_backend_template":
2026-07-31 16:27:38,058 [Worker-0: Launching spring_boot_backend_template (5)] INFO  o.e.m.i.launch.MavenLaunchDelegate -  mvn  -B -Dstyle.color=always clean compile
2026-07-31 16:28:20,214 [Worker-10: Building] INFO  o.a.m.s.f.DefaultMavenResourcesFiltering - Copying 1 resource from src\main\resources to target\classes
2026-07-31 16:28:20,261 [Worker-10: Building] INFO  o.a.m.s.f.DefaultMavenResourcesFiltering - Copying 0 resource from src\main\resources to target\classes
2026-07-31 16:28:20,268 [Worker-10: Building] INFO  o.a.m.s.f.DefaultMavenResourcesFiltering - skip non existing resourceDirectory D:\ProjectData\Child_Adoption_System\user_backend\spring_boot_backend_template\src\test\resources
2026-07-31 16:28:20,270 [Worker-10: Building] WARN  o.apache.maven.project.MavenProject - Direct modification of compileSourceRoots through clear() is deprecated and will not work in Maven 4.0.0. Please use the add/remove methods instead. If you're using a plugin that causes this warning, please upgrade to the latest version and report an issue if the warning persists. To disable these warnings, set -Dmaven.project.sourceRoots.warningsDisabled=true on the command line, in the .mvn/maven.config file, or in project POM properties.
2026-07-31 16:28:20,287 [Worker-10: Building] WARN  o.apache.maven.project.MavenProject - Direct modification of compileSourceRoots through add() is deprecated and will not work in Maven 4.0.0. Please use the add/remove methods instead. If you're using a plugin that causes this warning, please upgrade to the latest version and report an issue if the warning persists. To disable these warnings, set -Dmaven.project.sourceRoots.warningsDisabled=true on the command line, in the .mvn/maven.config file, or in project POM properties.
2026-07-31 16:28:20,289 [Worker-10: Building] WARN  o.apache.maven.project.MavenProject - Direct modification of testCompileSourceRoots through clear() is deprecated and will not work in Maven 4.0.0. Please use the add/remove methods instead. If you're using a plugin that causes this warning, please upgrade to the latest version and report an issue if the warning persists. To disable these warnings, set -Dmaven.project.sourceRoots.warningsDisabled=true on the command line, in the .mvn/maven.config file, or in project POM properties.
2026-07-31 16:28:20,290 [Worker-10: Building] WARN  o.apache.maven.project.MavenProject - Direct modification of testCompileSourceRoots through add() is deprecated and will not work in Maven 4.0.0. Please use the add/remove methods instead. If you're using a plugin that causes this warning, please upgrade to the latest version and report an issue if the warning persists. To disable these warnings, set -Dmaven.project.sourceRoots.warningsDisabled=true on the command line, in the .mvn/maven.config file, or in project POM properties.
2026-07-31 16:29:07,332 [Worker-5: Loading available Gradle versions] INFO  o.e.b.c.i.u.g.PublishedGradleVersions - Gradle version information cache is up-to-date. Trying to read.
2026-07-31 16:29:44,604 [main] INFO  o.e.m2e.actions.ExecutePomAction - Creating new launch configuration
2026-07-31 16:29:55,344 [Worker-9: Launching spring_boot_backend_template (6)] INFO  o.eclipse.m2e.core.internal.Bundles - getClasspathEntries(Bundle=org.eclipse.m2e.maven.runtime_3.9.1101.20251020-1549 [372])
2026-07-31 16:29:55,349 [Worker-9: Launching spring_boot_backend_template (6)] INFO  o.eclipse.m2e.core.internal.Bundles - 	Entry: C:\Users\prath\Downloads\sts-5.0.1.RELEASE\sts-5.0.1.RELEASE\plugins\org.eclipse.m2e.maven.runtime_3.9.1101.20251020-1549
2026-07-31 16:29:55,351 [Worker-9: Launching spring_boot_backend_template (6)] INFO  o.eclipse.m2e.core.internal.Bundles - 	Entry: C:\Users\prath\Downloads\sts-5.0.1.RELEASE\sts-5.0.1.RELEASE\plugins\org.eclipse.m2e.maven.runtime_3.9.1101.20251020-1549\jars\aopalliance-1.0.jar
2026-07-31 16:29:55,351 [Worker-9: Launching spring_boot_backend_template (6)] INFO  o.eclipse.m2e.core.internal.Bundles - 	Entry: C:\Users\prath\Downloads\sts-5.0.1.RELEASE\sts-5.0.1.RELEASE\plugins\org.eclipse.m2e.maven.runtime_3.9.1101.20251020-1549\jars\asm-9.8.jar
2026-07-31 16:29:55,351 [Worker-9: Launching spring_boot_backend_template (6)] INFO  o.eclipse.m2e.core.internal.Bundles - 	Entry: C:\Users\prath\Downloads\sts-5.0.1.RELEASE\sts-5.0.1.RELEASE\plugins\org.eclipse.m2e.maven.runtime_3.9.1101.20251020-1549\jars\error_prone_annotations-2.38.0.jar
2026-07-31 16:29:55,352 [Worker-9: Launching spring_boot_backend_template (6)] INFO  o.eclipse.m2e.core.internal.Bundles - 	Entry: C:\Users\prath\Downloads\sts-5.0.1.RELEASE\sts-5.0.1.RELEASE\plugins\org.eclipse.m2e.maven.runtime_3.9.1101.20251020-1549\jars\gson-2.13.1.jar
2026-07-31 16:29:55,352 [Worker-9: Launching spring_boot_backend_template (6)] INFO  o.eclipse.m2e.core.internal.Bundles - 	Entry: C:\Users\prath\Downloads\sts-5.0.1.RELEASE\sts-5.0.1.RELEASE\plugins\org.eclipse.m2e.maven.runtime_3.9.1101.20251020-1549\jars\guice-5.1.0-classes.jar
2026-07-31 16:29:55,352 [Worker-9: Launching spring_boot_backend_template (6)] INFO  o.eclipse.m2e.core.internal.Bundles - 	Entry: C:\Users\prath\Downloads\sts-5.0.1.RELEASE\sts-5.0.1.RELEASE\plugins\org.eclipse.m2e.maven.runtime_3.9.1101.20251020-1549\jars\httpclient-4.5.14.jar
2026-07-31 16:29:55,352 [Worker-9: Launching spring_boot_backend_template (6)] INFO  o.eclipse.m2e.core.internal.Bundles - 	Entry: C:\Users\prath\Downloads\sts-5.0.1.RELEASE\sts-5.0.1.RELEASE\plugins\org.eclipse.m2e.maven.runtime_3.9.1101.20251020-1549\jars\httpcore-4.4.16.jar
2026-07-31 16:29:55,352 [Worker-9: Launching spring_boot_backend_template (6)] INFO  o.eclipse.m2e.core.internal.Bundles - 	Entry: C:\Users\prath\Downloads\sts-5.0.1.RELEASE\sts-5.0.1.RELEASE\plugins\org.eclipse.m2e.maven.runtime_3.9.1101.20251020-1549\jars\jansi-2.4.2.jar
2026-07-31 16:29:55,354 [Worker-9: Launching spring_boot_backend_template (6)] INFO  o.eclipse.m2e.core.internal.Bundles - 	Entry: C:\Users\prath\Downloads\sts-5.0.1.RELEASE\sts-5.0.1.RELEASE\plugins\org.eclipse.m2e.maven.runtime_3.9.1101.20251020-1549\jars\jcl-over-slf4j-1.7.36.jar
2026-07-31 16:29:55,355 [Worker-9: Launching spring_boot_backend_template (6)] INFO  o.eclipse.m2e.core.internal.Bundles - 	Entry: C:\Users\prath\Downloads\sts-5.0.1.RELEASE\sts-5.0.1.RELEASE\plugins\org.eclipse.m2e.maven.runtime_3.9.1101.20251020-1549\jars\maven-artifact-3.9.11.jar
2026-07-31 16:29:55,355 [Worker-9: Launching spring_boot_backend_template (6)] INFO  o.eclipse.m2e.core.internal.Bundles - 	Entry: C:\Users\prath\Downloads\sts-5.0.1.RELEASE\sts-5.0.1.RELEASE\plugins\org.eclipse.m2e.maven.runtime_3.9.1101.20251020-1549\jars\maven-builder-support-3.9.11.jar
2026-07-31 16:29:55,355 [Worker-9: Launching spring_boot_backend_template (6)] INFO  o.eclipse.m2e.core.internal.Bundles - 	Entry: C:\Users\prath\Downloads\sts-5.0.1.RELEASE\sts-5.0.1.RELEASE\plugins\org.eclipse.m2e.maven.runtime_3.9.1101.20251020-1549\jars\maven-compat-3.9.11.jar
2026-07-31 16:29:55,356 [Worker-9: Launching spring_boot_backend_template (6)] INFO  o.eclipse.m2e.core.internal.Bundles - 	Entry: C:\Users\prath\Downloads\sts-5.0.1.RELEASE\sts-5.0.1.RELEASE\plugins\org.eclipse.m2e.maven.runtime_3.9.1101.20251020-1549\jars\maven-core-3.9.11.jar
2026-07-31 16:29:55,356 [Worker-9: Launching spring_boot_backend_template (6)] INFO  o.eclipse.m2e.core.internal.Bundles - 	Entry: C:\Users\prath\Downloads\sts-5.0.1.RELEASE\sts-5.0.1.RELEASE\plugins\org.eclipse.m2e.maven.runtime_3.9.1101.20251020-1549\jars\maven-embedder-3.9.11.jar
2026-07-31 16:29:55,356 [Worker-9: Launching spring_boot_backend_template (6)] INFO  o.eclipse.m2e.core.internal.Bundles - 	Entry: C:\Users\prath\Downloads\sts-5.0.1.RELEASE\sts-5.0.1.RELEASE\plugins\org.eclipse.m2e.maven.runtime_3.9.1101.20251020-1549\jars\maven-model-3.9.11.jar
2026-07-31 16:29:55,356 [Worker-9: Launching spring_boot_backend_template (6)] INFO  o.eclipse.m2e.core.internal.Bundles - 	Entry: C:\Users\prath\Downloads\sts-5.0.1.RELEASE\sts-5.0.1.RELEASE\plugins\org.eclipse.m2e.maven.runtime_3.9.1101.20251020-1549\jars\maven-model-builder-3.9.11.jar
2026-07-31 16:29:55,356 [Worker-9: Launching spring_boot_backend_template (6)] INFO  o.eclipse.m2e.core.internal.Bundles - 	Entry: C:\Users\prath\Downloads\sts-5.0.1.RELEASE\sts-5.0.1.RELEASE\plugins\org.eclipse.m2e.maven.runtime_3.9.1101.20251020-1549\jars\maven-plugin-api-3.9.11.jar
2026-07-31 16:29:55,356 [Worker-9: Launching spring_boot_backend_template (6)] INFO  o.eclipse.m2e.core.internal.Bundles - 	Entry: C:\Users\prath\Downloads\sts-5.0.1.RELEASE\sts-5.0.1.RELEASE\plugins\org.eclipse.m2e.maven.runtime_3.9.1101.20251020-1549\jars\maven-repository-metadata-3.9.11.jar
2026-07-31 16:29:55,357 [Worker-9: Launching spring_boot_backend_template (6)] INFO  o.eclipse.m2e.core.internal.Bundles - 	Entry: C:\Users\prath\Downloads\sts-5.0.1.RELEASE\sts-5.0.1.RELEASE\plugins\org.eclipse.m2e.maven.runtime_3.9.1101.20251020-1549\jars\maven-resolver-api-1.9.24.jar
2026-07-31 16:29:55,357 [Worker-9: Launching spring_boot_backend_template (6)] INFO  o.eclipse.m2e.core.internal.Bundles - 	Entry: C:\Users\prath\Downloads\sts-5.0.1.RELEASE\sts-5.0.1.RELEASE\plugins\org.eclipse.m2e.maven.runtime_3.9.1101.20251020-1549\jars\maven-resolver-connector-basic-1.9.24.jar
2026-07-31 16:29:55,357 [Worker-9: Launching spring_boot_backend_template (6)] INFO  o.eclipse.m2e.core.internal.Bundles - 	Entry: C:\Users\prath\Downloads\sts-5.0.1.RELEASE\sts-5.0.1.RELEASE\plugins\org.eclipse.m2e.maven.runtime_3.9.1101.20251020-1549\jars\maven-resolver-impl-1.9.24.jar
2026-07-31 16:29:55,357 [Worker-9: Launching spring_boot_backend_template (6)] INFO  o.eclipse.m2e.core.internal.Bundles - 	Entry: C:\Users\prath\Downloads\sts-5.0.1.RELEASE\sts-5.0.1.RELEASE\plugins\org.eclipse.m2e.maven.runtime_3.9.1101.20251020-1549\jars\maven-resolver-named-locks-1.9.24.jar
2026-07-31 16:29:55,357 [Worker-9: Launching spring_boot_backend_template (6)] INFO  o.eclipse.m2e.core.internal.Bundles - 	Entry: C:\Users\prath\Downloads\sts-5.0.1.RELEASE\sts-5.0.1.RELEASE\plugins\org.eclipse.m2e.maven.runtime_3.9.1101.20251020-1549\jars\maven-resolver-provider-3.9.11.jar
2026-07-31 16:29:55,357 [Worker-9: Launching spring_boot_backend_template (6)] INFO  o.eclipse.m2e.core.internal.Bundles - 	Entry: C:\Users\prath\Downloads\sts-5.0.1.RELEASE\sts-5.0.1.RELEASE\plugins\org.eclipse.m2e.maven.runtime_3.9.1101.20251020-1549\jars\maven-resolver-spi-1.9.24.jar
2026-07-31 16:29:55,357 [Worker-9: Launching spring_boot_backend_template (6)] INFO  o.eclipse.m2e.core.internal.Bundles - 	Entry: C:\Users\prath\Downloads\sts-5.0.1.RELEASE\sts-5.0.1.RELEASE\plugins\org.eclipse.m2e.maven.runtime_3.9.1101.20251020-1549\jars\maven-resolver-transport-file-1.9.24.jar
2026-07-31 16:29:55,358 [Worker-9: Launching spring_boot_backend_template (6)] INFO  o.eclipse.m2e.core.internal.Bundles - 	Entry: C:\Users\prath\Downloads\sts-5.0.1.RELEASE\sts-5.0.1.RELEASE\plugins\org.eclipse.m2e.maven.runtime_3.9.1101.20251020-1549\jars\maven-resolver-transport-http-1.9.24.jar
2026-07-31 16:29:55,358 [Worker-9: Launching spring_boot_backend_template (6)] INFO  o.eclipse.m2e.core.internal.Bundles - 	Entry: C:\Users\prath\Downloads\sts-5.0.1.RELEASE\sts-5.0.1.RELEASE\plugins\org.eclipse.m2e.maven.runtime_3.9.1101.20251020-1549\jars\maven-resolver-transport-wagon-1.9.24.jar
2026-07-31 16:29:55,358 [Worker-9: Launching spring_boot_backend_template (6)] INFO  o.eclipse.m2e.core.internal.Bundles - 	Entry: C:\Users\prath\Downloads\sts-5.0.1.RELEASE\sts-5.0.1.RELEASE\plugins\org.eclipse.m2e.maven.runtime_3.9.1101.20251020-1549\jars\maven-resolver-util-1.9.24.jar
2026-07-31 16:29:55,358 [Worker-9: Launching spring_boot_backend_template (6)] INFO  o.eclipse.m2e.core.internal.Bundles - 	Entry: C:\Users\prath\Downloads\sts-5.0.1.RELEASE\sts-5.0.1.RELEASE\plugins\org.eclipse.m2e.maven.runtime_3.9.1101.20251020-1549\jars\maven-settings-3.9.11.jar
2026-07-31 16:29:55,358 [Worker-9: Launching spring_boot_backend_template (6)] INFO  o.eclipse.m2e.core.internal.Bundles - 	Entry: C:\Users\prath\Downloads\sts-5.0.1.RELEASE\sts-5.0.1.RELEASE\plugins\org.eclipse.m2e.maven.runtime_3.9.1101.20251020-1549\jars\maven-settings-builder-3.9.11.jar
2026-07-31 16:29:55,358 [Worker-9: Launching spring_boot_backend_template (6)] INFO  o.eclipse.m2e.core.internal.Bundles - 	Entry: C:\Users\prath\Downloads\sts-5.0.1.RELEASE\sts-5.0.1.RELEASE\plugins\org.eclipse.m2e.maven.runtime_3.9.1101.20251020-1549\jars\maven-shared-utils-3.4.2.jar
2026-07-31 16:29:55,358 [Worker-9: Launching spring_boot_backend_template (6)] INFO  o.eclipse.m2e.core.internal.Bundles - 	Entry: C:\Users\prath\Downloads\sts-5.0.1.RELEASE\sts-5.0.1.RELEASE\plugins\org.eclipse.m2e.maven.runtime_3.9.1101.20251020-1549\jars\org.eclipse.sisu.inject-0.9.0.M4.jar
2026-07-31 16:29:55,359 [Worker-9: Launching spring_boot_backend_template (6)] INFO  o.eclipse.m2e.core.internal.Bundles - 	Entry: C:\Users\prath\Downloads\sts-5.0.1.RELEASE\sts-5.0.1.RELEASE\plugins\org.eclipse.m2e.maven.runtime_3.9.1101.20251020-1549\jars\org.eclipse.sisu.plexus-0.9.0.M4.jar
2026-07-31 16:29:55,359 [Worker-9: Launching spring_boot_backend_template (6)] INFO  o.eclipse.m2e.core.internal.Bundles - 	Entry: C:\Users\prath\Downloads\sts-5.0.1.RELEASE\sts-5.0.1.RELEASE\plugins\org.eclipse.m2e.maven.runtime_3.9.1101.20251020-1549\jars\plexus-build-api-0.0.7.jar
2026-07-31 16:29:55,359 [Worker-9: Launching spring_boot_backend_template (6)] INFO  o.eclipse.m2e.core.internal.Bundles - 	Entry: C:\Users\prath\Downloads\sts-5.0.1.RELEASE\sts-5.0.1.RELEASE\plugins\org.eclipse.m2e.maven.runtime_3.9.1101.20251020-1549\jars\plexus-build-api-1.2.0.jar
2026-07-31 16:29:55,359 [Worker-9: Launching spring_boot_backend_template (6)] INFO  o.eclipse.m2e.core.internal.Bundles - 	Entry: C:\Users\prath\Downloads\sts-5.0.1.RELEASE\sts-5.0.1.RELEASE\plugins\org.eclipse.m2e.maven.runtime_3.9.1101.20251020-1549\jars\plexus-cipher-2.0.jar
2026-07-31 16:29:55,359 [Worker-9: Launching spring_boot_backend_template (6)] INFO  o.eclipse.m2e.core.internal.Bundles - 	Entry: C:\Users\prath\Downloads\sts-5.0.1.RELEASE\sts-5.0.1.RELEASE\plugins\org.eclipse.m2e.maven.runtime_3.9.1101.20251020-1549\jars\plexus-classworlds-2.9.0.jar
2026-07-31 16:29:55,359 [Worker-9: Launching spring_boot_backend_template (6)] INFO  o.eclipse.m2e.core.internal.Bundles - 	Entry: C:\Users\prath\Downloads\sts-5.0.1.RELEASE\sts-5.0.1.RELEASE\plugins\org.eclipse.m2e.maven.runtime_3.9.1101.20251020-1549\jars\plexus-component-annotations-2.2.0.jar
2026-07-31 16:29:55,359 [Worker-9: Launching spring_boot_backend_template (6)] INFO  o.eclipse.m2e.core.internal.Bundles - 	Entry: C:\Users\prath\Downloads\sts-5.0.1.RELEASE\sts-5.0.1.RELEASE\plugins\org.eclipse.m2e.maven.runtime_3.9.1101.20251020-1549\jars\plexus-interpolation-1.28.jar
2026-07-31 16:29:55,360 [Worker-9: Launching spring_boot_backend_template (6)] INFO  o.eclipse.m2e.core.internal.Bundles - 	Entry: C:\Users\prath\Downloads\sts-5.0.1.RELEASE\sts-5.0.1.RELEASE\plugins\org.eclipse.m2e.maven.runtime_3.9.1101.20251020-1549\jars\plexus-sec-dispatcher-2.0.jar
2026-07-31 16:29:55,360 [Worker-9: Launching spring_boot_backend_template (6)] INFO  o.eclipse.m2e.core.internal.Bundles - 	Entry: C:\Users\prath\Downloads\sts-5.0.1.RELEASE\sts-5.0.1.RELEASE\plugins\org.eclipse.m2e.maven.runtime_3.9.1101.20251020-1549\jars\plexus-utils-3.6.0.jar
2026-07-31 16:29:55,360 [Worker-9: Launching spring_boot_backend_template (6)] INFO  o.eclipse.m2e.core.internal.Bundles - 	Entry: C:\Users\prath\Downloads\sts-5.0.1.RELEASE\sts-5.0.1.RELEASE\plugins\org.eclipse.m2e.maven.runtime_3.9.1101.20251020-1549\jars\wagon-file-3.5.3.jar
2026-07-31 16:29:55,360 [Worker-9: Launching spring_boot_backend_template (6)] INFO  o.eclipse.m2e.core.internal.Bundles - 	Entry: C:\Users\prath\Downloads\sts-5.0.1.RELEASE\sts-5.0.1.RELEASE\plugins\org.eclipse.m2e.maven.runtime_3.9.1101.20251020-1549\jars\wagon-http-3.5.3.jar
2026-07-31 16:29:55,360 [Worker-9: Launching spring_boot_backend_template (6)] INFO  o.eclipse.m2e.core.internal.Bundles - 	Entry: C:\Users\prath\Downloads\sts-5.0.1.RELEASE\sts-5.0.1.RELEASE\plugins\org.eclipse.m2e.maven.runtime_3.9.1101.20251020-1549\jars\wagon-http-shared-3.5.3.jar
2026-07-31 16:29:55,360 [Worker-9: Launching spring_boot_backend_template (6)] INFO  o.eclipse.m2e.core.internal.Bundles - 	Entry: C:\Users\prath\Downloads\sts-5.0.1.RELEASE\sts-5.0.1.RELEASE\plugins\org.eclipse.m2e.maven.runtime_3.9.1101.20251020-1549\jars\wagon-provider-api-3.5.3.jar
2026-07-31 16:29:55,363 [Worker-9: Launching spring_boot_backend_template (6)] INFO  o.eclipse.m2e.core.internal.Bundles - getClasspathEntries(Bundle=com.google.guava_33.5.0.jre [31])
2026-07-31 16:29:55,364 [Worker-9: Launching spring_boot_backend_template (6)] INFO  o.eclipse.m2e.core.internal.Bundles - 	Entry: C:\Users\prath\Downloads\sts-5.0.1.RELEASE\sts-5.0.1.RELEASE\plugins\com.google.guava_33.5.0.jre.jar
2026-07-31 16:29:55,364 [Worker-9: Launching spring_boot_backend_template (6)] INFO  o.eclipse.m2e.core.internal.Bundles - getClasspathEntries(Bundle=slf4j.api_2.0.17 [620])
2026-07-31 16:29:55,365 [Worker-9: Launching spring_boot_backend_template (6)] INFO  o.eclipse.m2e.core.internal.Bundles - 	Entry: C:\Users\prath\Downloads\sts-5.0.1.RELEASE\sts-5.0.1.RELEASE\plugins\slf4j.api_2.0.17.jar
2026-07-31 16:29:55,365 [Worker-9: Launching spring_boot_backend_template (6)] INFO  o.eclipse.m2e.core.internal.Bundles - getClasspathEntries(Bundle=jakarta.inject.jakarta.inject-api_1.0.5 [46])
2026-07-31 16:29:55,367 [Worker-9: Launching spring_boot_backend_template (6)] INFO  o.eclipse.m2e.core.internal.Bundles - 	Entry: C:\Users\prath\Downloads\sts-5.0.1.RELEASE\sts-5.0.1.RELEASE\plugins\jakarta.inject.jakarta.inject-api_1.0.5.jar
2026-07-31 16:29:55,367 [Worker-9: Launching spring_boot_backend_template (6)] INFO  o.eclipse.m2e.core.internal.Bundles - getClasspathEntries(Bundle=jakarta.annotation-api_1.3.5 [43])
2026-07-31 16:29:55,369 [Worker-9: Launching spring_boot_backend_template (6)] INFO  o.eclipse.m2e.core.internal.Bundles - 	Entry: C:\Users\prath\Downloads\sts-5.0.1.RELEASE\sts-5.0.1.RELEASE\plugins\jakarta.annotation-api_1.3.5.jar
2026-07-31 16:29:55,369 [Worker-9: Launching spring_boot_backend_template (6)] INFO  o.eclipse.m2e.core.internal.Bundles - getClasspathEntries(Bundle=org.apache.commons.cli_1.11.0 [85])
2026-07-31 16:29:55,372 [Worker-9: Launching spring_boot_backend_template (6)] INFO  o.eclipse.m2e.core.internal.Bundles - 	Entry: C:\Users\prath\Downloads\sts-5.0.1.RELEASE\sts-5.0.1.RELEASE\plugins\org.apache.commons.cli_1.11.0.jar
2026-07-31 16:29:55,372 [Worker-9: Launching spring_boot_backend_template (6)] INFO  o.eclipse.m2e.core.internal.Bundles - getClasspathEntries(Bundle=org.apache.commons.commons-codec_1.20.0 [87])
2026-07-31 16:29:55,373 [Worker-9: Launching spring_boot_backend_template (6)] INFO  o.eclipse.m2e.core.internal.Bundles - 	Entry: C:\Users\prath\Downloads\sts-5.0.1.RELEASE\sts-5.0.1.RELEASE\plugins\org.apache.commons.commons-codec_1.20.0.jar
2026-07-31 16:29:55,373 [Worker-9: Launching spring_boot_backend_template (6)] INFO  o.eclipse.m2e.core.internal.Bundles - getClasspathEntries(Bundle=com.google.guava.failureaccess_1.0.3 [32])
2026-07-31 16:29:55,374 [Worker-9: Launching spring_boot_backend_template (6)] INFO  o.eclipse.m2e.core.internal.Bundles - 	Entry: C:\Users\prath\Downloads\sts-5.0.1.RELEASE\sts-5.0.1.RELEASE\plugins\com.google.guava.failureaccess_1.0.3.jar
2026-07-31 16:29:55,377 [Worker-9: Launching spring_boot_backend_template (6)] INFO  o.e.m.i.launch.MavenLaunchDelegate - Run build in "D:\ProjectData\Child_Adoption_System\user_backend\spring_boot_backend_template":
2026-07-31 16:29:55,378 [Worker-9: Launching spring_boot_backend_template (6)] INFO  o.e.m.i.launch.MavenLaunchDelegate -  mvn  -B -Dstyle.color=always clean compile
2026-07-31 16:31:13,353 [Worker-5: Loading available Gradle versions] INFO  o.e.b.c.i.u.g.PublishedGradleVersions - Gradle version information cache is up-to-date. Trying to read.
2026-07-31 16:32:12,745 [Worker-3: Loading available Gradle versions] INFO  o.e.b.c.i.u.g.PublishedGradleVersions - Gradle version information cache is up-to-date. Trying to read.
2026-07-31 16:32:33,044 [Worker-10: Building] INFO  o.a.m.s.f.DefaultMavenResourcesFiltering - Copying 1 resource from src\main\resources to target\classes
2026-07-31 16:32:33,135 [Worker-10: Building] INFO  o.a.m.s.f.DefaultMavenResourcesFiltering - Copying 0 resource from src\main\resources to target\classes
2026-07-31 16:32:33,147 [Worker-10: Building] INFO  o.a.m.s.f.DefaultMavenResourcesFiltering - skip non existing resourceDirectory D:\ProjectData\Child_Adoption_System\user_backend\spring_boot_backend_template\src\test\resources
2026-07-31 16:32:33,725 [Worker-10: Building] WARN  o.apache.maven.project.MavenProject - Direct modification of compileSourceRoots through clear() is deprecated and will not work in Maven 4.0.0. Please use the add/remove methods instead. If you're using a plugin that causes this warning, please upgrade to the latest version and report an issue if the warning persists. To disable these warnings, set -Dmaven.project.sourceRoots.warningsDisabled=true on the command line, in the .mvn/maven.config file, or in project POM properties.
2026-07-31 16:32:33,728 [Worker-10: Building] WARN  o.apache.maven.project.MavenProject - Direct modification of compileSourceRoots through add() is deprecated and will not work in Maven 4.0.0. Please use the add/remove methods instead. If you're using a plugin that causes this warning, please upgrade to the latest version and report an issue if the warning persists. To disable these warnings, set -Dmaven.project.sourceRoots.warningsDisabled=true on the command line, in the .mvn/maven.config file, or in project POM properties.
2026-07-31 16:32:33,729 [Worker-10: Building] WARN  o.apache.maven.project.MavenProject - Direct modification of testCompileSourceRoots through clear() is deprecated and will not work in Maven 4.0.0. Please use the add/remove methods instead. If you're using a plugin that causes this warning, please upgrade to the latest version and report an issue if the warning persists. To disable these warnings, set -Dmaven.project.sourceRoots.warningsDisabled=true on the command line, in the .mvn/maven.config file, or in project POM properties.
2026-07-31 16:32:33,730 [Worker-10: Building] WARN  o.apache.maven.project.MavenProject - Direct modification of testCompileSourceRoots through add() is deprecated and will not work in Maven 4.0.0. Please use the add/remove methods instead. If you're using a plugin that causes this warning, please upgrade to the latest version and report an issue if the warning persists. To disable these warnings, set -Dmaven.project.sourceRoots.warningsDisabled=true on the command line, in the .mvn/maven.config file, or in project POM properties.
2026-07-31 16:34:13,699 [Worker-5: Loading available Gradle versions] INFO  o.e.b.c.i.u.g.PublishedGradleVersions - Gradle version information cache is up-to-date. Trying to read.
2026-07-31 16:34:26,378 [Worker-12: Building] INFO  o.a.m.s.f.DefaultMavenResourcesFiltering - Copying 1 resource from src\main\resources to target\classes
2026-07-31 16:34:26,436 [Worker-12: Building] INFO  o.a.m.s.f.DefaultMavenResourcesFiltering - Copying 0 resource from src\main\resources to target\classes
2026-07-31 16:34:26,448 [Worker-12: Building] INFO  o.a.m.s.f.DefaultMavenResourcesFiltering - skip non existing resourceDirectory D:\ProjectData\Child_Adoption_System\user_backend\spring_boot_backend_template\src\test\resources
2026-07-31 16:34:27,231 [Worker-12: Building] WARN  o.apache.maven.project.MavenProject - Direct modification of compileSourceRoots through clear() is deprecated and will not work in Maven 4.0.0. Please use the add/remove methods instead. If you're using a plugin that causes this warning, please upgrade to the latest version and report an issue if the warning persists. To disable these warnings, set -Dmaven.project.sourceRoots.warningsDisabled=true on the command line, in the .mvn/maven.config file, or in project POM properties.
2026-07-31 16:34:27,236 [Worker-12: Building] WARN  o.apache.maven.project.MavenProject - Direct modification of compileSourceRoots through add() is deprecated and will not work in Maven 4.0.0. Please use the add/remove methods instead. If you're using a plugin that causes this warning, please upgrade to the latest version and report an issue if the warning persists. To disable these warnings, set -Dmaven.project.sourceRoots.warningsDisabled=true on the command line, in the .mvn/maven.config file, or in project POM properties.
2026-07-31 16:34:27,238 [Worker-12: Building] WARN  o.apache.maven.project.MavenProject - Direct modification of testCompileSourceRoots through clear() is deprecated and will not work in Maven 4.0.0. Please use the add/remove methods instead. If you're using a plugin that causes this warning, please upgrade to the latest version and report an issue if the warning persists. To disable these warnings, set -Dmaven.project.sourceRoots.warningsDisabled=true on the command line, in the .mvn/maven.config file, or in project POM properties.
2026-07-31 16:34:27,239 [Worker-12: Building] WARN  o.apache.maven.project.MavenProject - Direct modification of testCompileSourceRoots through add() is deprecated and will not work in Maven 4.0.0. Please use the add/remove methods instead. If you're using a plugin that causes this warning, please upgrade to the latest version and report an issue if the warning persists. To disable these warnings, set -Dmaven.project.sourceRoots.warningsDisabled=true on the command line, in the .mvn/maven.config file, or in project POM properties.
2026-07-31 16:34:32,535 [main] INFO  o.e.m2e.actions.ExecutePomAction - Creating new launch configuration
2026-07-31 16:34:41,511 [Worker-18: Launching spring_boot_backend_template (7)] INFO  o.eclipse.m2e.core.internal.Bundles - getClasspathEntries(Bundle=org.eclipse.m2e.maven.runtime_3.9.1101.20251020-1549 [372])
2026-07-31 16:34:41,515 [Worker-18: Launching spring_boot_backend_template (7)] INFO  o.eclipse.m2e.core.internal.Bundles - 	Entry: C:\Users\prath\Downloads\sts-5.0.1.RELEASE\sts-5.0.1.RELEASE\plugins\org.eclipse.m2e.maven.runtime_3.9.1101.20251020-1549
2026-07-31 16:34:41,515 [Worker-18: Launching spring_boot_backend_template (7)] INFO  o.eclipse.m2e.core.internal.Bundles - 	Entry: C:\Users\prath\Downloads\sts-5.0.1.RELEASE\sts-5.0.1.RELEASE\plugins\org.eclipse.m2e.maven.runtime_3.9.1101.20251020-1549\jars\aopalliance-1.0.jar
2026-07-31 16:34:41,516 [Worker-18: Launching spring_boot_backend_template (7)] INFO  o.eclipse.m2e.core.internal.Bundles - 	Entry: C:\Users\prath\Downloads\sts-5.0.1.RELEASE\sts-5.0.1.RELEASE\plugins\org.eclipse.m2e.maven.runtime_3.9.1101.20251020-1549\jars\asm-9.8.jar
2026-07-31 16:34:41,516 [Worker-18: Launching spring_boot_backend_template (7)] INFO  o.eclipse.m2e.core.internal.Bundles - 	Entry: C:\Users\prath\Downloads\sts-5.0.1.RELEASE\sts-5.0.1.RELEASE\plugins\org.eclipse.m2e.maven.runtime_3.9.1101.20251020-1549\jars\error_prone_annotations-2.38.0.jar
2026-07-31 16:34:41,516 [Worker-18: Launching spring_boot_backend_template (7)] INFO  o.eclipse.m2e.core.internal.Bundles - 	Entry: C:\Users\prath\Downloads\sts-5.0.1.RELEASE\sts-5.0.1.RELEASE\plugins\org.eclipse.m2e.maven.runtime_3.9.1101.20251020-1549\jars\gson-2.13.1.jar
2026-07-31 16:34:41,517 [Worker-18: Launching spring_boot_backend_template (7)] INFO  o.eclipse.m2e.core.internal.Bundles - 	Entry: C:\Users\prath\Downloads\sts-5.0.1.RELEASE\sts-5.0.1.RELEASE\plugins\org.eclipse.m2e.maven.runtime_3.9.1101.20251020-1549\jars\guice-5.1.0-classes.jar
2026-07-31 16:34:41,517 [Worker-18: Launching spring_boot_backend_template (7)] INFO  o.eclipse.m2e.core.internal.Bundles - 	Entry: C:\Users\prath\Downloads\sts-5.0.1.RELEASE\sts-5.0.1.RELEASE\plugins\org.eclipse.m2e.maven.runtime_3.9.1101.20251020-1549\jars\httpclient-4.5.14.jar
2026-07-31 16:34:41,517 [Worker-18: Launching spring_boot_backend_template (7)] INFO  o.eclipse.m2e.core.internal.Bundles - 	Entry: C:\Users\prath\Downloads\sts-5.0.1.RELEASE\sts-5.0.1.RELEASE\plugins\org.eclipse.m2e.maven.runtime_3.9.1101.20251020-1549\jars\httpcore-4.4.16.jar
2026-07-31 16:34:41,517 [Worker-18: Launching spring_boot_backend_template (7)] INFO  o.eclipse.m2e.core.internal.Bundles - 	Entry: C:\Users\prath\Downloads\sts-5.0.1.RELEASE\sts-5.0.1.RELEASE\plugins\org.eclipse.m2e.maven.runtime_3.9.1101.20251020-1549\jars\jansi-2.4.2.jar
2026-07-31 16:34:41,517 [Worker-18: Launching spring_boot_backend_template (7)] INFO  o.eclipse.m2e.core.internal.Bundles - 	Entry: C:\Users\prath\Downloads\sts-5.0.1.RELEASE\sts-5.0.1.RELEASE\plugins\org.eclipse.m2e.maven.runtime_3.9.1101.20251020-1549\jars\jcl-over-slf4j-1.7.36.jar
2026-07-31 16:34:41,518 [Worker-18: Launching spring_boot_backend_template (7)] INFO  o.eclipse.m2e.core.internal.Bundles - 	Entry: C:\Users\prath\Downloads\sts-5.0.1.RELEASE\sts-5.0.1.RELEASE\plugins\org.eclipse.m2e.maven.runtime_3.9.1101.20251020-1549\jars\maven-artifact-3.9.11.jar
2026-07-31 16:34:41,518 [Worker-18: Launching spring_boot_backend_template (7)] INFO  o.eclipse.m2e.core.internal.Bundles - 	Entry: C:\Users\prath\Downloads\sts-5.0.1.RELEASE\sts-5.0.1.RELEASE\plugins\org.eclipse.m2e.maven.runtime_3.9.1101.20251020-1549\jars\maven-builder-support-3.9.11.jar
2026-07-31 16:34:41,518 [Worker-18: Launching spring_boot_backend_template (7)] INFO  o.eclipse.m2e.core.internal.Bundles - 	Entry: C:\Users\prath\Downloads\sts-5.0.1.RELEASE\sts-5.0.1.RELEASE\plugins\org.eclipse.m2e.maven.runtime_3.9.1101.20251020-1549\jars\maven-compat-3.9.11.jar
2026-07-31 16:34:41,518 [Worker-18: Launching spring_boot_backend_template (7)] INFO  o.eclipse.m2e.core.internal.Bundles - 	Entry: C:\Users\prath\Downloads\sts-5.0.1.RELEASE\sts-5.0.1.RELEASE\plugins\org.eclipse.m2e.maven.runtime_3.9.1101.20251020-1549\jars\maven-core-3.9.11.jar
2026-07-31 16:34:41,518 [Worker-18: Launching spring_boot_backend_template (7)] INFO  o.eclipse.m2e.core.internal.Bundles - 	Entry: C:\Users\prath\Downloads\sts-5.0.1.RELEASE\sts-5.0.1.RELEASE\plugins\org.eclipse.m2e.maven.runtime_3.9.1101.20251020-1549\jars\maven-embedder-3.9.11.jar
2026-07-31 16:34:41,518 [Worker-18: Launching spring_boot_backend_template (7)] INFO  o.eclipse.m2e.core.internal.Bundles - 	Entry: C:\Users\prath\Downloads\sts-5.0.1.RELEASE\sts-5.0.1.RELEASE\plugins\org.eclipse.m2e.maven.runtime_3.9.1101.20251020-1549\jars\maven-model-3.9.11.jar
2026-07-31 16:34:41,518 [Worker-18: Launching spring_boot_backend_template (7)] INFO  o.eclipse.m2e.core.internal.Bundles - 	Entry: C:\Users\prath\Downloads\sts-5.0.1.RELEASE\sts-5.0.1.RELEASE\plugins\org.eclipse.m2e.maven.runtime_3.9.1101.20251020-1549\jars\maven-model-builder-3.9.11.jar
2026-07-31 16:34:41,519 [Worker-18: Launching spring_boot_backend_template (7)] INFO  o.eclipse.m2e.core.internal.Bundles - 	Entry: C:\Users\prath\Downloads\sts-5.0.1.RELEASE\sts-5.0.1.RELEASE\plugins\org.eclipse.m2e.maven.runtime_3.9.1101.20251020-1549\jars\maven-plugin-api-3.9.11.jar
2026-07-31 16:34:41,519 [Worker-18: Launching spring_boot_backend_template (7)] INFO  o.eclipse.m2e.core.internal.Bundles - 	Entry: C:\Users\prath\Downloads\sts-5.0.1.RELEASE\sts-5.0.1.RELEASE\plugins\org.eclipse.m2e.maven.runtime_3.9.1101.20251020-1549\jars\maven-repository-metadata-3.9.11.jar
2026-07-31 16:34:41,519 [Worker-18: Launching spring_boot_backend_template (7)] INFO  o.eclipse.m2e.core.internal.Bundles - 	Entry: C:\Users\prath\Downloads\sts-5.0.1.RELEASE\sts-5.0.1.RELEASE\plugins\org.eclipse.m2e.maven.runtime_3.9.1101.20251020-1549\jars\maven-resolver-api-1.9.24.jar
2026-07-31 16:34:41,519 [Worker-18: Launching spring_boot_backend_template (7)] INFO  o.eclipse.m2e.core.internal.Bundles - 	Entry: C:\Users\prath\Downloads\sts-5.0.1.RELEASE\sts-5.0.1.RELEASE\plugins\org.eclipse.m2e.maven.runtime_3.9.1101.20251020-1549\jars\maven-resolver-connector-basic-1.9.24.jar
2026-07-31 16:34:41,519 [Worker-18: Launching spring_boot_backend_template (7)] INFO  o.eclipse.m2e.core.internal.Bundles - 	Entry: C:\Users\prath\Downloads\sts-5.0.1.RELEASE\sts-5.0.1.RELEASE\plugins\org.eclipse.m2e.maven.runtime_3.9.1101.20251020-1549\jars\maven-resolver-impl-1.9.24.jar
2026-07-31 16:34:41,519 [Worker-18: Launching spring_boot_backend_template (7)] INFO  o.eclipse.m2e.core.internal.Bundles - 	Entry: C:\Users\prath\Downloads\sts-5.0.1.RELEASE\sts-5.0.1.RELEASE\plugins\org.eclipse.m2e.maven.runtime_3.9.1101.20251020-1549\jars\maven-resolver-named-locks-1.9.24.jar
2026-07-31 16:34:41,520 [Worker-18: Launching spring_boot_backend_template (7)] INFO  o.eclipse.m2e.core.internal.Bundles - 	Entry: C:\Users\prath\Downloads\sts-5.0.1.RELEASE\sts-5.0.1.RELEASE\plugins\org.eclipse.m2e.maven.runtime_3.9.1101.20251020-1549\jars\maven-resolver-provider-3.9.11.jar
2026-07-31 16:34:41,520 [Worker-18: Launching spring_boot_backend_template (7)] INFO  o.eclipse.m2e.core.internal.Bundles - 	Entry: C:\Users\prath\Downloads\sts-5.0.1.RELEASE\sts-5.0.1.RELEASE\plugins\org.eclipse.m2e.maven.runtime_3.9.1101.20251020-1549\jars\maven-resolver-spi-1.9.24.jar
2026-07-31 16:34:41,520 [Worker-18: Launching spring_boot_backend_template (7)] INFO  o.eclipse.m2e.core.internal.Bundles - 	Entry: C:\Users\prath\Downloads\sts-5.0.1.RELEASE\sts-5.0.1.RELEASE\plugins\org.eclipse.m2e.maven.runtime_3.9.1101.20251020-1549\jars\maven-resolver-transport-file-1.9.24.jar
2026-07-31 16:34:41,520 [Worker-18: Launching spring_boot_backend_template (7)] INFO  o.eclipse.m2e.core.internal.Bundles - 	Entry: C:\Users\prath\Downloads\sts-5.0.1.RELEASE\sts-5.0.1.RELEASE\plugins\org.eclipse.m2e.maven.runtime_3.9.1101.20251020-1549\jars\maven-resolver-transport-http-1.9.24.jar
2026-07-31 16:34:41,521 [Worker-18: Launching spring_boot_backend_template (7)] INFO  o.eclipse.m2e.core.internal.Bundles - 	Entry: C:\Users\prath\Downloads\sts-5.0.1.RELEASE\sts-5.0.1.RELEASE\plugins\org.eclipse.m2e.maven.runtime_3.9.1101.20251020-1549\jars\maven-resolver-transport-wagon-1.9.24.jar
2026-07-31 16:34:41,521 [Worker-18: Launching spring_boot_backend_template (7)] INFO  o.eclipse.m2e.core.internal.Bundles - 	Entry: C:\Users\prath\Downloads\sts-5.0.1.RELEASE\sts-5.0.1.RELEASE\plugins\org.eclipse.m2e.maven.runtime_3.9.1101.20251020-1549\jars\maven-resolver-util-1.9.24.jar
2026-07-31 16:34:41,521 [Worker-18: Launching spring_boot_backend_template (7)] INFO  o.eclipse.m2e.core.internal.Bundles - 	Entry: C:\Users\prath\Downloads\sts-5.0.1.RELEASE\sts-5.0.1.RELEASE\plugins\org.eclipse.m2e.maven.runtime_3.9.1101.20251020-1549\jars\maven-settings-3.9.11.jar
2026-07-31 16:34:41,522 [Worker-18: Launching spring_boot_backend_template (7)] INFO  o.eclipse.m2e.core.internal.Bundles - 	Entry: C:\Users\prath\Downloads\sts-5.0.1.RELEASE\sts-5.0.1.RELEASE\plugins\org.eclipse.m2e.maven.runtime_3.9.1101.20251020-1549\jars\maven-settings-builder-3.9.11.jar
2026-07-31 16:34:41,522 [Worker-18: Launching spring_boot_backend_template (7)] INFO  o.eclipse.m2e.core.internal.Bundles - 	Entry: C:\Users\prath\Downloads\sts-5.0.1.RELEASE\sts-5.0.1.RELEASE\plugins\org.eclipse.m2e.maven.runtime_3.9.1101.20251020-1549\jars\maven-shared-utils-3.4.2.jar
2026-07-31 16:34:41,523 [Worker-18: Launching spring_boot_backend_template (7)] INFO  o.eclipse.m2e.core.internal.Bundles - 	Entry: C:\Users\prath\Downloads\sts-5.0.1.RELEASE\sts-5.0.1.RELEASE\plugins\org.eclipse.m2e.maven.runtime_3.9.1101.20251020-1549\jars\org.eclipse.sisu.inject-0.9.0.M4.jar
2026-07-31 16:34:41,524 [Worker-18: Launching spring_boot_backend_template (7)] INFO  o.eclipse.m2e.core.internal.Bundles - 	Entry: C:\Users\prath\Downloads\sts-5.0.1.RELEASE\sts-5.0.1.RELEASE\plugins\org.eclipse.m2e.maven.runtime_3.9.1101.20251020-1549\jars\org.eclipse.sisu.plexus-0.9.0.M4.jar
2026-07-31 16:34:41,524 [Worker-18: Launching spring_boot_backend_template (7)] INFO  o.eclipse.m2e.core.internal.Bundles - 	Entry: C:\Users\prath\Downloads\sts-5.0.1.RELEASE\sts-5.0.1.RELEASE\plugins\org.eclipse.m2e.maven.runtime_3.9.1101.20251020-1549\jars\plexus-build-api-0.0.7.jar
2026-07-31 16:34:41,524 [Worker-18: Launching spring_boot_backend_template (7)] INFO  o.eclipse.m2e.core.internal.Bundles - 	Entry: C:\Users\prath\Downloads\sts-5.0.1.RELEASE\sts-5.0.1.RELEASE\plugins\org.eclipse.m2e.maven.runtime_3.9.1101.20251020-1549\jars\plexus-build-api-1.2.0.jar
2026-07-31 16:34:41,524 [Worker-18: Launching spring_boot_backend_template (7)] INFO  o.eclipse.m2e.core.internal.Bundles - 	Entry: C:\Users\prath\Downloads\sts-5.0.1.RELEASE\sts-5.0.1.RELEASE\plugins\org.eclipse.m2e.maven.runtime_3.9.1101.20251020-1549\jars\plexus-cipher-2.0.jar
2026-07-31 16:34:41,524 [Worker-18: Launching spring_boot_backend_template (7)] INFO  o.eclipse.m2e.core.internal.Bundles - 	Entry: C:\Users\prath\Downloads\sts-5.0.1.RELEASE\sts-5.0.1.RELEASE\plugins\org.eclipse.m2e.maven.runtime_3.9.1101.20251020-1549\jars\plexus-classworlds-2.9.0.jar
2026-07-31 16:34:41,524 [Worker-18: Launching spring_boot_backend_template (7)] INFO  o.eclipse.m2e.core.internal.Bundles - 	Entry: C:\Users\prath\Downloads\sts-5.0.1.RELEASE\sts-5.0.1.RELEASE\plugins\org.eclipse.m2e.maven.runtime_3.9.1101.20251020-1549\jars\plexus-component-annotations-2.2.0.jar
2026-07-31 16:34:41,525 [Worker-18: Launching spring_boot_backend_template (7)] INFO  o.eclipse.m2e.core.internal.Bundles - 	Entry: C:\Users\prath\Downloads\sts-5.0.1.RELEASE\sts-5.0.1.RELEASE\plugins\org.eclipse.m2e.maven.runtime_3.9.1101.20251020-1549\jars\plexus-interpolation-1.28.jar
2026-07-31 16:34:41,525 [Worker-18: Launching spring_boot_backend_template (7)] INFO  o.eclipse.m2e.core.internal.Bundles - 	Entry: C:\Users\prath\Downloads\sts-5.0.1.RELEASE\sts-5.0.1.RELEASE\plugins\org.eclipse.m2e.maven.runtime_3.9.1101.20251020-1549\jars\plexus-sec-dispatcher-2.0.jar
2026-07-31 16:34:41,525 [Worker-18: Launching spring_boot_backend_template (7)] INFO  o.eclipse.m2e.core.internal.Bundles - 	Entry: C:\Users\prath\Downloads\sts-5.0.1.RELEASE\sts-5.0.1.RELEASE\plugins\org.eclipse.m2e.maven.runtime_3.9.1101.20251020-1549\jars\plexus-utils-3.6.0.jar
2026-07-31 16:34:41,525 [Worker-18: Launching spring_boot_backend_template (7)] INFO  o.eclipse.m2e.core.internal.Bundles - 	Entry: C:\Users\prath\Downloads\sts-5.0.1.RELEASE\sts-5.0.1.RELEASE\plugins\org.eclipse.m2e.maven.runtime_3.9.1101.20251020-1549\jars\wagon-file-3.5.3.jar
2026-07-31 16:34:41,525 [Worker-18: Launching spring_boot_backend_template (7)] INFO  o.eclipse.m2e.core.internal.Bundles - 	Entry: C:\Users\prath\Downloads\sts-5.0.1.RELEASE\sts-5.0.1.RELEASE\plugins\org.eclipse.m2e.maven.runtime_3.9.1101.20251020-1549\jars\wagon-http-3.5.3.jar
2026-07-31 16:34:41,525 [Worker-18: Launching spring_boot_backend_template (7)] INFO  o.eclipse.m2e.core.internal.Bundles - 	Entry: C:\Users\prath\Downloads\sts-5.0.1.RELEASE\sts-5.0.1.RELEASE\plugins\org.eclipse.m2e.maven.runtime_3.9.1101.20251020-1549\jars\wagon-http-shared-3.5.3.jar
2026-07-31 16:34:41,525 [Worker-18: Launching spring_boot_backend_template (7)] INFO  o.eclipse.m2e.core.internal.Bundles - 	Entry: C:\Users\prath\Downloads\sts-5.0.1.RELEASE\sts-5.0.1.RELEASE\plugins\org.eclipse.m2e.maven.runtime_3.9.1101.20251020-1549\jars\wagon-provider-api-3.5.3.jar
2026-07-31 16:34:41,528 [Worker-18: Launching spring_boot_backend_template (7)] INFO  o.eclipse.m2e.core.internal.Bundles - getClasspathEntries(Bundle=com.google.guava_33.5.0.jre [31])
2026-07-31 16:34:41,530 [Worker-18: Launching spring_boot_backend_template (7)] INFO  o.eclipse.m2e.core.internal.Bundles - 	Entry: C:\Users\prath\Downloads\sts-5.0.1.RELEASE\sts-5.0.1.RELEASE\plugins\com.google.guava_33.5.0.jre.jar
2026-07-31 16:34:41,530 [Worker-18: Launching spring_boot_backend_template (7)] INFO  o.eclipse.m2e.core.internal.Bundles - getClasspathEntries(Bundle=slf4j.api_2.0.17 [620])
2026-07-31 16:34:41,531 [Worker-18: Launching spring_boot_backend_template (7)] INFO  o.eclipse.m2e.core.internal.Bundles - 	Entry: C:\Users\prath\Downloads\sts-5.0.1.RELEASE\sts-5.0.1.RELEASE\plugins\slf4j.api_2.0.17.jar
2026-07-31 16:34:41,532 [Worker-18: Launching spring_boot_backend_template (7)] INFO  o.eclipse.m2e.core.internal.Bundles - getClasspathEntries(Bundle=jakarta.inject.jakarta.inject-api_1.0.5 [46])
2026-07-31 16:34:41,533 [Worker-18: Launching spring_boot_backend_template (7)] INFO  o.eclipse.m2e.core.internal.Bundles - 	Entry: C:\Users\prath\Downloads\sts-5.0.1.RELEASE\sts-5.0.1.RELEASE\plugins\jakarta.inject.jakarta.inject-api_1.0.5.jar
2026-07-31 16:34:41,533 [Worker-18: Launching spring_boot_backend_template (7)] INFO  o.eclipse.m2e.core.internal.Bundles - getClasspathEntries(Bundle=jakarta.annotation-api_1.3.5 [43])
2026-07-31 16:34:41,534 [Worker-18: Launching spring_boot_backend_template (7)] INFO  o.eclipse.m2e.core.internal.Bundles - 	Entry: C:\Users\prath\Downloads\sts-5.0.1.RELEASE\sts-5.0.1.RELEASE\plugins\jakarta.annotation-api_1.3.5.jar
2026-07-31 16:34:41,534 [Worker-18: Launching spring_boot_backend_template (7)] INFO  o.eclipse.m2e.core.internal.Bundles - getClasspathEntries(Bundle=org.apache.commons.cli_1.11.0 [85])
2026-07-31 16:34:41,537 [Worker-18: Launching spring_boot_backend_template (7)] INFO  o.eclipse.m2e.core.internal.Bundles - 	Entry: C:\Users\prath\Downloads\sts-5.0.1.RELEASE\sts-5.0.1.RELEASE\plugins\org.apache.commons.cli_1.11.0.jar
2026-07-31 16:34:41,538 [Worker-18: Launching spring_boot_backend_template (7)] INFO  o.eclipse.m2e.core.internal.Bundles - getClasspathEntries(Bundle=org.apache.commons.commons-codec_1.20.0 [87])
2026-07-31 16:34:41,539 [Worker-18: Launching spring_boot_backend_template (7)] INFO  o.eclipse.m2e.core.internal.Bundles - 	Entry: C:\Users\prath\Downloads\sts-5.0.1.RELEASE\sts-5.0.1.RELEASE\plugins\org.apache.commons.commons-codec_1.20.0.jar
2026-07-31 16:34:41,539 [Worker-18: Launching spring_boot_backend_template (7)] INFO  o.eclipse.m2e.core.internal.Bundles - getClasspathEntries(Bundle=com.google.guava.failureaccess_1.0.3 [32])
2026-07-31 16:34:41,540 [Worker-18: Launching spring_boot_backend_template (7)] INFO  o.eclipse.m2e.core.internal.Bundles - 	Entry: C:\Users\prath\Downloads\sts-5.0.1.RELEASE\sts-5.0.1.RELEASE\plugins\com.google.guava.failureaccess_1.0.3.jar
2026-07-31 16:34:41,543 [Worker-18: Launching spring_boot_backend_template (7)] INFO  o.e.m.i.launch.MavenLaunchDelegate - Run build in "D:\ProjectData\Child_Adoption_System\user_backend\spring_boot_backend_template":
2026-07-31 16:34:41,551 [Worker-18: Launching spring_boot_backend_template (7)] INFO  o.e.m.i.launch.MavenLaunchDelegate -  mvn  -B -Dstyle.color=always clean compile
2026-07-31 16:36:02,374 [Worker-9: Building] INFO  o.a.m.s.f.DefaultMavenResourcesFiltering - Copying 1 resource from src\main\resources to target\classes
2026-07-31 16:36:02,418 [Worker-9: Building] INFO  o.a.m.s.f.DefaultMavenResourcesFiltering - Copying 0 resource from src\main\resources to target\classes
2026-07-31 16:36:02,423 [Worker-9: Building] INFO  o.a.m.s.f.DefaultMavenResourcesFiltering - skip non existing resourceDirectory D:\ProjectData\Child_Adoption_System\user_backend\spring_boot_backend_template\src\test\resources
2026-07-31 16:36:02,424 [Worker-9: Building] WARN  o.apache.maven.project.MavenProject - Direct modification of compileSourceRoots through clear() is deprecated and will not work in Maven 4.0.0. Please use the add/remove methods instead. If you're using a plugin that causes this warning, please upgrade to the latest version and report an issue if the warning persists. To disable these warnings, set -Dmaven.project.sourceRoots.warningsDisabled=true on the command line, in the .mvn/maven.config file, or in project POM properties.
2026-07-31 16:36:02,426 [Worker-9: Building] WARN  o.apache.maven.project.MavenProject - Direct modification of compileSourceRoots through add() is deprecated and will not work in Maven 4.0.0. Please use the add/remove methods instead. If you're using a plugin that causes this warning, please upgrade to the latest version and report an issue if the warning persists. To disable these warnings, set -Dmaven.project.sourceRoots.warningsDisabled=true on the command line, in the .mvn/maven.config file, or in project POM properties.
2026-07-31 16:36:02,427 [Worker-9: Building] WARN  o.apache.maven.project.MavenProject - Direct modification of testCompileSourceRoots through clear() is deprecated and will not work in Maven 4.0.0. Please use the add/remove methods instead. If you're using a plugin that causes this warning, please upgrade to the latest version and report an issue if the warning persists. To disable these warnings, set -Dmaven.project.sourceRoots.warningsDisabled=true on the command line, in the .mvn/maven.config file, or in project POM properties.
2026-07-31 16:36:02,428 [Worker-9: Building] WARN  o.apache.maven.project.MavenProject - Direct modification of testCompileSourceRoots through add() is deprecated and will not work in Maven 4.0.0. Please use the add/remove methods instead. If you're using a plugin that causes this warning, please upgrade to the latest version and report an issue if the warning persists. To disable these warnings, set -Dmaven.project.sourceRoots.warningsDisabled=true on the command line, in the .mvn/maven.config file, or in project POM properties.
2026-07-31 17:05:35,943 [Worker-4: Loading available Gradle versions] INFO  o.e.b.c.i.u.g.PublishedGradleVersions - Gradle version information cache is up-to-date. Trying to read.
2026-07-31 17:32:21,031 [Worker-5: Loading available Gradle versions] INFO  o.e.b.c.i.u.g.PublishedGradleVersions - Gradle version information cache is up-to-date. Trying to read.
2026-07-31 17:32:38,026 [Worker-14: Building] INFO  o.a.m.s.f.DefaultMavenResourcesFiltering - Copying 1 resource from src\main\resources to target\classes
2026-07-31 17:32:38,105 [Worker-14: Building] INFO  o.a.m.s.f.DefaultMavenResourcesFiltering - Copying 0 resource from src\main\resources to target\classes
2026-07-31 17:32:38,130 [Worker-14: Building] INFO  o.a.m.s.f.DefaultMavenResourcesFiltering - skip non existing resourceDirectory D:\ProjectData\Child_Adoption_System\user_backend\spring_boot_backend_template\src\test\resources
2026-07-31 17:32:40,789 [Worker-14: Building] WARN  o.apache.maven.project.MavenProject - Direct modification of compileSourceRoots through clear() is deprecated and will not work in Maven 4.0.0. Please use the add/remove methods instead. If you're using a plugin that causes this warning, please upgrade to the latest version and report an issue if the warning persists. To disable these warnings, set -Dmaven.project.sourceRoots.warningsDisabled=true on the command line, in the .mvn/maven.config file, or in project POM properties.
2026-07-31 17:32:40,791 [Worker-14: Building] WARN  o.apache.maven.project.MavenProject - Direct modification of compileSourceRoots through add() is deprecated and will not work in Maven 4.0.0. Please use the add/remove methods instead. If you're using a plugin that causes this warning, please upgrade to the latest version and report an issue if the warning persists. To disable these warnings, set -Dmaven.project.sourceRoots.warningsDisabled=true on the command line, in the .mvn/maven.config file, or in project POM properties.
2026-07-31 17:32:40,792 [Worker-14: Building] WARN  o.apache.maven.project.MavenProject - Direct modification of testCompileSourceRoots through clear() is deprecated and will not work in Maven 4.0.0. Please use the add/remove methods instead. If you're using a plugin that causes this warning, please upgrade to the latest version and report an issue if the warning persists. To disable these warnings, set -Dmaven.project.sourceRoots.warningsDisabled=true on the command line, in the .mvn/maven.config file, or in project POM properties.
2026-07-31 17:32:40,794 [Worker-14: Building] WARN  o.apache.maven.project.MavenProject - Direct modification of testCompileSourceRoots through add() is deprecated and will not work in Maven 4.0.0. Please use the add/remove methods instead. If you're using a plugin that causes this warning, please upgrade to the latest version and report an issue if the warning persists. To disable these warnings, set -Dmaven.project.sourceRoots.warningsDisabled=true on the command line, in the .mvn/maven.config file, or in project POM properties.
2026-07-31 19:30:34,537 [Worker-0: Loading available Gradle versions] INFO  o.e.b.c.i.u.g.PublishedGradleVersions - Gradle version information cache is out-of-date. Trying to update.
2026-07-31 19:30:40,172 [Worker-8: Building] INFO  o.a.m.s.f.DefaultMavenResourcesFiltering - Copying 1 resource from src\main\resources to target\classes
2026-07-31 19:30:40,259 [Worker-8: Building] INFO  o.a.m.s.f.DefaultMavenResourcesFiltering - Copying 0 resource from src\main\resources to target\classes
2026-07-31 19:30:40,282 [Worker-8: Building] INFO  o.a.m.s.f.DefaultMavenResourcesFiltering - skip non existing resourceDirectory D:\ProjectData\Child_Adoption_System\user_backend\spring_boot_backend_template\src\test\resources
2026-07-31 19:30:40,961 [Worker-8: Building] WARN  o.apache.maven.project.MavenProject - Direct modification of compileSourceRoots through clear() is deprecated and will not work in Maven 4.0.0. Please use the add/remove methods instead. If you're using a plugin that causes this warning, please upgrade to the latest version and report an issue if the warning persists. To disable these warnings, set -Dmaven.project.sourceRoots.warningsDisabled=true on the command line, in the .mvn/maven.config file, or in project POM properties.
2026-07-31 19:30:40,963 [Worker-8: Building] WARN  o.apache.maven.project.MavenProject - Direct modification of compileSourceRoots through add() is deprecated and will not work in Maven 4.0.0. Please use the add/remove methods instead. If you're using a plugin that causes this warning, please upgrade to the latest version and report an issue if the warning persists. To disable these warnings, set -Dmaven.project.sourceRoots.warningsDisabled=true on the command line, in the .mvn/maven.config file, or in project POM properties.
2026-07-31 19:30:40,964 [Worker-8: Building] WARN  o.apache.maven.project.MavenProject - Direct modification of testCompileSourceRoots through clear() is deprecated and will not work in Maven 4.0.0. Please use the add/remove methods instead. If you're using a plugin that causes this warning, please upgrade to the latest version and report an issue if the warning persists. To disable these warnings, set -Dmaven.project.sourceRoots.warningsDisabled=true on the command line, in the .mvn/maven.config file, or in project POM properties.
2026-07-31 19:30:40,965 [Worker-8: Building] WARN  o.apache.maven.project.MavenProject - Direct modification of testCompileSourceRoots through add() is deprecated and will not work in Maven 4.0.0. Please use the add/remove methods instead. If you're using a plugin that causes this warning, please upgrade to the latest version and report an issue if the warning persists. To disable these warnings, set -Dmaven.project.sourceRoots.warningsDisabled=true on the command line, in the .mvn/maven.config file, or in project POM properties.
2026-07-31 19:30:44,519 [Worker-10: Building] INFO  o.a.m.s.f.DefaultMavenResourcesFiltering - Copying 1 resource from src\main\resources to target\classes
2026-07-31 19:30:44,528 [Worker-10: Building] INFO  o.a.m.s.f.DefaultMavenResourcesFiltering - Copying 0 resource from src\main\resources to target\classes
2026-07-31 19:30:44,532 [Worker-10: Building] INFO  o.a.m.s.f.DefaultMavenResourcesFiltering - skip non existing resourceDirectory D:\ProjectData\Child_Adoption_System\user_backend\spring_boot_backend_template\src\test\resources
2026-07-31 19:30:44,550 [Worker-10: Building] WARN  o.apache.maven.project.MavenProject - Direct modification of compileSourceRoots through clear() is deprecated and will not work in Maven 4.0.0. Please use the add/remove methods instead. If you're using a plugin that causes this warning, please upgrade to the latest version and report an issue if the warning persists. To disable these warnings, set -Dmaven.project.sourceRoots.warningsDisabled=true on the command line, in the .mvn/maven.config file, or in project POM properties.
2026-07-31 19:30:44,551 [Worker-10: Building] WARN  o.apache.maven.project.MavenProject - Direct modification of compileSourceRoots through add() is deprecated and will not work in Maven 4.0.0. Please use the add/remove methods instead. If you're using a plugin that causes this warning, please upgrade to the latest version and report an issue if the warning persists. To disable these warnings, set -Dmaven.project.sourceRoots.warningsDisabled=true on the command line, in the .mvn/maven.config file, or in project POM properties.
2026-07-31 19:30:44,551 [Worker-10: Building] WARN  o.apache.maven.project.MavenProject - Direct modification of testCompileSourceRoots through clear() is deprecated and will not work in Maven 4.0.0. Please use the add/remove methods instead. If you're using a plugin that causes this warning, please upgrade to the latest version and report an issue if the warning persists. To disable these warnings, set -Dmaven.project.sourceRoots.warningsDisabled=true on the command line, in the .mvn/maven.config file, or in project POM properties.
2026-07-31 19:30:44,552 [Worker-10: Building] WARN  o.apache.maven.project.MavenProject - Direct modification of testCompileSourceRoots through add() is deprecated and will not work in Maven 4.0.0. Please use the add/remove methods instead. If you're using a plugin that causes this warning, please upgrade to the latest version and report an issue if the warning persists. To disable these warnings, set -Dmaven.project.sourceRoots.warningsDisabled=true on the command line, in the .mvn/maven.config file, or in project POM properties.
2026-07-31 19:31:47,563 [Worker-7: Building] INFO  o.a.m.s.f.DefaultMavenResourcesFiltering - Copying 1 resource from src\main\resources to target\classes
2026-07-31 19:31:47,625 [Worker-7: Building] INFO  o.a.m.s.f.DefaultMavenResourcesFiltering - Copying 0 resource from src\main\resources to target\classes
2026-07-31 19:31:47,632 [Worker-7: Building] INFO  o.a.m.s.f.DefaultMavenResourcesFiltering - skip non existing resourceDirectory D:\ProjectData\Child_Adoption_System\user_backend\spring_boot_backend_template\src\test\resources
2026-07-31 19:31:47,633 [Worker-7: Building] WARN  o.apache.maven.project.MavenProject - Direct modification of compileSourceRoots through clear() is deprecated and will not work in Maven 4.0.0. Please use the add/remove methods instead. If you're using a plugin that causes this warning, please upgrade to the latest version and report an issue if the warning persists. To disable these warnings, set -Dmaven.project.sourceRoots.warningsDisabled=true on the command line, in the .mvn/maven.config file, or in project POM properties.
2026-07-31 19:31:47,634 [Worker-7: Building] WARN  o.apache.maven.project.MavenProject - Direct modification of compileSourceRoots through add() is deprecated and will not work in Maven 4.0.0. Please use the add/remove methods instead. If you're using a plugin that causes this warning, please upgrade to the latest version and report an issue if the warning persists. To disable these warnings, set -Dmaven.project.sourceRoots.warningsDisabled=true on the command line, in the .mvn/maven.config file, or in project POM properties.
2026-07-31 19:31:47,634 [Worker-7: Building] WARN  o.apache.maven.project.MavenProject - Direct modification of testCompileSourceRoots through clear() is deprecated and will not work in Maven 4.0.0. Please use the add/remove methods instead. If you're using a plugin that causes this warning, please upgrade to the latest version and report an issue if the warning persists. To disable these warnings, set -Dmaven.project.sourceRoots.warningsDisabled=true on the command line, in the .mvn/maven.config file, or in project POM properties.
2026-07-31 19:31:47,636 [Worker-7: Building] WARN  o.apache.maven.project.MavenProject - Direct modification of testCompileSourceRoots through add() is deprecated and will not work in Maven 4.0.0. Please use the add/remove methods instead. If you're using a plugin that causes this warning, please upgrade to the latest version and report an issue if the warning persists. To disable these warnings, set -Dmaven.project.sourceRoots.warningsDisabled=true on the command line, in the .mvn/maven.config file, or in project POM properties.
2026-08-01 14:42:30,942 [Worker-6: Loading available Gradle versions] INFO  o.e.b.c.i.u.g.PublishedGradleVersions - Gradle version information cache is up-to-date. Trying to read.
2026-08-01 14:50:32,296 [Worker-5: Loading available Gradle versions] INFO  o.e.b.c.i.u.g.PublishedGradleVersions - Gradle version information cache is up-to-date. Trying to read.
2026-08-01 14:50:44,683 [Worker-1: Building] INFO  o.a.m.s.f.DefaultMavenResourcesFiltering - Copying 1 resource from src\main\resources to target\classes
2026-08-01 14:50:44,760 [Worker-1: Building] INFO  o.a.m.s.f.DefaultMavenResourcesFiltering - Copying 0 resource from src\main\resources to target\classes
2026-08-01 14:50:44,769 [Worker-1: Building] INFO  o.a.m.s.f.DefaultMavenResourcesFiltering - skip non existing resourceDirectory D:\ProjectData\Child_Adoption_System\user_backend\spring_boot_backend_template\src\test\resources
2026-08-01 14:50:45,350 [Worker-1: Building] WARN  o.apache.maven.project.MavenProject - Direct modification of compileSourceRoots through clear() is deprecated and will not work in Maven 4.0.0. Please use the add/remove methods instead. If you're using a plugin that causes this warning, please upgrade to the latest version and report an issue if the warning persists. To disable these warnings, set -Dmaven.project.sourceRoots.warningsDisabled=true on the command line, in the .mvn/maven.config file, or in project POM properties.
2026-08-01 14:50:45,354 [Worker-1: Building] WARN  o.apache.maven.project.MavenProject - Direct modification of compileSourceRoots through add() is deprecated and will not work in Maven 4.0.0. Please use the add/remove methods instead. If you're using a plugin that causes this warning, please upgrade to the latest version and report an issue if the warning persists. To disable these warnings, set -Dmaven.project.sourceRoots.warningsDisabled=true on the command line, in the .mvn/maven.config file, or in project POM properties.
2026-08-01 14:50:45,354 [Worker-1: Building] WARN  o.apache.maven.project.MavenProject - Direct modification of testCompileSourceRoots through clear() is deprecated and will not work in Maven 4.0.0. Please use the add/remove methods instead. If you're using a plugin that causes this warning, please upgrade to the latest version and report an issue if the warning persists. To disable these warnings, set -Dmaven.project.sourceRoots.warningsDisabled=true on the command line, in the .mvn/maven.config file, or in project POM properties.
2026-08-01 14:50:45,355 [Worker-1: Building] WARN  o.apache.maven.project.MavenProject - Direct modification of testCompileSourceRoots through add() is deprecated and will not work in Maven 4.0.0. Please use the add/remove methods instead. If you're using a plugin that causes this warning, please upgrade to the latest version and report an issue if the warning persists. To disable these warnings, set -Dmaven.project.sourceRoots.warningsDisabled=true on the command line, in the .mvn/maven.config file, or in project POM properties.
2026-08-01 15:50:01,343 [Worker-5: Loading available Gradle versions] INFO  o.e.b.c.i.u.g.PublishedGradleVersions - Gradle version information cache is up-to-date. Trying to read.
2026-08-01 15:50:41,650 [Worker-5: Building] INFO  o.a.m.s.f.DefaultMavenResourcesFiltering - Copying 1 resource from src\main\resources to target\classes
2026-08-01 15:50:41,987 [Worker-5: Building] INFO  o.a.m.s.f.DefaultMavenResourcesFiltering - Copying 0 resource from src\main\resources to target\classes
2026-08-01 15:50:42,022 [Worker-5: Building] INFO  o.a.m.s.f.DefaultMavenResourcesFiltering - skip non existing resourceDirectory D:\ProjectData\Child_Adoption_System\user_backend\spring_boot_backend_template\src\test\resources
2026-08-01 15:50:46,093 [Worker-5: Building] WARN  o.apache.maven.project.MavenProject - Direct modification of compileSourceRoots through clear() is deprecated and will not work in Maven 4.0.0. Please use the add/remove methods instead. If you're using a plugin that causes this warning, please upgrade to the latest version and report an issue if the warning persists. To disable these warnings, set -Dmaven.project.sourceRoots.warningsDisabled=true on the command line, in the .mvn/maven.config file, or in project POM properties.
2026-08-01 15:50:46,100 [Worker-5: Building] WARN  o.apache.maven.project.MavenProject - Direct modification of compileSourceRoots through add() is deprecated and will not work in Maven 4.0.0. Please use the add/remove methods instead. If you're using a plugin that causes this warning, please upgrade to the latest version and report an issue if the warning persists. To disable these warnings, set -Dmaven.project.sourceRoots.warningsDisabled=true on the command line, in the .mvn/maven.config file, or in project POM properties.
2026-08-01 15:50:46,102 [Worker-5: Building] WARN  o.apache.maven.project.MavenProject - Direct modification of testCompileSourceRoots through clear() is deprecated and will not work in Maven 4.0.0. Please use the add/remove methods instead. If you're using a plugin that causes this warning, please upgrade to the latest version and report an issue if the warning persists. To disable these warnings, set -Dmaven.project.sourceRoots.warningsDisabled=true on the command line, in the .mvn/maven.config file, or in project POM properties.
2026-08-01 15:50:46,103 [Worker-5: Building] WARN  o.apache.maven.project.MavenProject - Direct modification of testCompileSourceRoots through add() is deprecated and will not work in Maven 4.0.0. Please use the add/remove methods instead. If you're using a plugin that causes this warning, please upgrade to the latest version and report an issue if the warning persists. To disable these warnings, set -Dmaven.project.sourceRoots.warningsDisabled=true on the command line, in the .mvn/maven.config file, or in project POM properties.
2026-08-01 15:51:44,153 [Worker-14: Building] INFO  o.a.m.s.f.DefaultMavenResourcesFiltering - Copying 1 resource from src\main\resources to target\classes
2026-08-01 15:51:44,290 [Worker-14: Building] INFO  o.a.m.s.f.DefaultMavenResourcesFiltering - Copying 0 resource from src\main\resources to target\classes
2026-08-01 15:51:44,295 [Worker-14: Building] INFO  o.a.m.s.f.DefaultMavenResourcesFiltering - skip non existing resourceDirectory D:\ProjectData\Child_Adoption_System\user_backend\spring_boot_backend_template\src\test\resources
2026-08-01 15:51:44,298 [Worker-14: Building] WARN  o.apache.maven.project.MavenProject - Direct modification of compileSourceRoots through clear() is deprecated and will not work in Maven 4.0.0. Please use the add/remove methods instead. If you're using a plugin that causes this warning, please upgrade to the latest version and report an issue if the warning persists. To disable these warnings, set -Dmaven.project.sourceRoots.warningsDisabled=true on the command line, in the .mvn/maven.config file, or in project POM properties.
2026-08-01 15:51:44,305 [Worker-14: Building] WARN  o.apache.maven.project.MavenProject - Direct modification of compileSourceRoots through add() is deprecated and will not work in Maven 4.0.0. Please use the add/remove methods instead. If you're using a plugin that causes this warning, please upgrade to the latest version and report an issue if the warning persists. To disable these warnings, set -Dmaven.project.sourceRoots.warningsDisabled=true on the command line, in the .mvn/maven.config file, or in project POM properties.
2026-08-01 15:51:44,308 [Worker-14: Building] WARN  o.apache.maven.project.MavenProject - Direct modification of testCompileSourceRoots through clear() is deprecated and will not work in Maven 4.0.0. Please use the add/remove methods instead. If you're using a plugin that causes this warning, please upgrade to the latest version and report an issue if the warning persists. To disable these warnings, set -Dmaven.project.sourceRoots.warningsDisabled=true on the command line, in the .mvn/maven.config file, or in project POM properties.
2026-08-01 15:51:44,308 [Worker-14: Building] WARN  o.apache.maven.project.MavenProject - Direct modification of testCompileSourceRoots through add() is deprecated and will not work in Maven 4.0.0. Please use the add/remove methods instead. If you're using a plugin that causes this warning, please upgrade to the latest version and report an issue if the warning persists. To disable these warnings, set -Dmaven.project.sourceRoots.warningsDisabled=true on the command line, in the .mvn/maven.config file, or in project POM properties.
2026-08-01 15:52:08,630 [Worker-0: Updating Maven Project] INFO  o.e.m.c.i.p.ProjectConfigurationManager - Update started
2026-08-01 15:52:12,508 [Worker-0: Updating Maven Project] INFO  o.e.m.c.i.l.LifecycleMappingFactory - Using org.eclipse.m2e.jdt.JarLifecycleMapping lifecycle mapping for MavenProject: com.backend:user_backend:0.0.1-SNAPSHOT @ D:\ProjectData\Child_Adoption_System\user_backend\spring_boot_backend_template\pom.xml.
2026-08-01 15:52:14,755 [Worker-0: Updating Maven Project] INFO  o.e.m.j.i.AbstractJavaProjectConfigurator - Adding source folder /spring_boot_backend_template/src/main/java
2026-08-01 15:52:14,761 [Worker-0: Updating Maven Project] INFO  o.e.m.j.i.AbstractJavaProjectConfigurator - Adding resource folder /spring_boot_backend_template/src/main/resources
2026-08-01 15:52:14,762 [Worker-0: Updating Maven Project] INFO  o.e.m.j.i.AbstractJavaProjectConfigurator - Adding resource folder /spring_boot_backend_template/src/main/resources
2026-08-01 15:52:14,764 [Worker-0: Updating Maven Project] INFO  o.e.m.j.i.AbstractJavaProjectConfigurator - Adding source folder /spring_boot_backend_template/src/test/java
2026-08-01 15:52:14,765 [Worker-0: Updating Maven Project] INFO  o.e.m.j.i.AbstractJavaProjectConfigurator - Adding resource folder /spring_boot_backend_template/src/test/resources
2026-08-01 15:52:15,295 [Worker-0: Updating Maven Project] WARN  o.apache.maven.project.MavenProject - Direct modification of compileSourceRoots through clear() is deprecated and will not work in Maven 4.0.0. Please use the add/remove methods instead. If you're using a plugin that causes this warning, please upgrade to the latest version and report an issue if the warning persists. To disable these warnings, set -Dmaven.project.sourceRoots.warningsDisabled=true on the command line, in the .mvn/maven.config file, or in project POM properties.
2026-08-01 15:52:15,300 [Worker-0: Updating Maven Project] WARN  o.apache.maven.project.MavenProject - Direct modification of compileSourceRoots through add() is deprecated and will not work in Maven 4.0.0. Please use the add/remove methods instead. If you're using a plugin that causes this warning, please upgrade to the latest version and report an issue if the warning persists. To disable these warnings, set -Dmaven.project.sourceRoots.warningsDisabled=true on the command line, in the .mvn/maven.config file, or in project POM properties.
2026-08-01 15:52:15,301 [Worker-0: Updating Maven Project] WARN  o.apache.maven.project.MavenProject - Direct modification of testCompileSourceRoots through clear() is deprecated and will not work in Maven 4.0.0. Please use the add/remove methods instead. If you're using a plugin that causes this warning, please upgrade to the latest version and report an issue if the warning persists. To disable these warnings, set -Dmaven.project.sourceRoots.warningsDisabled=true on the command line, in the .mvn/maven.config file, or in project POM properties.
2026-08-01 15:52:15,302 [Worker-0: Updating Maven Project] WARN  o.apache.maven.project.MavenProject - Direct modification of testCompileSourceRoots through add() is deprecated and will not work in Maven 4.0.0. Please use the add/remove methods instead. If you're using a plugin that causes this warning, please upgrade to the latest version and report an issue if the warning persists. To disable these warnings, set -Dmaven.project.sourceRoots.warningsDisabled=true on the command line, in the .mvn/maven.config file, or in project POM properties.
2026-08-01 15:52:16,986 [Worker-0: Updating Maven Project] INFO  o.e.m.c.i.p.ProjectConfigurationManager - Update completed for 1 poms: local refresh takes 0.00 sec, refresh facades takes 5.00 sec, update config takes 0.00 sec 
2026-08-01 15:52:23,375 [Worker-6: Building] INFO  o.a.m.s.f.DefaultMavenResourcesFiltering - Copying 1 resource from src\main\resources to target\classes
2026-08-01 15:52:23,412 [Worker-6: Building] INFO  o.a.m.s.f.DefaultMavenResourcesFiltering - Copying 0 resource from src\main\resources to target\classes
2026-08-01 15:52:23,419 [Worker-6: Building] INFO  o.a.m.s.f.DefaultMavenResourcesFiltering - skip non existing resourceDirectory D:\ProjectData\Child_Adoption_System\user_backend\spring_boot_backend_template\src\test\resources
2026-08-01 15:52:23,461 [Worker-6: Building] WARN  o.apache.maven.project.MavenProject - Direct modification of compileSourceRoots through clear() is deprecated and will not work in Maven 4.0.0. Please use the add/remove methods instead. If you're using a plugin that causes this warning, please upgrade to the latest version and report an issue if the warning persists. To disable these warnings, set -Dmaven.project.sourceRoots.warningsDisabled=true on the command line, in the .mvn/maven.config file, or in project POM properties.
2026-08-01 15:52:23,464 [Worker-6: Building] WARN  o.apache.maven.project.MavenProject - Direct modification of compileSourceRoots through add() is deprecated and will not work in Maven 4.0.0. Please use the add/remove methods instead. If you're using a plugin that causes this warning, please upgrade to the latest version and report an issue if the warning persists. To disable these warnings, set -Dmaven.project.sourceRoots.warningsDisabled=true on the command line, in the .mvn/maven.config file, or in project POM properties.
2026-08-01 15:52:23,466 [Worker-6: Building] WARN  o.apache.maven.project.MavenProject - Direct modification of testCompileSourceRoots through clear() is deprecated and will not work in Maven 4.0.0. Please use the add/remove methods instead. If you're using a plugin that causes this warning, please upgrade to the latest version and report an issue if the warning persists. To disable these warnings, set -Dmaven.project.sourceRoots.warningsDisabled=true on the command line, in the .mvn/maven.config file, or in project POM properties.
2026-08-01 15:52:23,467 [Worker-6: Building] WARN  o.apache.maven.project.MavenProject - Direct modification of testCompileSourceRoots through add() is deprecated and will not work in Maven 4.0.0. Please use the add/remove methods instead. If you're using a plugin that causes this warning, please upgrade to the latest version and report an issue if the warning persists. To disable these warnings, set -Dmaven.project.sourceRoots.warningsDisabled=true on the command line, in the .mvn/maven.config file, or in project POM properties.
2026-08-01 15:52:33,372 [main] INFO  o.e.m2e.actions.ExecutePomAction - Creating new launch configuration
2026-08-01 15:52:40,579 [Worker-14: Launching spring_boot_backend_template (8)] INFO  o.eclipse.m2e.core.internal.Bundles - getClasspathEntries(Bundle=org.eclipse.m2e.maven.runtime_3.9.1101.20251020-1549 [372])
2026-08-01 15:52:40,588 [Worker-14: Launching spring_boot_backend_template (8)] INFO  o.eclipse.m2e.core.internal.Bundles - 	Entry: C:\Users\prath\Downloads\sts-5.0.1.RELEASE\sts-5.0.1.RELEASE\plugins\org.eclipse.m2e.maven.runtime_3.9.1101.20251020-1549
2026-08-01 15:52:40,589 [Worker-14: Launching spring_boot_backend_template (8)] INFO  o.eclipse.m2e.core.internal.Bundles - 	Entry: C:\Users\prath\Downloads\sts-5.0.1.RELEASE\sts-5.0.1.RELEASE\plugins\org.eclipse.m2e.maven.runtime_3.9.1101.20251020-1549\jars\aopalliance-1.0.jar
2026-08-01 15:52:40,590 [Worker-14: Launching spring_boot_backend_template (8)] INFO  o.eclipse.m2e.core.internal.Bundles - 	Entry: C:\Users\prath\Downloads\sts-5.0.1.RELEASE\sts-5.0.1.RELEASE\plugins\org.eclipse.m2e.maven.runtime_3.9.1101.20251020-1549\jars\asm-9.8.jar
2026-08-01 15:52:40,590 [Worker-14: Launching spring_boot_backend_template (8)] INFO  o.eclipse.m2e.core.internal.Bundles - 	Entry: C:\Users\prath\Downloads\sts-5.0.1.RELEASE\sts-5.0.1.RELEASE\plugins\org.eclipse.m2e.maven.runtime_3.9.1101.20251020-1549\jars\error_prone_annotations-2.38.0.jar
2026-08-01 15:52:40,591 [Worker-14: Launching spring_boot_backend_template (8)] INFO  o.eclipse.m2e.core.internal.Bundles - 	Entry: C:\Users\prath\Downloads\sts-5.0.1.RELEASE\sts-5.0.1.RELEASE\plugins\org.eclipse.m2e.maven.runtime_3.9.1101.20251020-1549\jars\gson-2.13.1.jar
2026-08-01 15:52:40,591 [Worker-14: Launching spring_boot_backend_template (8)] INFO  o.eclipse.m2e.core.internal.Bundles - 	Entry: C:\Users\prath\Downloads\sts-5.0.1.RELEASE\sts-5.0.1.RELEASE\plugins\org.eclipse.m2e.maven.runtime_3.9.1101.20251020-1549\jars\guice-5.1.0-classes.jar
2026-08-01 15:52:40,592 [Worker-14: Launching spring_boot_backend_template (8)] INFO  o.eclipse.m2e.core.internal.Bundles - 	Entry: C:\Users\prath\Downloads\sts-5.0.1.RELEASE\sts-5.0.1.RELEASE\plugins\org.eclipse.m2e.maven.runtime_3.9.1101.20251020-1549\jars\httpclient-4.5.14.jar
2026-08-01 15:52:40,592 [Worker-14: Launching spring_boot_backend_template (8)] INFO  o.eclipse.m2e.core.internal.Bundles - 	Entry: C:\Users\prath\Downloads\sts-5.0.1.RELEASE\sts-5.0.1.RELEASE\plugins\org.eclipse.m2e.maven.runtime_3.9.1101.20251020-1549\jars\httpcore-4.4.16.jar
2026-08-01 15:52:40,593 [Worker-14: Launching spring_boot_backend_template (8)] INFO  o.eclipse.m2e.core.internal.Bundles - 	Entry: C:\Users\prath\Downloads\sts-5.0.1.RELEASE\sts-5.0.1.RELEASE\plugins\org.eclipse.m2e.maven.runtime_3.9.1101.20251020-1549\jars\jansi-2.4.2.jar
2026-08-01 15:52:40,593 [Worker-14: Launching spring_boot_backend_template (8)] INFO  o.eclipse.m2e.core.internal.Bundles - 	Entry: C:\Users\prath\Downloads\sts-5.0.1.RELEASE\sts-5.0.1.RELEASE\plugins\org.eclipse.m2e.maven.runtime_3.9.1101.20251020-1549\jars\jcl-over-slf4j-1.7.36.jar
2026-08-01 15:52:40,593 [Worker-14: Launching spring_boot_backend_template (8)] INFO  o.eclipse.m2e.core.internal.Bundles - 	Entry: C:\Users\prath\Downloads\sts-5.0.1.RELEASE\sts-5.0.1.RELEASE\plugins\org.eclipse.m2e.maven.runtime_3.9.1101.20251020-1549\jars\maven-artifact-3.9.11.jar
2026-08-01 15:52:40,594 [Worker-14: Launching spring_boot_backend_template (8)] INFO  o.eclipse.m2e.core.internal.Bundles - 	Entry: C:\Users\prath\Downloads\sts-5.0.1.RELEASE\sts-5.0.1.RELEASE\plugins\org.eclipse.m2e.maven.runtime_3.9.1101.20251020-1549\jars\maven-builder-support-3.9.11.jar
2026-08-01 15:52:40,594 [Worker-14: Launching spring_boot_backend_template (8)] INFO  o.eclipse.m2e.core.internal.Bundles - 	Entry: C:\Users\prath\Downloads\sts-5.0.1.RELEASE\sts-5.0.1.RELEASE\plugins\org.eclipse.m2e.maven.runtime_3.9.1101.20251020-1549\jars\maven-compat-3.9.11.jar
2026-08-01 15:52:40,594 [Worker-14: Launching spring_boot_backend_template (8)] INFO  o.eclipse.m2e.core.internal.Bundles - 	Entry: C:\Users\prath\Downloads\sts-5.0.1.RELEASE\sts-5.0.1.RELEASE\plugins\org.eclipse.m2e.maven.runtime_3.9.1101.20251020-1549\jars\maven-core-3.9.11.jar
2026-08-01 15:52:40,595 [Worker-14: Launching spring_boot_backend_template (8)] INFO  o.eclipse.m2e.core.internal.Bundles - 	Entry: C:\Users\prath\Downloads\sts-5.0.1.RELEASE\sts-5.0.1.RELEASE\plugins\org.eclipse.m2e.maven.runtime_3.9.1101.20251020-1549\jars\maven-embedder-3.9.11.jar
2026-08-01 15:52:40,596 [Worker-14: Launching spring_boot_backend_template (8)] INFO  o.eclipse.m2e.core.internal.Bundles - 	Entry: C:\Users\prath\Downloads\sts-5.0.1.RELEASE\sts-5.0.1.RELEASE\plugins\org.eclipse.m2e.maven.runtime_3.9.1101.20251020-1549\jars\maven-model-3.9.11.jar
2026-08-01 15:52:40,596 [Worker-14: Launching spring_boot_backend_template (8)] INFO  o.eclipse.m2e.core.internal.Bundles - 	Entry: C:\Users\prath\Downloads\sts-5.0.1.RELEASE\sts-5.0.1.RELEASE\plugins\org.eclipse.m2e.maven.runtime_3.9.1101.20251020-1549\jars\maven-model-builder-3.9.11.jar
2026-08-01 15:52:40,597 [Worker-14: Launching spring_boot_backend_template (8)] INFO  o.eclipse.m2e.core.internal.Bundles - 	Entry: C:\Users\prath\Downloads\sts-5.0.1.RELEASE\sts-5.0.1.RELEASE\plugins\org.eclipse.m2e.maven.runtime_3.9.1101.20251020-1549\jars\maven-plugin-api-3.9.11.jar
2026-08-01 15:52:40,598 [Worker-14: Launching spring_boot_backend_template (8)] INFO  o.eclipse.m2e.core.internal.Bundles - 	Entry: C:\Users\prath\Downloads\sts-5.0.1.RELEASE\sts-5.0.1.RELEASE\plugins\org.eclipse.m2e.maven.runtime_3.9.1101.20251020-1549\jars\maven-repository-metadata-3.9.11.jar
2026-08-01 15:52:40,598 [Worker-14: Launching spring_boot_backend_template (8)] INFO  o.eclipse.m2e.core.internal.Bundles - 	Entry: C:\Users\prath\Downloads\sts-5.0.1.RELEASE\sts-5.0.1.RELEASE\plugins\org.eclipse.m2e.maven.runtime_3.9.1101.20251020-1549\jars\maven-resolver-api-1.9.24.jar
2026-08-01 15:52:40,599 [Worker-14: Launching spring_boot_backend_template (8)] INFO  o.eclipse.m2e.core.internal.Bundles - 	Entry: C:\Users\prath\Downloads\sts-5.0.1.RELEASE\sts-5.0.1.RELEASE\plugins\org.eclipse.m2e.maven.runtime_3.9.1101.20251020-1549\jars\maven-resolver-connector-basic-1.9.24.jar
2026-08-01 15:52:40,600 [Worker-14: Launching spring_boot_backend_template (8)] INFO  o.eclipse.m2e.core.internal.Bundles - 	Entry: C:\Users\prath\Downloads\sts-5.0.1.RELEASE\sts-5.0.1.RELEASE\plugins\org.eclipse.m2e.maven.runtime_3.9.1101.20251020-1549\jars\maven-resolver-impl-1.9.24.jar
2026-08-01 15:52:40,601 [Worker-14: Launching spring_boot_backend_template (8)] INFO  o.eclipse.m2e.core.internal.Bundles - 	Entry: C:\Users\prath\Downloads\sts-5.0.1.RELEASE\sts-5.0.1.RELEASE\plugins\org.eclipse.m2e.maven.runtime_3.9.1101.20251020-1549\jars\maven-resolver-named-locks-1.9.24.jar
2026-08-01 15:52:40,602 [Worker-14: Launching spring_boot_backend_template (8)] INFO  o.eclipse.m2e.core.internal.Bundles - 	Entry: C:\Users\prath\Downloads\sts-5.0.1.RELEASE\sts-5.0.1.RELEASE\plugins\org.eclipse.m2e.maven.runtime_3.9.1101.20251020-1549\jars\maven-resolver-provider-3.9.11.jar
2026-08-01 15:52:40,603 [Worker-14: Launching spring_boot_backend_template (8)] INFO  o.eclipse.m2e.core.internal.Bundles - 	Entry: C:\Users\prath\Downloads\sts-5.0.1.RELEASE\sts-5.0.1.RELEASE\plugins\org.eclipse.m2e.maven.runtime_3.9.1101.20251020-1549\jars\maven-resolver-spi-1.9.24.jar
2026-08-01 15:52:40,604 [Worker-14: Launching spring_boot_backend_template (8)] INFO  o.eclipse.m2e.core.internal.Bundles - 	Entry: C:\Users\prath\Downloads\sts-5.0.1.RELEASE\sts-5.0.1.RELEASE\plugins\org.eclipse.m2e.maven.runtime_3.9.1101.20251020-1549\jars\maven-resolver-transport-file-1.9.24.jar
2026-08-01 15:52:40,604 [Worker-14: Launching spring_boot_backend_template (8)] INFO  o.eclipse.m2e.core.internal.Bundles - 	Entry: C:\Users\prath\Downloads\sts-5.0.1.RELEASE\sts-5.0.1.RELEASE\plugins\org.eclipse.m2e.maven.runtime_3.9.1101.20251020-1549\jars\maven-resolver-transport-http-1.9.24.jar
2026-08-01 15:52:40,605 [Worker-14: Launching spring_boot_backend_template (8)] INFO  o.eclipse.m2e.core.internal.Bundles - 	Entry: C:\Users\prath\Downloads\sts-5.0.1.RELEASE\sts-5.0.1.RELEASE\plugins\org.eclipse.m2e.maven.runtime_3.9.1101.20251020-1549\jars\maven-resolver-transport-wagon-1.9.24.jar
2026-08-01 15:52:40,606 [Worker-14: Launching spring_boot_backend_template (8)] INFO  o.eclipse.m2e.core.internal.Bundles - 	Entry: C:\Users\prath\Downloads\sts-5.0.1.RELEASE\sts-5.0.1.RELEASE\plugins\org.eclipse.m2e.maven.runtime_3.9.1101.20251020-1549\jars\maven-resolver-util-1.9.24.jar
2026-08-01 15:52:40,607 [Worker-14: Launching spring_boot_backend_template (8)] INFO  o.eclipse.m2e.core.internal.Bundles - 	Entry: C:\Users\prath\Downloads\sts-5.0.1.RELEASE\sts-5.0.1.RELEASE\plugins\org.eclipse.m2e.maven.runtime_3.9.1101.20251020-1549\jars\maven-settings-3.9.11.jar
2026-08-01 15:52:40,607 [Worker-14: Launching spring_boot_backend_template (8)] INFO  o.eclipse.m2e.core.internal.Bundles - 	Entry: C:\Users\prath\Downloads\sts-5.0.1.RELEASE\sts-5.0.1.RELEASE\plugins\org.eclipse.m2e.maven.runtime_3.9.1101.20251020-1549\jars\maven-settings-builder-3.9.11.jar
2026-08-01 15:52:40,608 [Worker-14: Launching spring_boot_backend_template (8)] INFO  o.eclipse.m2e.core.internal.Bundles - 	Entry: C:\Users\prath\Downloads\sts-5.0.1.RELEASE\sts-5.0.1.RELEASE\plugins\org.eclipse.m2e.maven.runtime_3.9.1101.20251020-1549\jars\maven-shared-utils-3.4.2.jar
2026-08-01 15:52:40,608 [Worker-14: Launching spring_boot_backend_template (8)] INFO  o.eclipse.m2e.core.internal.Bundles - 	Entry: C:\Users\prath\Downloads\sts-5.0.1.RELEASE\sts-5.0.1.RELEASE\plugins\org.eclipse.m2e.maven.runtime_3.9.1101.20251020-1549\jars\org.eclipse.sisu.inject-0.9.0.M4.jar
2026-08-01 15:52:40,609 [Worker-14: Launching spring_boot_backend_template (8)] INFO  o.eclipse.m2e.core.internal.Bundles - 	Entry: C:\Users\prath\Downloads\sts-5.0.1.RELEASE\sts-5.0.1.RELEASE\plugins\org.eclipse.m2e.maven.runtime_3.9.1101.20251020-1549\jars\org.eclipse.sisu.plexus-0.9.0.M4.jar
2026-08-01 15:52:40,610 [Worker-14: Launching spring_boot_backend_template (8)] INFO  o.eclipse.m2e.core.internal.Bundles - 	Entry: C:\Users\prath\Downloads\sts-5.0.1.RELEASE\sts-5.0.1.RELEASE\plugins\org.eclipse.m2e.maven.runtime_3.9.1101.20251020-1549\jars\plexus-build-api-0.0.7.jar
2026-08-01 15:52:40,610 [Worker-14: Launching spring_boot_backend_template (8)] INFO  o.eclipse.m2e.core.internal.Bundles - 	Entry: C:\Users\prath\Downloads\sts-5.0.1.RELEASE\sts-5.0.1.RELEASE\plugins\org.eclipse.m2e.maven.runtime_3.9.1101.20251020-1549\jars\plexus-build-api-1.2.0.jar
2026-08-01 15:52:40,611 [Worker-14: Launching spring_boot_backend_template (8)] INFO  o.eclipse.m2e.core.internal.Bundles - 	Entry: C:\Users\prath\Downloads\sts-5.0.1.RELEASE\sts-5.0.1.RELEASE\plugins\org.eclipse.m2e.maven.runtime_3.9.1101.20251020-1549\jars\plexus-cipher-2.0.jar
2026-08-01 15:52:40,611 [Worker-14: Launching spring_boot_backend_template (8)] INFO  o.eclipse.m2e.core.internal.Bundles - 	Entry: C:\Users\prath\Downloads\sts-5.0.1.RELEASE\sts-5.0.1.RELEASE\plugins\org.eclipse.m2e.maven.runtime_3.9.1101.20251020-1549\jars\plexus-classworlds-2.9.0.jar
2026-08-01 15:52:40,611 [Worker-14: Launching spring_boot_backend_template (8)] INFO  o.eclipse.m2e.core.internal.Bundles - 	Entry: C:\Users\prath\Downloads\sts-5.0.1.RELEASE\sts-5.0.1.RELEASE\plugins\org.eclipse.m2e.maven.runtime_3.9.1101.20251020-1549\jars\plexus-component-annotations-2.2.0.jar
2026-08-01 15:52:40,612 [Worker-14: Launching spring_boot_backend_template (8)] INFO  o.eclipse.m2e.core.internal.Bundles - 	Entry: C:\Users\prath\Downloads\sts-5.0.1.RELEASE\sts-5.0.1.RELEASE\plugins\org.eclipse.m2e.maven.runtime_3.9.1101.20251020-1549\jars\plexus-interpolation-1.28.jar
2026-08-01 15:52:40,613 [Worker-14: Launching spring_boot_backend_template (8)] INFO  o.eclipse.m2e.core.internal.Bundles - 	Entry: C:\Users\prath\Downloads\sts-5.0.1.RELEASE\sts-5.0.1.RELEASE\plugins\org.eclipse.m2e.maven.runtime_3.9.1101.20251020-1549\jars\plexus-sec-dispatcher-2.0.jar
2026-08-01 15:52:40,613 [Worker-14: Launching spring_boot_backend_template (8)] INFO  o.eclipse.m2e.core.internal.Bundles - 	Entry: C:\Users\prath\Downloads\sts-5.0.1.RELEASE\sts-5.0.1.RELEASE\plugins\org.eclipse.m2e.maven.runtime_3.9.1101.20251020-1549\jars\plexus-utils-3.6.0.jar
2026-08-01 15:52:40,613 [Worker-14: Launching spring_boot_backend_template (8)] INFO  o.eclipse.m2e.core.internal.Bundles - 	Entry: C:\Users\prath\Downloads\sts-5.0.1.RELEASE\sts-5.0.1.RELEASE\plugins\org.eclipse.m2e.maven.runtime_3.9.1101.20251020-1549\jars\wagon-file-3.5.3.jar
2026-08-01 15:52:40,614 [Worker-14: Launching spring_boot_backend_template (8)] INFO  o.eclipse.m2e.core.internal.Bundles - 	Entry: C:\Users\prath\Downloads\sts-5.0.1.RELEASE\sts-5.0.1.RELEASE\plugins\org.eclipse.m2e.maven.runtime_3.9.1101.20251020-1549\jars\wagon-http-3.5.3.jar
2026-08-01 15:52:40,614 [Worker-14: Launching spring_boot_backend_template (8)] INFO  o.eclipse.m2e.core.internal.Bundles - 	Entry: C:\Users\prath\Downloads\sts-5.0.1.RELEASE\sts-5.0.1.RELEASE\plugins\org.eclipse.m2e.maven.runtime_3.9.1101.20251020-1549\jars\wagon-http-shared-3.5.3.jar
2026-08-01 15:52:40,615 [Worker-14: Launching spring_boot_backend_template (8)] INFO  o.eclipse.m2e.core.internal.Bundles - 	Entry: C:\Users\prath\Downloads\sts-5.0.1.RELEASE\sts-5.0.1.RELEASE\plugins\org.eclipse.m2e.maven.runtime_3.9.1101.20251020-1549\jars\wagon-provider-api-3.5.3.jar
2026-08-01 15:52:40,622 [Worker-14: Launching spring_boot_backend_template (8)] INFO  o.eclipse.m2e.core.internal.Bundles - getClasspathEntries(Bundle=com.google.guava_33.5.0.jre [31])
2026-08-01 15:52:40,624 [Worker-14: Launching spring_boot_backend_template (8)] INFO  o.eclipse.m2e.core.internal.Bundles - 	Entry: C:\Users\prath\Downloads\sts-5.0.1.RELEASE\sts-5.0.1.RELEASE\plugins\com.google.guava_33.5.0.jre.jar
2026-08-01 15:52:40,624 [Worker-14: Launching spring_boot_backend_template (8)] INFO  o.eclipse.m2e.core.internal.Bundles - getClasspathEntries(Bundle=slf4j.api_2.0.17 [620])
2026-08-01 15:52:40,627 [Worker-14: Launching spring_boot_backend_template (8)] INFO  o.eclipse.m2e.core.internal.Bundles - 	Entry: C:\Users\prath\Downloads\sts-5.0.1.RELEASE\sts-5.0.1.RELEASE\plugins\slf4j.api_2.0.17.jar
2026-08-01 15:52:40,628 [Worker-14: Launching spring_boot_backend_template (8)] INFO  o.eclipse.m2e.core.internal.Bundles - getClasspathEntries(Bundle=jakarta.inject.jakarta.inject-api_1.0.5 [46])
2026-08-01 15:52:40,630 [Worker-14: Launching spring_boot_backend_template (8)] INFO  o.eclipse.m2e.core.internal.Bundles - 	Entry: C:\Users\prath\Downloads\sts-5.0.1.RELEASE\sts-5.0.1.RELEASE\plugins\jakarta.inject.jakarta.inject-api_1.0.5.jar
2026-08-01 15:52:40,630 [Worker-14: Launching spring_boot_backend_template (8)] INFO  o.eclipse.m2e.core.internal.Bundles - getClasspathEntries(Bundle=jakarta.annotation-api_1.3.5 [43])
2026-08-01 15:52:40,632 [Worker-14: Launching spring_boot_backend_template (8)] INFO  o.eclipse.m2e.core.internal.Bundles - 	Entry: C:\Users\prath\Downloads\sts-5.0.1.RELEASE\sts-5.0.1.RELEASE\plugins\jakarta.annotation-api_1.3.5.jar
2026-08-01 15:52:40,633 [Worker-14: Launching spring_boot_backend_template (8)] INFO  o.eclipse.m2e.core.internal.Bundles - getClasspathEntries(Bundle=org.apache.commons.cli_1.11.0 [85])
2026-08-01 15:52:40,636 [Worker-14: Launching spring_boot_backend_template (8)] INFO  o.eclipse.m2e.core.internal.Bundles - 	Entry: C:\Users\prath\Downloads\sts-5.0.1.RELEASE\sts-5.0.1.RELEASE\plugins\org.apache.commons.cli_1.11.0.jar
2026-08-01 15:52:40,637 [Worker-14: Launching spring_boot_backend_template (8)] INFO  o.eclipse.m2e.core.internal.Bundles - getClasspathEntries(Bundle=org.apache.commons.commons-codec_1.20.0 [87])
2026-08-01 15:52:40,638 [Worker-14: Launching spring_boot_backend_template (8)] INFO  o.eclipse.m2e.core.internal.Bundles - 	Entry: C:\Users\prath\Downloads\sts-5.0.1.RELEASE\sts-5.0.1.RELEASE\plugins\org.apache.commons.commons-codec_1.20.0.jar
2026-08-01 15:52:40,638 [Worker-14: Launching spring_boot_backend_template (8)] INFO  o.eclipse.m2e.core.internal.Bundles - getClasspathEntries(Bundle=com.google.guava.failureaccess_1.0.3 [32])
2026-08-01 15:52:40,640 [Worker-14: Launching spring_boot_backend_template (8)] INFO  o.eclipse.m2e.core.internal.Bundles - 	Entry: C:\Users\prath\Downloads\sts-5.0.1.RELEASE\sts-5.0.1.RELEASE\plugins\com.google.guava.failureaccess_1.0.3.jar
2026-08-01 15:52:40,645 [Worker-14: Launching spring_boot_backend_template (8)] INFO  o.e.m.i.launch.MavenLaunchDelegate - Run build in "D:\ProjectData\Child_Adoption_System\user_backend\spring_boot_backend_template":
2026-08-01 15:52:40,657 [Worker-14: Launching spring_boot_backend_template (8)] INFO  o.e.m.i.launch.MavenLaunchDelegate -  mvn  -B -Dstyle.color=always clean compile
2026-08-01 15:55:21,182 [Worker-5: Loading available Gradle versions] INFO  o.e.b.c.i.u.g.PublishedGradleVersions - Gradle version information cache is up-to-date. Trying to read.
2026-08-01 16:09:03,389 [Worker-18: Building] INFO  o.a.m.s.f.DefaultMavenResourcesFiltering - Copying 1 resource from src\main\resources to target\classes
2026-08-01 16:09:03,550 [Worker-18: Building] INFO  o.a.m.s.f.DefaultMavenResourcesFiltering - Copying 0 resource from src\main\resources to target\classes
2026-08-01 16:09:03,586 [Worker-18: Building] INFO  o.a.m.s.f.DefaultMavenResourcesFiltering - skip non existing resourceDirectory D:\ProjectData\Child_Adoption_System\user_backend\spring_boot_backend_template\src\test\resources
2026-08-01 16:09:05,432 [Worker-18: Building] WARN  o.apache.maven.project.MavenProject - Direct modification of compileSourceRoots through clear() is deprecated and will not work in Maven 4.0.0. Please use the add/remove methods instead. If you're using a plugin that causes this warning, please upgrade to the latest version and report an issue if the warning persists. To disable these warnings, set -Dmaven.project.sourceRoots.warningsDisabled=true on the command line, in the .mvn/maven.config file, or in project POM properties.
2026-08-01 16:09:05,435 [Worker-18: Building] WARN  o.apache.maven.project.MavenProject - Direct modification of compileSourceRoots through add() is deprecated and will not work in Maven 4.0.0. Please use the add/remove methods instead. If you're using a plugin that causes this warning, please upgrade to the latest version and report an issue if the warning persists. To disable these warnings, set -Dmaven.project.sourceRoots.warningsDisabled=true on the command line, in the .mvn/maven.config file, or in project POM properties.
2026-08-01 16:09:05,436 [Worker-18: Building] WARN  o.apache.maven.project.MavenProject - Direct modification of testCompileSourceRoots through clear() is deprecated and will not work in Maven 4.0.0. Please use the add/remove methods instead. If you're using a plugin that causes this warning, please upgrade to the latest version and report an issue if the warning persists. To disable these warnings, set -Dmaven.project.sourceRoots.warningsDisabled=true on the command line, in the .mvn/maven.config file, or in project POM properties.
2026-08-01 16:09:05,438 [Worker-18: Building] WARN  o.apache.maven.project.MavenProject - Direct modification of testCompileSourceRoots through add() is deprecated and will not work in Maven 4.0.0. Please use the add/remove methods instead. If you're using a plugin that causes this warning, please upgrade to the latest version and report an issue if the warning persists. To disable these warnings, set -Dmaven.project.sourceRoots.warningsDisabled=true on the command line, in the .mvn/maven.config file, or in project POM properties.
2026-08-01 16:09:56,134 [Worker-7: Loading available Gradle versions] INFO  o.e.b.c.i.u.g.PublishedGradleVersions - Gradle version information cache is up-to-date. Trying to read.
2026-08-01 16:10:38,736 [Worker-22: Updating Maven Project] INFO  o.e.m.c.i.p.ProjectConfigurationManager - Update started
2026-08-01 16:10:40,590 [Worker-22: Updating Maven Project] INFO  o.e.m.c.i.l.LifecycleMappingFactory - Using org.eclipse.m2e.jdt.JarLifecycleMapping lifecycle mapping for MavenProject: com.backend:user_backend:0.0.1-SNAPSHOT @ D:\ProjectData\Child_Adoption_System\user_backend\spring_boot_backend_template\pom.xml.
2026-08-01 16:10:42,920 [Worker-22: Updating Maven Project] INFO  o.e.m.j.i.AbstractJavaProjectConfigurator - Adding source folder /spring_boot_backend_template/src/main/java
2026-08-01 16:10:42,923 [Worker-22: Updating Maven Project] INFO  o.e.m.j.i.AbstractJavaProjectConfigurator - Adding resource folder /spring_boot_backend_template/src/main/resources
2026-08-01 16:10:42,923 [Worker-22: Updating Maven Project] INFO  o.e.m.j.i.AbstractJavaProjectConfigurator - Adding resource folder /spring_boot_backend_template/src/main/resources
2026-08-01 16:10:42,925 [Worker-22: Updating Maven Project] INFO  o.e.m.j.i.AbstractJavaProjectConfigurator - Adding source folder /spring_boot_backend_template/src/test/java
2026-08-01 16:10:42,926 [Worker-22: Updating Maven Project] INFO  o.e.m.j.i.AbstractJavaProjectConfigurator - Adding resource folder /spring_boot_backend_template/src/test/resources
2026-08-01 16:10:43,458 [Worker-22: Updating Maven Project] WARN  o.apache.maven.project.MavenProject - Direct modification of compileSourceRoots through clear() is deprecated and will not work in Maven 4.0.0. Please use the add/remove methods instead. If you're using a plugin that causes this warning, please upgrade to the latest version and report an issue if the warning persists. To disable these warnings, set -Dmaven.project.sourceRoots.warningsDisabled=true on the command line, in the .mvn/maven.config file, or in project POM properties.
2026-08-01 16:10:43,461 [Worker-22: Updating Maven Project] WARN  o.apache.maven.project.MavenProject - Direct modification of compileSourceRoots through add() is deprecated and will not work in Maven 4.0.0. Please use the add/remove methods instead. If you're using a plugin that causes this warning, please upgrade to the latest version and report an issue if the warning persists. To disable these warnings, set -Dmaven.project.sourceRoots.warningsDisabled=true on the command line, in the .mvn/maven.config file, or in project POM properties.
2026-08-01 16:10:43,462 [Worker-22: Updating Maven Project] WARN  o.apache.maven.project.MavenProject - Direct modification of testCompileSourceRoots through clear() is deprecated and will not work in Maven 4.0.0. Please use the add/remove methods instead. If you're using a plugin that causes this warning, please upgrade to the latest version and report an issue if the warning persists. To disable these warnings, set -Dmaven.project.sourceRoots.warningsDisabled=true on the command line, in the .mvn/maven.config file, or in project POM properties.
2026-08-01 16:10:43,463 [Worker-22: Updating Maven Project] WARN  o.apache.maven.project.MavenProject - Direct modification of testCompileSourceRoots through add() is deprecated and will not work in Maven 4.0.0. Please use the add/remove methods instead. If you're using a plugin that causes this warning, please upgrade to the latest version and report an issue if the warning persists. To disable these warnings, set -Dmaven.project.sourceRoots.warningsDisabled=true on the command line, in the .mvn/maven.config file, or in project POM properties.
2026-08-01 16:10:43,781 [Worker-22: Updating Maven Project] INFO  o.e.m.c.i.p.ProjectConfigurationManager - Update completed for 1 poms: local refresh takes 0.00 sec, refresh facades takes 3.00 sec, update config takes 0.00 sec 
2026-08-01 16:10:47,652 [Worker-15: Building] INFO  o.a.m.s.f.DefaultMavenResourcesFiltering - Copying 1 resource from src\main\resources to target\classes
2026-08-01 16:10:47,683 [Worker-15: Building] INFO  o.a.m.s.f.DefaultMavenResourcesFiltering - Copying 0 resource from src\main\resources to target\classes
2026-08-01 16:10:47,692 [Worker-15: Building] INFO  o.a.m.s.f.DefaultMavenResourcesFiltering - skip non existing resourceDirectory D:\ProjectData\Child_Adoption_System\user_backend\spring_boot_backend_template\src\test\resources
2026-08-01 16:10:48,223 [Worker-15: Building] WARN  o.apache.maven.project.MavenProject - Direct modification of compileSourceRoots through clear() is deprecated and will not work in Maven 4.0.0. Please use the add/remove methods instead. If you're using a plugin that causes this warning, please upgrade to the latest version and report an issue if the warning persists. To disable these warnings, set -Dmaven.project.sourceRoots.warningsDisabled=true on the command line, in the .mvn/maven.config file, or in project POM properties.
2026-08-01 16:10:48,225 [Worker-15: Building] WARN  o.apache.maven.project.MavenProject - Direct modification of compileSourceRoots through add() is deprecated and will not work in Maven 4.0.0. Please use the add/remove methods instead. If you're using a plugin that causes this warning, please upgrade to the latest version and report an issue if the warning persists. To disable these warnings, set -Dmaven.project.sourceRoots.warningsDisabled=true on the command line, in the .mvn/maven.config file, or in project POM properties.
2026-08-01 16:10:48,226 [Worker-15: Building] WARN  o.apache.maven.project.MavenProject - Direct modification of testCompileSourceRoots through clear() is deprecated and will not work in Maven 4.0.0. Please use the add/remove methods instead. If you're using a plugin that causes this warning, please upgrade to the latest version and report an issue if the warning persists. To disable these warnings, set -Dmaven.project.sourceRoots.warningsDisabled=true on the command line, in the .mvn/maven.config file, or in project POM properties.
2026-08-01 16:10:48,228 [Worker-15: Building] WARN  o.apache.maven.project.MavenProject - Direct modification of testCompileSourceRoots through add() is deprecated and will not work in Maven 4.0.0. Please use the add/remove methods instead. If you're using a plugin that causes this warning, please upgrade to the latest version and report an issue if the warning persists. To disable these warnings, set -Dmaven.project.sourceRoots.warningsDisabled=true on the command line, in the .mvn/maven.config file, or in project POM properties.
2026-08-01 16:19:39,537 [Worker-6: Building] INFO  o.a.m.s.f.DefaultMavenResourcesFiltering - Copying 1 resource from src\main\resources to target\classes
2026-08-01 16:19:40,124 [Worker-6: Building] INFO  o.a.m.s.f.DefaultMavenResourcesFiltering - Copying 0 resource from src\main\resources to target\classes
2026-08-01 16:19:40,149 [Worker-6: Building] INFO  o.a.m.s.f.DefaultMavenResourcesFiltering - skip non existing resourceDirectory D:\ProjectData\Child_Adoption_System\user_backend\spring_boot_backend_template\src\test\resources
2026-08-01 16:19:40,166 [Worker-6: Building] WARN  o.apache.maven.project.MavenProject - Direct modification of compileSourceRoots through clear() is deprecated and will not work in Maven 4.0.0. Please use the add/remove methods instead. If you're using a plugin that causes this warning, please upgrade to the latest version and report an issue if the warning persists. To disable these warnings, set -Dmaven.project.sourceRoots.warningsDisabled=true on the command line, in the .mvn/maven.config file, or in project POM properties.
2026-08-01 16:19:40,177 [Worker-6: Building] WARN  o.apache.maven.project.MavenProject - Direct modification of compileSourceRoots through add() is deprecated and will not work in Maven 4.0.0. Please use the add/remove methods instead. If you're using a plugin that causes this warning, please upgrade to the latest version and report an issue if the warning persists. To disable these warnings, set -Dmaven.project.sourceRoots.warningsDisabled=true on the command line, in the .mvn/maven.config file, or in project POM properties.
2026-08-01 16:19:40,181 [Worker-6: Building] WARN  o.apache.maven.project.MavenProject - Direct modification of testCompileSourceRoots through clear() is deprecated and will not work in Maven 4.0.0. Please use the add/remove methods instead. If you're using a plugin that causes this warning, please upgrade to the latest version and report an issue if the warning persists. To disable these warnings, set -Dmaven.project.sourceRoots.warningsDisabled=true on the command line, in the .mvn/maven.config file, or in project POM properties.
2026-08-01 16:19:40,183 [Worker-6: Building] WARN  o.apache.maven.project.MavenProject - Direct modification of testCompileSourceRoots through add() is deprecated and will not work in Maven 4.0.0. Please use the add/remove methods instead. If you're using a plugin that causes this warning, please upgrade to the latest version and report an issue if the warning persists. To disable these warnings, set -Dmaven.project.sourceRoots.warningsDisabled=true on the command line, in the .mvn/maven.config file, or in project POM properties.
2026-08-01 16:26:03,144 [Worker-15: Building] INFO  o.a.m.s.f.DefaultMavenResourcesFiltering - Copying 0 resource from src\main\resources to target\classes
2026-08-01 16:26:03,163 [Worker-15: Building] INFO  o.a.m.s.f.DefaultMavenResourcesFiltering - Copying 0 resource from src\main\resources to target\classes
2026-08-01 16:26:03,173 [Worker-15: Building] INFO  o.a.m.s.f.DefaultMavenResourcesFiltering - skip non existing resourceDirectory D:\ProjectData\Child_Adoption_System\user_backend\spring_boot_backend_template\src\test\resources
2026-08-01 16:26:03,176 [Worker-15: Building] WARN  o.apache.maven.project.MavenProject - Direct modification of compileSourceRoots through clear() is deprecated and will not work in Maven 4.0.0. Please use the add/remove methods instead. If you're using a plugin that causes this warning, please upgrade to the latest version and report an issue if the warning persists. To disable these warnings, set -Dmaven.project.sourceRoots.warningsDisabled=true on the command line, in the .mvn/maven.config file, or in project POM properties.
2026-08-01 16:26:03,209 [Worker-15: Building] WARN  o.apache.maven.project.MavenProject - Direct modification of compileSourceRoots through add() is deprecated and will not work in Maven 4.0.0. Please use the add/remove methods instead. If you're using a plugin that causes this warning, please upgrade to the latest version and report an issue if the warning persists. To disable these warnings, set -Dmaven.project.sourceRoots.warningsDisabled=true on the command line, in the .mvn/maven.config file, or in project POM properties.
2026-08-01 16:26:03,212 [Worker-15: Building] WARN  o.apache.maven.project.MavenProject - Direct modification of testCompileSourceRoots through clear() is deprecated and will not work in Maven 4.0.0. Please use the add/remove methods instead. If you're using a plugin that causes this warning, please upgrade to the latest version and report an issue if the warning persists. To disable these warnings, set -Dmaven.project.sourceRoots.warningsDisabled=true on the command line, in the .mvn/maven.config file, or in project POM properties.
2026-08-01 16:26:03,213 [Worker-15: Building] WARN  o.apache.maven.project.MavenProject - Direct modification of testCompileSourceRoots through add() is deprecated and will not work in Maven 4.0.0. Please use the add/remove methods instead. If you're using a plugin that causes this warning, please upgrade to the latest version and report an issue if the warning persists. To disable these warnings, set -Dmaven.project.sourceRoots.warningsDisabled=true on the command line, in the .mvn/maven.config file, or in project POM properties.
2026-08-01 16:47:48,861 [Worker-4: Loading available Gradle versions] INFO  o.e.b.c.i.u.g.PublishedGradleVersions - Gradle version information cache is up-to-date. Trying to read.
2026-08-01 16:48:03,478 [Worker-0: Building] INFO  o.a.m.s.f.DefaultMavenResourcesFiltering - Copying 1 resource from src\main\resources to target\classes
2026-08-01 16:48:03,543 [Worker-0: Building] INFO  o.a.m.s.f.DefaultMavenResourcesFiltering - Copying 0 resource from src\main\resources to target\classes
2026-08-01 16:48:03,553 [Worker-0: Building] INFO  o.a.m.s.f.DefaultMavenResourcesFiltering - skip non existing resourceDirectory D:\ProjectData\Child_Adoption_System\user_backend\spring_boot_backend_template\src\test\resources
2026-08-01 16:48:04,770 [Worker-0: Building] WARN  o.apache.maven.project.MavenProject - Direct modification of compileSourceRoots through clear() is deprecated and will not work in Maven 4.0.0. Please use the add/remove methods instead. If you're using a plugin that causes this warning, please upgrade to the latest version and report an issue if the warning persists. To disable these warnings, set -Dmaven.project.sourceRoots.warningsDisabled=true on the command line, in the .mvn/maven.config file, or in project POM properties.
2026-08-01 16:48:04,777 [Worker-0: Building] WARN  o.apache.maven.project.MavenProject - Direct modification of compileSourceRoots through add() is deprecated and will not work in Maven 4.0.0. Please use the add/remove methods instead. If you're using a plugin that causes this warning, please upgrade to the latest version and report an issue if the warning persists. To disable these warnings, set -Dmaven.project.sourceRoots.warningsDisabled=true on the command line, in the .mvn/maven.config file, or in project POM properties.
2026-08-01 16:48:04,779 [Worker-0: Building] WARN  o.apache.maven.project.MavenProject - Direct modification of testCompileSourceRoots through clear() is deprecated and will not work in Maven 4.0.0. Please use the add/remove methods instead. If you're using a plugin that causes this warning, please upgrade to the latest version and report an issue if the warning persists. To disable these warnings, set -Dmaven.project.sourceRoots.warningsDisabled=true on the command line, in the .mvn/maven.config file, or in project POM properties.
2026-08-01 16:48:04,780 [Worker-0: Building] WARN  o.apache.maven.project.MavenProject - Direct modification of testCompileSourceRoots through add() is deprecated and will not work in Maven 4.0.0. Please use the add/remove methods instead. If you're using a plugin that causes this warning, please upgrade to the latest version and report an issue if the warning persists. To disable these warnings, set -Dmaven.project.sourceRoots.warningsDisabled=true on the command line, in the .mvn/maven.config file, or in project POM properties.
2026-08-01 16:48:30,899 [Worker-12: Updating Maven Project] INFO  o.e.m.c.i.p.ProjectConfigurationManager - Update started
2026-08-01 16:48:33,009 [Worker-12: Updating Maven Project] INFO  o.e.m.c.i.l.LifecycleMappingFactory - Using org.eclipse.m2e.jdt.JarLifecycleMapping lifecycle mapping for MavenProject: com.backend:user_backend:0.0.1-SNAPSHOT @ D:\ProjectData\Child_Adoption_System\user_backend\spring_boot_backend_template\pom.xml.
2026-08-01 16:48:35,027 [Worker-12: Updating Maven Project] INFO  o.e.m.j.i.AbstractJavaProjectConfigurator - Adding source folder /spring_boot_backend_template/src/main/java
2026-08-01 16:48:35,030 [Worker-12: Updating Maven Project] INFO  o.e.m.j.i.AbstractJavaProjectConfigurator - Adding resource folder /spring_boot_backend_template/src/main/resources
2026-08-01 16:48:35,031 [Worker-12: Updating Maven Project] INFO  o.e.m.j.i.AbstractJavaProjectConfigurator - Adding resource folder /spring_boot_backend_template/src/main/resources
2026-08-01 16:48:35,033 [Worker-12: Updating Maven Project] INFO  o.e.m.j.i.AbstractJavaProjectConfigurator - Adding source folder /spring_boot_backend_template/src/test/java
2026-08-01 16:48:35,035 [Worker-12: Updating Maven Project] INFO  o.e.m.j.i.AbstractJavaProjectConfigurator - Adding resource folder /spring_boot_backend_template/src/test/resources
2026-08-01 16:48:35,448 [Worker-12: Updating Maven Project] WARN  o.apache.maven.project.MavenProject - Direct modification of compileSourceRoots through clear() is deprecated and will not work in Maven 4.0.0. Please use the add/remove methods instead. If you're using a plugin that causes this warning, please upgrade to the latest version and report an issue if the warning persists. To disable these warnings, set -Dmaven.project.sourceRoots.warningsDisabled=true on the command line, in the .mvn/maven.config file, or in project POM properties.
2026-08-01 16:48:35,452 [Worker-12: Updating Maven Project] WARN  o.apache.maven.project.MavenProject - Direct modification of compileSourceRoots through add() is deprecated and will not work in Maven 4.0.0. Please use the add/remove methods instead. If you're using a plugin that causes this warning, please upgrade to the latest version and report an issue if the warning persists. To disable these warnings, set -Dmaven.project.sourceRoots.warningsDisabled=true on the command line, in the .mvn/maven.config file, or in project POM properties.
2026-08-01 16:48:35,453 [Worker-12: Updating Maven Project] WARN  o.apache.maven.project.MavenProject - Direct modification of testCompileSourceRoots through clear() is deprecated and will not work in Maven 4.0.0. Please use the add/remove methods instead. If you're using a plugin that causes this warning, please upgrade to the latest version and report an issue if the warning persists. To disable these warnings, set -Dmaven.project.sourceRoots.warningsDisabled=true on the command line, in the .mvn/maven.config file, or in project POM properties.
2026-08-01 16:48:35,454 [Worker-12: Updating Maven Project] WARN  o.apache.maven.project.MavenProject - Direct modification of testCompileSourceRoots through add() is deprecated and will not work in Maven 4.0.0. Please use the add/remove methods instead. If you're using a plugin that causes this warning, please upgrade to the latest version and report an issue if the warning persists. To disable these warnings, set -Dmaven.project.sourceRoots.warningsDisabled=true on the command line, in the .mvn/maven.config file, or in project POM properties.
2026-08-01 16:48:35,638 [Worker-12: Updating Maven Project] INFO  o.e.m.c.i.p.ProjectConfigurationManager - Update completed for 1 poms: local refresh takes 0.00 sec, refresh facades takes 3.00 sec, update config takes 0.00 sec 
2026-08-01 16:48:40,427 [Worker-15: Building] INFO  o.a.m.s.f.DefaultMavenResourcesFiltering - Copying 1 resource from src\main\resources to target\classes
2026-08-01 16:48:40,481 [Worker-15: Building] INFO  o.a.m.s.f.DefaultMavenResourcesFiltering - Copying 0 resource from src\main\resources to target\classes
2026-08-01 16:48:40,496 [Worker-15: Building] INFO  o.a.m.s.f.DefaultMavenResourcesFiltering - skip non existing resourceDirectory D:\ProjectData\Child_Adoption_System\user_backend\spring_boot_backend_template\src\test\resources
2026-08-01 16:48:40,589 [Worker-15: Building] WARN  o.apache.maven.project.MavenProject - Direct modification of compileSourceRoots through clear() is deprecated and will not work in Maven 4.0.0. Please use the add/remove methods instead. If you're using a plugin that causes this warning, please upgrade to the latest version and report an issue if the warning persists. To disable these warnings, set -Dmaven.project.sourceRoots.warningsDisabled=true on the command line, in the .mvn/maven.config file, or in project POM properties.
2026-08-01 16:48:40,591 [Worker-15: Building] WARN  o.apache.maven.project.MavenProject - Direct modification of compileSourceRoots through add() is deprecated and will not work in Maven 4.0.0. Please use the add/remove methods instead. If you're using a plugin that causes this warning, please upgrade to the latest version and report an issue if the warning persists. To disable these warnings, set -Dmaven.project.sourceRoots.warningsDisabled=true on the command line, in the .mvn/maven.config file, or in project POM properties.
2026-08-01 16:48:40,593 [Worker-15: Building] WARN  o.apache.maven.project.MavenProject - Direct modification of testCompileSourceRoots through clear() is deprecated and will not work in Maven 4.0.0. Please use the add/remove methods instead. If you're using a plugin that causes this warning, please upgrade to the latest version and report an issue if the warning persists. To disable these warnings, set -Dmaven.project.sourceRoots.warningsDisabled=true on the command line, in the .mvn/maven.config file, or in project POM properties.
2026-08-01 16:48:40,594 [Worker-15: Building] WARN  o.apache.maven.project.MavenProject - Direct modification of testCompileSourceRoots through add() is deprecated and will not work in Maven 4.0.0. Please use the add/remove methods instead. If you're using a plugin that causes this warning, please upgrade to the latest version and report an issue if the warning persists. To disable these warnings, set -Dmaven.project.sourceRoots.warningsDisabled=true on the command line, in the .mvn/maven.config file, or in project POM properties.
2026-08-01 17:12:44,945 [Worker-11: Building] INFO  o.a.m.s.f.DefaultMavenResourcesFiltering - Copying 0 resource from src\main\resources to target\classes
2026-08-01 17:12:45,031 [Worker-11: Building] INFO  o.a.m.s.f.DefaultMavenResourcesFiltering - Copying 0 resource from src\main\resources to target\classes
2026-08-01 17:12:45,078 [Worker-11: Building] INFO  o.a.m.s.f.DefaultMavenResourcesFiltering - skip non existing resourceDirectory D:\ProjectData\Child_Adoption_System\user_backend\spring_boot_backend_template\src\test\resources
2026-08-01 17:12:45,088 [Worker-11: Building] WARN  o.apache.maven.project.MavenProject - Direct modification of compileSourceRoots through clear() is deprecated and will not work in Maven 4.0.0. Please use the add/remove methods instead. If you're using a plugin that causes this warning, please upgrade to the latest version and report an issue if the warning persists. To disable these warnings, set -Dmaven.project.sourceRoots.warningsDisabled=true on the command line, in the .mvn/maven.config file, or in project POM properties.
2026-08-01 17:12:45,206 [Worker-11: Building] WARN  o.apache.maven.project.MavenProject - Direct modification of compileSourceRoots through add() is deprecated and will not work in Maven 4.0.0. Please use the add/remove methods instead. If you're using a plugin that causes this warning, please upgrade to the latest version and report an issue if the warning persists. To disable these warnings, set -Dmaven.project.sourceRoots.warningsDisabled=true on the command line, in the .mvn/maven.config file, or in project POM properties.
2026-08-01 17:12:45,218 [Worker-11: Building] WARN  o.apache.maven.project.MavenProject - Direct modification of testCompileSourceRoots through clear() is deprecated and will not work in Maven 4.0.0. Please use the add/remove methods instead. If you're using a plugin that causes this warning, please upgrade to the latest version and report an issue if the warning persists. To disable these warnings, set -Dmaven.project.sourceRoots.warningsDisabled=true on the command line, in the .mvn/maven.config file, or in project POM properties.
2026-08-01 17:12:45,234 [Worker-11: Building] WARN  o.apache.maven.project.MavenProject - Direct modification of testCompileSourceRoots through add() is deprecated and will not work in Maven 4.0.0. Please use the add/remove methods instead. If you're using a plugin that causes this warning, please upgrade to the latest version and report an issue if the warning persists. To disable these warnings, set -Dmaven.project.sourceRoots.warningsDisabled=true on the command line, in the .mvn/maven.config file, or in project POM properties.
2026-08-01 17:16:20,581 [Worker-5: Loading available Gradle versions] INFO  o.e.b.c.i.u.g.PublishedGradleVersions - Gradle version information cache is up-to-date. Trying to read.
2026-08-01 17:23:23,816 [Worker-16: Building] INFO  o.a.m.s.f.DefaultMavenResourcesFiltering - Copying 1 resource from src\main\resources to target\classes
2026-08-01 17:23:24,349 [Worker-16: Building] INFO  o.a.m.s.f.DefaultMavenResourcesFiltering - Copying 0 resource from src\main\resources to target\classes
2026-08-01 17:23:24,368 [Worker-16: Building] INFO  o.a.m.s.f.DefaultMavenResourcesFiltering - skip non existing resourceDirectory D:\ProjectData\Child_Adoption_System\user_backend\spring_boot_backend_template\src\test\resources
2026-08-01 17:23:25,808 [Worker-16: Building] WARN  o.apache.maven.project.MavenProject - Direct modification of compileSourceRoots through clear() is deprecated and will not work in Maven 4.0.0. Please use the add/remove methods instead. If you're using a plugin that causes this warning, please upgrade to the latest version and report an issue if the warning persists. To disable these warnings, set -Dmaven.project.sourceRoots.warningsDisabled=true on the command line, in the .mvn/maven.config file, or in project POM properties.
2026-08-01 17:23:25,821 [Worker-16: Building] WARN  o.apache.maven.project.MavenProject - Direct modification of compileSourceRoots through add() is deprecated and will not work in Maven 4.0.0. Please use the add/remove methods instead. If you're using a plugin that causes this warning, please upgrade to the latest version and report an issue if the warning persists. To disable these warnings, set -Dmaven.project.sourceRoots.warningsDisabled=true on the command line, in the .mvn/maven.config file, or in project POM properties.
2026-08-01 17:23:25,823 [Worker-16: Building] WARN  o.apache.maven.project.MavenProject - Direct modification of testCompileSourceRoots through clear() is deprecated and will not work in Maven 4.0.0. Please use the add/remove methods instead. If you're using a plugin that causes this warning, please upgrade to the latest version and report an issue if the warning persists. To disable these warnings, set -Dmaven.project.sourceRoots.warningsDisabled=true on the command line, in the .mvn/maven.config file, or in project POM properties.
2026-08-01 17:23:25,826 [Worker-16: Building] WARN  o.apache.maven.project.MavenProject - Direct modification of testCompileSourceRoots through add() is deprecated and will not work in Maven 4.0.0. Please use the add/remove methods instead. If you're using a plugin that causes this warning, please upgrade to the latest version and report an issue if the warning persists. To disable these warnings, set -Dmaven.project.sourceRoots.warningsDisabled=true on the command line, in the .mvn/maven.config file, or in project POM properties.
2026-08-01 17:23:30,267 [Worker-6: Updating Maven Project] INFO  o.e.m.c.i.p.ProjectConfigurationManager - Update started
2026-08-01 17:23:34,762 [Worker-6: Updating Maven Project] INFO  o.e.m.c.i.l.LifecycleMappingFactory - Using org.eclipse.m2e.jdt.JarLifecycleMapping lifecycle mapping for MavenProject: com.backend:user_backend:0.0.1-SNAPSHOT @ D:\ProjectData\Child_Adoption_System\user_backend\spring_boot_backend_template\pom.xml.
2026-08-01 17:23:44,947 [Worker-6: Updating Maven Project] INFO  o.e.m.j.i.AbstractJavaProjectConfigurator - Adding source folder /spring_boot_backend_template/src/main/java
2026-08-01 17:23:44,980 [Worker-6: Updating Maven Project] INFO  o.e.m.j.i.AbstractJavaProjectConfigurator - Adding resource folder /spring_boot_backend_template/src/main/resources
2026-08-01 17:23:44,984 [Worker-6: Updating Maven Project] INFO  o.e.m.j.i.AbstractJavaProjectConfigurator - Adding resource folder /spring_boot_backend_template/src/main/resources
2026-08-01 17:23:44,997 [Worker-6: Updating Maven Project] INFO  o.e.m.j.i.AbstractJavaProjectConfigurator - Adding source folder /spring_boot_backend_template/src/test/java
2026-08-01 17:23:45,009 [Worker-6: Updating Maven Project] INFO  o.e.m.j.i.AbstractJavaProjectConfigurator - Adding resource folder /spring_boot_backend_template/src/test/resources
2026-08-01 17:23:47,903 [Worker-6: Updating Maven Project] WARN  o.apache.maven.project.MavenProject - Direct modification of compileSourceRoots through clear() is deprecated and will not work in Maven 4.0.0. Please use the add/remove methods instead. If you're using a plugin that causes this warning, please upgrade to the latest version and report an issue if the warning persists. To disable these warnings, set -Dmaven.project.sourceRoots.warningsDisabled=true on the command line, in the .mvn/maven.config file, or in project POM properties.
2026-08-01 17:23:47,944 [Worker-6: Updating Maven Project] WARN  o.apache.maven.project.MavenProject - Direct modification of compileSourceRoots through add() is deprecated and will not work in Maven 4.0.0. Please use the add/remove methods instead. If you're using a plugin that causes this warning, please upgrade to the latest version and report an issue if the warning persists. To disable these warnings, set -Dmaven.project.sourceRoots.warningsDisabled=true on the command line, in the .mvn/maven.config file, or in project POM properties.
2026-08-01 17:23:47,951 [Worker-6: Updating Maven Project] WARN  o.apache.maven.project.MavenProject - Direct modification of testCompileSourceRoots through clear() is deprecated and will not work in Maven 4.0.0. Please use the add/remove methods instead. If you're using a plugin that causes this warning, please upgrade to the latest version and report an issue if the warning persists. To disable these warnings, set -Dmaven.project.sourceRoots.warningsDisabled=true on the command line, in the .mvn/maven.config file, or in project POM properties.
2026-08-01 17:23:47,954 [Worker-6: Updating Maven Project] WARN  o.apache.maven.project.MavenProject - Direct modification of testCompileSourceRoots through add() is deprecated and will not work in Maven 4.0.0. Please use the add/remove methods instead. If you're using a plugin that causes this warning, please upgrade to the latest version and report an issue if the warning persists. To disable these warnings, set -Dmaven.project.sourceRoots.warningsDisabled=true on the command line, in the .mvn/maven.config file, or in project POM properties.
2026-08-01 17:23:49,067 [Worker-6: Updating Maven Project] INFO  o.e.m.c.i.p.ProjectConfigurationManager - Update completed for 1 poms: local refresh takes 0.00 sec, refresh facades takes 13.00 sec, update config takes 3.00 sec 
2026-08-01 17:24:08,106 [Worker-45: Building] INFO  o.a.m.s.f.DefaultMavenResourcesFiltering - Copying 1 resource from src\main\resources to target\classes
2026-08-01 17:24:08,338 [Worker-45: Building] INFO  o.a.m.s.f.DefaultMavenResourcesFiltering - Copying 0 resource from src\main\resources to target\classes
2026-08-01 17:24:08,378 [Worker-45: Building] INFO  o.a.m.s.f.DefaultMavenResourcesFiltering - skip non existing resourceDirectory D:\ProjectData\Child_Adoption_System\user_backend\spring_boot_backend_template\src\test\resources
2026-08-01 17:24:08,555 [Worker-45: Building] WARN  o.apache.maven.project.MavenProject - Direct modification of compileSourceRoots through clear() is deprecated and will not work in Maven 4.0.0. Please use the add/remove methods instead. If you're using a plugin that causes this warning, please upgrade to the latest version and report an issue if the warning persists. To disable these warnings, set -Dmaven.project.sourceRoots.warningsDisabled=true on the command line, in the .mvn/maven.config file, or in project POM properties.
2026-08-01 17:24:08,564 [Worker-45: Building] WARN  o.apache.maven.project.MavenProject - Direct modification of compileSourceRoots through add() is deprecated and will not work in Maven 4.0.0. Please use the add/remove methods instead. If you're using a plugin that causes this warning, please upgrade to the latest version and report an issue if the warning persists. To disable these warnings, set -Dmaven.project.sourceRoots.warningsDisabled=true on the command line, in the .mvn/maven.config file, or in project POM properties.
2026-08-01 17:24:08,567 [Worker-45: Building] WARN  o.apache.maven.project.MavenProject - Direct modification of testCompileSourceRoots through clear() is deprecated and will not work in Maven 4.0.0. Please use the add/remove methods instead. If you're using a plugin that causes this warning, please upgrade to the latest version and report an issue if the warning persists. To disable these warnings, set -Dmaven.project.sourceRoots.warningsDisabled=true on the command line, in the .mvn/maven.config file, or in project POM properties.
2026-08-01 17:24:08,568 [Worker-45: Building] WARN  o.apache.maven.project.MavenProject - Direct modification of testCompileSourceRoots through add() is deprecated and will not work in Maven 4.0.0. Please use the add/remove methods instead. If you're using a plugin that causes this warning, please upgrade to the latest version and report an issue if the warning persists. To disable these warnings, set -Dmaven.project.sourceRoots.warningsDisabled=true on the command line, in the .mvn/maven.config file, or in project POM properties.
2026-08-01 17:25:34,661 [Worker-3: Loading available Gradle versions] INFO  o.e.b.c.i.u.g.PublishedGradleVersions - Gradle version information cache is up-to-date. Trying to read.
2026-08-01 17:26:00,740 [Worker-3: Building] INFO  o.a.m.s.f.DefaultMavenResourcesFiltering - Copying 1 resource from src\main\resources to target\classes
2026-08-01 17:26:00,837 [Worker-3: Building] INFO  o.a.m.s.f.DefaultMavenResourcesFiltering - Copying 0 resource from src\main\resources to target\classes
2026-08-01 17:26:00,871 [Worker-3: Building] INFO  o.a.m.s.f.DefaultMavenResourcesFiltering - skip non existing resourceDirectory D:\ProjectData\Child_Adoption_System\user_backend\spring_boot_backend_template\src\test\resources
2026-08-01 17:26:03,042 [Worker-3: Building] WARN  o.apache.maven.project.MavenProject - Direct modification of compileSourceRoots through clear() is deprecated and will not work in Maven 4.0.0. Please use the add/remove methods instead. If you're using a plugin that causes this warning, please upgrade to the latest version and report an issue if the warning persists. To disable these warnings, set -Dmaven.project.sourceRoots.warningsDisabled=true on the command line, in the .mvn/maven.config file, or in project POM properties.
2026-08-01 17:26:03,061 [Worker-3: Building] WARN  o.apache.maven.project.MavenProject - Direct modification of compileSourceRoots through add() is deprecated and will not work in Maven 4.0.0. Please use the add/remove methods instead. If you're using a plugin that causes this warning, please upgrade to the latest version and report an issue if the warning persists. To disable these warnings, set -Dmaven.project.sourceRoots.warningsDisabled=true on the command line, in the .mvn/maven.config file, or in project POM properties.
2026-08-01 17:26:03,064 [Worker-3: Building] WARN  o.apache.maven.project.MavenProject - Direct modification of testCompileSourceRoots through clear() is deprecated and will not work in Maven 4.0.0. Please use the add/remove methods instead. If you're using a plugin that causes this warning, please upgrade to the latest version and report an issue if the warning persists. To disable these warnings, set -Dmaven.project.sourceRoots.warningsDisabled=true on the command line, in the .mvn/maven.config file, or in project POM properties.
2026-08-01 17:26:03,067 [Worker-3: Building] WARN  o.apache.maven.project.MavenProject - Direct modification of testCompileSourceRoots through add() is deprecated and will not work in Maven 4.0.0. Please use the add/remove methods instead. If you're using a plugin that causes this warning, please upgrade to the latest version and report an issue if the warning persists. To disable these warnings, set -Dmaven.project.sourceRoots.warningsDisabled=true on the command line, in the .mvn/maven.config file, or in project POM properties.
2026-08-01 17:26:22,358 [Worker-19: Building] INFO  o.a.m.s.f.DefaultMavenResourcesFiltering - Copying 1 resource from src\main\resources to target\classes
2026-08-01 17:26:22,518 [Worker-19: Building] INFO  o.a.m.s.f.DefaultMavenResourcesFiltering - Copying 0 resource from src\main\resources to target\classes
2026-08-01 17:26:22,547 [Worker-19: Building] INFO  o.a.m.s.f.DefaultMavenResourcesFiltering - skip non existing resourceDirectory D:\ProjectData\Child_Adoption_System\user_backend\spring_boot_backend_template\src\test\resources
2026-08-01 17:26:22,839 [Worker-19: Building] WARN  o.apache.maven.project.MavenProject - Direct modification of compileSourceRoots through clear() is deprecated and will not work in Maven 4.0.0. Please use the add/remove methods instead. If you're using a plugin that causes this warning, please upgrade to the latest version and report an issue if the warning persists. To disable these warnings, set -Dmaven.project.sourceRoots.warningsDisabled=true on the command line, in the .mvn/maven.config file, or in project POM properties.
2026-08-01 17:26:22,853 [Worker-19: Building] WARN  o.apache.maven.project.MavenProject - Direct modification of compileSourceRoots through add() is deprecated and will not work in Maven 4.0.0. Please use the add/remove methods instead. If you're using a plugin that causes this warning, please upgrade to the latest version and report an issue if the warning persists. To disable these warnings, set -Dmaven.project.sourceRoots.warningsDisabled=true on the command line, in the .mvn/maven.config file, or in project POM properties.
2026-08-01 17:26:22,856 [Worker-19: Building] WARN  o.apache.maven.project.MavenProject - Direct modification of testCompileSourceRoots through clear() is deprecated and will not work in Maven 4.0.0. Please use the add/remove methods instead. If you're using a plugin that causes this warning, please upgrade to the latest version and report an issue if the warning persists. To disable these warnings, set -Dmaven.project.sourceRoots.warningsDisabled=true on the command line, in the .mvn/maven.config file, or in project POM properties.
2026-08-01 17:26:22,858 [Worker-19: Building] WARN  o.apache.maven.project.MavenProject - Direct modification of testCompileSourceRoots through add() is deprecated and will not work in Maven 4.0.0. Please use the add/remove methods instead. If you're using a plugin that causes this warning, please upgrade to the latest version and report an issue if the warning persists. To disable these warnings, set -Dmaven.project.sourceRoots.warningsDisabled=true on the command line, in the .mvn/maven.config file, or in project POM properties.
2026-08-02 17:52:49,046 [Worker-7: Loading available Gradle versions] INFO  o.e.b.c.i.u.g.PublishedGradleVersions - Gradle version information cache is up-to-date. Trying to read.
2026-08-02 17:53:16,570 [Worker-2: Building] INFO  o.a.m.s.f.DefaultMavenResourcesFiltering - Copying 1 resource from src\main\resources to target\classes
2026-08-02 17:53:16,641 [Worker-2: Building] INFO  o.a.m.s.f.DefaultMavenResourcesFiltering - Copying 0 resource from src\main\resources to target\classes
2026-08-02 17:53:16,655 [Worker-2: Building] INFO  o.a.m.s.f.DefaultMavenResourcesFiltering - skip non existing resourceDirectory D:\ProjectData\Child_Adoption_System\user_backend\spring_boot_backend_template\src\test\resources
2026-08-02 17:53:18,655 [Worker-2: Building] WARN  o.apache.maven.project.MavenProject - Direct modification of compileSourceRoots through clear() is deprecated and will not work in Maven 4.0.0. Please use the add/remove methods instead. If you're using a plugin that causes this warning, please upgrade to the latest version and report an issue if the warning persists. To disable these warnings, set -Dmaven.project.sourceRoots.warningsDisabled=true on the command line, in the .mvn/maven.config file, or in project POM properties.
2026-08-02 17:53:18,664 [Worker-2: Building] WARN  o.apache.maven.project.MavenProject - Direct modification of compileSourceRoots through add() is deprecated and will not work in Maven 4.0.0. Please use the add/remove methods instead. If you're using a plugin that causes this warning, please upgrade to the latest version and report an issue if the warning persists. To disable these warnings, set -Dmaven.project.sourceRoots.warningsDisabled=true on the command line, in the .mvn/maven.config file, or in project POM properties.
2026-08-02 17:53:18,665 [Worker-2: Building] WARN  o.apache.maven.project.MavenProject - Direct modification of testCompileSourceRoots through clear() is deprecated and will not work in Maven 4.0.0. Please use the add/remove methods instead. If you're using a plugin that causes this warning, please upgrade to the latest version and report an issue if the warning persists. To disable these warnings, set -Dmaven.project.sourceRoots.warningsDisabled=true on the command line, in the .mvn/maven.config file, or in project POM properties.
2026-08-02 17:53:18,666 [Worker-2: Building] WARN  o.apache.maven.project.MavenProject - Direct modification of testCompileSourceRoots through add() is deprecated and will not work in Maven 4.0.0. Please use the add/remove methods instead. If you're using a plugin that causes this warning, please upgrade to the latest version and report an issue if the warning persists. To disable these warnings, set -Dmaven.project.sourceRoots.warningsDisabled=true on the command line, in the .mvn/maven.config file, or in project POM properties.
2026-08-02 17:53:31,478 [Worker-2: Building] INFO  o.a.m.s.f.DefaultMavenResourcesFiltering - Copying 1 resource from src\main\resources to target\classes
2026-08-02 17:53:31,589 [Worker-2: Building] INFO  o.a.m.s.f.DefaultMavenResourcesFiltering - Copying 0 resource from src\main\resources to target\classes
2026-08-02 17:53:31,595 [Worker-2: Building] INFO  o.a.m.s.f.DefaultMavenResourcesFiltering - skip non existing resourceDirectory D:\ProjectData\Child_Adoption_System\user_backend\spring_boot_backend_template\src\test\resources
2026-08-02 17:53:31,601 [Worker-2: Building] WARN  o.apache.maven.project.MavenProject - Direct modification of compileSourceRoots through clear() is deprecated and will not work in Maven 4.0.0. Please use the add/remove methods instead. If you're using a plugin that causes this warning, please upgrade to the latest version and report an issue if the warning persists. To disable these warnings, set -Dmaven.project.sourceRoots.warningsDisabled=true on the command line, in the .mvn/maven.config file, or in project POM properties.
2026-08-02 17:53:31,618 [Worker-2: Building] WARN  o.apache.maven.project.MavenProject - Direct modification of compileSourceRoots through add() is deprecated and will not work in Maven 4.0.0. Please use the add/remove methods instead. If you're using a plugin that causes this warning, please upgrade to the latest version and report an issue if the warning persists. To disable these warnings, set -Dmaven.project.sourceRoots.warningsDisabled=true on the command line, in the .mvn/maven.config file, or in project POM properties.
2026-08-02 17:53:31,620 [Worker-2: Building] WARN  o.apache.maven.project.MavenProject - Direct modification of testCompileSourceRoots through clear() is deprecated and will not work in Maven 4.0.0. Please use the add/remove methods instead. If you're using a plugin that causes this warning, please upgrade to the latest version and report an issue if the warning persists. To disable these warnings, set -Dmaven.project.sourceRoots.warningsDisabled=true on the command line, in the .mvn/maven.config file, or in project POM properties.
2026-08-02 17:53:31,621 [Worker-2: Building] WARN  o.apache.maven.project.MavenProject - Direct modification of testCompileSourceRoots through add() is deprecated and will not work in Maven 4.0.0. Please use the add/remove methods instead. If you're using a plugin that causes this warning, please upgrade to the latest version and report an issue if the warning persists. To disable these warnings, set -Dmaven.project.sourceRoots.warningsDisabled=true on the command line, in the .mvn/maven.config file, or in project POM properties.
2026-08-02 18:24:29,754 [Worker-4: Loading available Gradle versions] INFO  o.e.b.c.i.u.g.PublishedGradleVersions - Gradle version information cache is up-to-date. Trying to read.
2026-08-02 18:24:43,582 [Worker-2: Building] INFO  o.a.m.s.f.DefaultMavenResourcesFiltering - Copying 1 resource from src\main\resources to target\classes
2026-08-02 18:24:43,606 [Worker-2: Building] INFO  o.a.m.s.f.DefaultMavenResourcesFiltering - Copying 0 resource from src\main\resources to target\classes
2026-08-02 18:24:43,614 [Worker-2: Building] INFO  o.a.m.s.f.DefaultMavenResourcesFiltering - skip non existing resourceDirectory D:\ProjectData\Child_Adoption_System\user_backend\spring_boot_backend_template\src\test\resources
2026-08-02 18:24:44,032 [Worker-2: Building] WARN  o.apache.maven.project.MavenProject - Direct modification of compileSourceRoots through clear() is deprecated and will not work in Maven 4.0.0. Please use the add/remove methods instead. If you're using a plugin that causes this warning, please upgrade to the latest version and report an issue if the warning persists. To disable these warnings, set -Dmaven.project.sourceRoots.warningsDisabled=true on the command line, in the .mvn/maven.config file, or in project POM properties.
2026-08-02 18:24:44,035 [Worker-2: Building] WARN  o.apache.maven.project.MavenProject - Direct modification of compileSourceRoots through add() is deprecated and will not work in Maven 4.0.0. Please use the add/remove methods instead. If you're using a plugin that causes this warning, please upgrade to the latest version and report an issue if the warning persists. To disable these warnings, set -Dmaven.project.sourceRoots.warningsDisabled=true on the command line, in the .mvn/maven.config file, or in project POM properties.
2026-08-02 18:24:44,036 [Worker-2: Building] WARN  o.apache.maven.project.MavenProject - Direct modification of testCompileSourceRoots through clear() is deprecated and will not work in Maven 4.0.0. Please use the add/remove methods instead. If you're using a plugin that causes this warning, please upgrade to the latest version and report an issue if the warning persists. To disable these warnings, set -Dmaven.project.sourceRoots.warningsDisabled=true on the command line, in the .mvn/maven.config file, or in project POM properties.
2026-08-02 18:24:44,037 [Worker-2: Building] WARN  o.apache.maven.project.MavenProject - Direct modification of testCompileSourceRoots through add() is deprecated and will not work in Maven 4.0.0. Please use the add/remove methods instead. If you're using a plugin that causes this warning, please upgrade to the latest version and report an issue if the warning persists. To disable these warnings, set -Dmaven.project.sourceRoots.warningsDisabled=true on the command line, in the .mvn/maven.config file, or in project POM properties.
2026-08-02 18:24:59,499 [Worker-3: Updating Maven Project] INFO  o.e.m.c.i.p.ProjectConfigurationManager - Update started
2026-08-02 18:25:02,000 [Worker-3: Updating Maven Project] INFO  o.e.m.c.i.l.LifecycleMappingFactory - Using org.eclipse.m2e.jdt.JarLifecycleMapping lifecycle mapping for MavenProject: com.backend:user_backend:0.0.1-SNAPSHOT @ D:\ProjectData\Child_Adoption_System\user_backend\spring_boot_backend_template\pom.xml.
2026-08-02 18:25:03,141 [Worker-3: Updating Maven Project] INFO  o.e.m.j.i.AbstractJavaProjectConfigurator - Adding source folder /spring_boot_backend_template/src/main/java
2026-08-02 18:25:03,143 [Worker-3: Updating Maven Project] INFO  o.e.m.j.i.AbstractJavaProjectConfigurator - Adding resource folder /spring_boot_backend_template/src/main/resources
2026-08-02 18:25:03,144 [Worker-3: Updating Maven Project] INFO  o.e.m.j.i.AbstractJavaProjectConfigurator - Adding resource folder /spring_boot_backend_template/src/main/resources
2026-08-02 18:25:03,145 [Worker-3: Updating Maven Project] INFO  o.e.m.j.i.AbstractJavaProjectConfigurator - Adding source folder /spring_boot_backend_template/src/test/java
2026-08-02 18:25:03,146 [Worker-3: Updating Maven Project] INFO  o.e.m.j.i.AbstractJavaProjectConfigurator - Adding resource folder /spring_boot_backend_template/src/test/resources
2026-08-02 18:25:03,436 [Worker-3: Updating Maven Project] WARN  o.apache.maven.project.MavenProject - Direct modification of compileSourceRoots through clear() is deprecated and will not work in Maven 4.0.0. Please use the add/remove methods instead. If you're using a plugin that causes this warning, please upgrade to the latest version and report an issue if the warning persists. To disable these warnings, set -Dmaven.project.sourceRoots.warningsDisabled=true on the command line, in the .mvn/maven.config file, or in project POM properties.
2026-08-02 18:25:03,438 [Worker-3: Updating Maven Project] WARN  o.apache.maven.project.MavenProject - Direct modification of compileSourceRoots through add() is deprecated and will not work in Maven 4.0.0. Please use the add/remove methods instead. If you're using a plugin that causes this warning, please upgrade to the latest version and report an issue if the warning persists. To disable these warnings, set -Dmaven.project.sourceRoots.warningsDisabled=true on the command line, in the .mvn/maven.config file, or in project POM properties.
2026-08-02 18:25:03,439 [Worker-3: Updating Maven Project] WARN  o.apache.maven.project.MavenProject - Direct modification of testCompileSourceRoots through clear() is deprecated and will not work in Maven 4.0.0. Please use the add/remove methods instead. If you're using a plugin that causes this warning, please upgrade to the latest version and report an issue if the warning persists. To disable these warnings, set -Dmaven.project.sourceRoots.warningsDisabled=true on the command line, in the .mvn/maven.config file, or in project POM properties.
2026-08-02 18:25:03,440 [Worker-3: Updating Maven Project] WARN  o.apache.maven.project.MavenProject - Direct modification of testCompileSourceRoots through add() is deprecated and will not work in Maven 4.0.0. Please use the add/remove methods instead. If you're using a plugin that causes this warning, please upgrade to the latest version and report an issue if the warning persists. To disable these warnings, set -Dmaven.project.sourceRoots.warningsDisabled=true on the command line, in the .mvn/maven.config file, or in project POM properties.
2026-08-02 18:25:03,564 [Worker-3: Updating Maven Project] INFO  o.e.m.c.i.p.ProjectConfigurationManager - Update completed for 1 poms: local refresh takes 0.00 sec, refresh facades takes 3.00 sec, update config takes 0.00 sec 
2026-08-02 18:25:05,109 [Worker-5: Building] INFO  o.a.m.s.f.DefaultMavenResourcesFiltering - Copying 1 resource from src\main\resources to target\classes
2026-08-02 18:25:05,136 [Worker-5: Building] INFO  o.a.m.s.f.DefaultMavenResourcesFiltering - Copying 0 resource from src\main\resources to target\classes
2026-08-02 18:25:05,142 [Worker-5: Building] INFO  o.a.m.s.f.DefaultMavenResourcesFiltering - skip non existing resourceDirectory D:\ProjectData\Child_Adoption_System\user_backend\spring_boot_backend_template\src\test\resources
2026-08-02 18:25:05,167 [Worker-5: Building] WARN  o.apache.maven.project.MavenProject - Direct modification of compileSourceRoots through clear() is deprecated and will not work in Maven 4.0.0. Please use the add/remove methods instead. If you're using a plugin that causes this warning, please upgrade to the latest version and report an issue if the warning persists. To disable these warnings, set -Dmaven.project.sourceRoots.warningsDisabled=true on the command line, in the .mvn/maven.config file, or in project POM properties.
2026-08-02 18:25:05,168 [Worker-5: Building] WARN  o.apache.maven.project.MavenProject - Direct modification of compileSourceRoots through add() is deprecated and will not work in Maven 4.0.0. Please use the add/remove methods instead. If you're using a plugin that causes this warning, please upgrade to the latest version and report an issue if the warning persists. To disable these warnings, set -Dmaven.project.sourceRoots.warningsDisabled=true on the command line, in the .mvn/maven.config file, or in project POM properties.
2026-08-02 18:25:05,168 [Worker-5: Building] WARN  o.apache.maven.project.MavenProject - Direct modification of testCompileSourceRoots through clear() is deprecated and will not work in Maven 4.0.0. Please use the add/remove methods instead. If you're using a plugin that causes this warning, please upgrade to the latest version and report an issue if the warning persists. To disable these warnings, set -Dmaven.project.sourceRoots.warningsDisabled=true on the command line, in the .mvn/maven.config file, or in project POM properties.
2026-08-02 18:25:05,169 [Worker-5: Building] WARN  o.apache.maven.project.MavenProject - Direct modification of testCompileSourceRoots through add() is deprecated and will not work in Maven 4.0.0. Please use the add/remove methods instead. If you're using a plugin that causes this warning, please upgrade to the latest version and report an issue if the warning persists. To disable these warnings, set -Dmaven.project.sourceRoots.warningsDisabled=true on the command line, in the .mvn/maven.config file, or in project POM properties.
2026-08-02 18:55:39,923 [Worker-6: Loading available Gradle versions] INFO  o.e.b.c.i.u.g.PublishedGradleVersions - Gradle version information cache is up-to-date. Trying to read.
2026-08-02 18:56:20,326 [Worker-0: Launching spring_boot_backend_template - Application] INFO  o.a.m.s.f.DefaultMavenResourcesFiltering - Copying 1 resource from src\main\resources to target\classes
2026-08-02 18:56:20,406 [Worker-0: Launching spring_boot_backend_template - Application] INFO  o.a.m.s.f.DefaultMavenResourcesFiltering - Copying 0 resource from src\main\resources to target\classes
2026-08-02 18:56:20,423 [Worker-0: Launching spring_boot_backend_template - Application] INFO  o.a.m.s.f.DefaultMavenResourcesFiltering - skip non existing resourceDirectory D:\ProjectData\Child_Adoption_System\user_backend\spring_boot_backend_template\src\test\resources
2026-08-02 18:56:21,484 [Worker-0: Launching spring_boot_backend_template - Application] WARN  o.apache.maven.project.MavenProject - Direct modification of compileSourceRoots through clear() is deprecated and will not work in Maven 4.0.0. Please use the add/remove methods instead. If you're using a plugin that causes this warning, please upgrade to the latest version and report an issue if the warning persists. To disable these warnings, set -Dmaven.project.sourceRoots.warningsDisabled=true on the command line, in the .mvn/maven.config file, or in project POM properties.
2026-08-02 18:56:21,495 [Worker-0: Launching spring_boot_backend_template - Application] WARN  o.apache.maven.project.MavenProject - Direct modification of compileSourceRoots through add() is deprecated and will not work in Maven 4.0.0. Please use the add/remove methods instead. If you're using a plugin that causes this warning, please upgrade to the latest version and report an issue if the warning persists. To disable these warnings, set -Dmaven.project.sourceRoots.warningsDisabled=true on the command line, in the .mvn/maven.config file, or in project POM properties.
2026-08-02 18:56:21,497 [Worker-0: Launching spring_boot_backend_template - Application] WARN  o.apache.maven.project.MavenProject - Direct modification of testCompileSourceRoots through clear() is deprecated and will not work in Maven 4.0.0. Please use the add/remove methods instead. If you're using a plugin that causes this warning, please upgrade to the latest version and report an issue if the warning persists. To disable these warnings, set -Dmaven.project.sourceRoots.warningsDisabled=true on the command line, in the .mvn/maven.config file, or in project POM properties.
2026-08-02 18:56:21,498 [Worker-0: Launching spring_boot_backend_template - Application] WARN  o.apache.maven.project.MavenProject - Direct modification of testCompileSourceRoots through add() is deprecated and will not work in Maven 4.0.0. Please use the add/remove methods instead. If you're using a plugin that causes this warning, please upgrade to the latest version and report an issue if the warning persists. To disable these warnings, set -Dmaven.project.sourceRoots.warningsDisabled=true on the command line, in the .mvn/maven.config file, or in project POM properties.
2026-08-02 19:00:30,926 [Worker-2: Loading available Gradle versions] INFO  o.e.b.c.i.u.g.PublishedGradleVersions - Gradle version information cache is up-to-date. Trying to read.
2026-08-02 19:02:21,123 [Worker-12: Building] INFO  o.a.m.s.f.DefaultMavenResourcesFiltering - Copying 1 resource from src\main\resources to target\classes
2026-08-02 19:02:21,519 [Worker-12: Building] INFO  o.a.m.s.f.DefaultMavenResourcesFiltering - Copying 0 resource from src\main\resources to target\classes
2026-08-02 19:02:21,540 [Worker-12: Building] INFO  o.a.m.s.f.DefaultMavenResourcesFiltering - skip non existing resourceDirectory D:\ProjectData\Child_Adoption_System\user_backend\spring_boot_backend_template\src\test\resources
2026-08-02 19:02:23,337 [Worker-12: Building] WARN  o.apache.maven.project.MavenProject - Direct modification of compileSourceRoots through clear() is deprecated and will not work in Maven 4.0.0. Please use the add/remove methods instead. If you're using a plugin that causes this warning, please upgrade to the latest version and report an issue if the warning persists. To disable these warnings, set -Dmaven.project.sourceRoots.warningsDisabled=true on the command line, in the .mvn/maven.config file, or in project POM properties.
2026-08-02 19:02:23,353 [Worker-12: Building] WARN  o.apache.maven.project.MavenProject - Direct modification of compileSourceRoots through add() is deprecated and will not work in Maven 4.0.0. Please use the add/remove methods instead. If you're using a plugin that causes this warning, please upgrade to the latest version and report an issue if the warning persists. To disable these warnings, set -Dmaven.project.sourceRoots.warningsDisabled=true on the command line, in the .mvn/maven.config file, or in project POM properties.
2026-08-02 19:02:23,355 [Worker-12: Building] WARN  o.apache.maven.project.MavenProject - Direct modification of testCompileSourceRoots through clear() is deprecated and will not work in Maven 4.0.0. Please use the add/remove methods instead. If you're using a plugin that causes this warning, please upgrade to the latest version and report an issue if the warning persists. To disable these warnings, set -Dmaven.project.sourceRoots.warningsDisabled=true on the command line, in the .mvn/maven.config file, or in project POM properties.
2026-08-02 19:02:23,357 [Worker-12: Building] WARN  o.apache.maven.project.MavenProject - Direct modification of testCompileSourceRoots through add() is deprecated and will not work in Maven 4.0.0. Please use the add/remove methods instead. If you're using a plugin that causes this warning, please upgrade to the latest version and report an issue if the warning persists. To disable these warnings, set -Dmaven.project.sourceRoots.warningsDisabled=true on the command line, in the .mvn/maven.config file, or in project POM properties.
2026-08-02 19:03:50,348 [Worker-6: Loading available Gradle versions] INFO  o.e.b.c.i.u.g.PublishedGradleVersions - Gradle version information cache is up-to-date. Trying to read.
2026-08-02 19:05:00,330 [main] INFO  o.e.m2e.actions.ExecutePomAction - Creating new launch configuration
2026-08-02 19:05:11,527 [Worker-30: Launching spring_boot_backend_template (9)] INFO  o.eclipse.m2e.core.internal.Bundles - getClasspathEntries(Bundle=org.eclipse.m2e.maven.runtime_3.9.1101.20251020-1549 [372])
2026-08-02 19:05:11,557 [Worker-30: Launching spring_boot_backend_template (9)] INFO  o.eclipse.m2e.core.internal.Bundles - 	Entry: C:\Users\prath\Downloads\sts-5.0.1.RELEASE\sts-5.0.1.RELEASE\plugins\org.eclipse.m2e.maven.runtime_3.9.1101.20251020-1549
2026-08-02 19:05:11,559 [Worker-30: Launching spring_boot_backend_template (9)] INFO  o.eclipse.m2e.core.internal.Bundles - 	Entry: C:\Users\prath\Downloads\sts-5.0.1.RELEASE\sts-5.0.1.RELEASE\plugins\org.eclipse.m2e.maven.runtime_3.9.1101.20251020-1549\jars\aopalliance-1.0.jar
2026-08-02 19:05:11,560 [Worker-30: Launching spring_boot_backend_template (9)] INFO  o.eclipse.m2e.core.internal.Bundles - 	Entry: C:\Users\prath\Downloads\sts-5.0.1.RELEASE\sts-5.0.1.RELEASE\plugins\org.eclipse.m2e.maven.runtime_3.9.1101.20251020-1549\jars\asm-9.8.jar
2026-08-02 19:05:11,560 [Worker-30: Launching spring_boot_backend_template (9)] INFO  o.eclipse.m2e.core.internal.Bundles - 	Entry: C:\Users\prath\Downloads\sts-5.0.1.RELEASE\sts-5.0.1.RELEASE\plugins\org.eclipse.m2e.maven.runtime_3.9.1101.20251020-1549\jars\error_prone_annotations-2.38.0.jar
2026-08-02 19:05:11,561 [Worker-30: Launching spring_boot_backend_template (9)] INFO  o.eclipse.m2e.core.internal.Bundles - 	Entry: C:\Users\prath\Downloads\sts-5.0.1.RELEASE\sts-5.0.1.RELEASE\plugins\org.eclipse.m2e.maven.runtime_3.9.1101.20251020-1549\jars\gson-2.13.1.jar
2026-08-02 19:05:11,561 [Worker-30: Launching spring_boot_backend_template (9)] INFO  o.eclipse.m2e.core.internal.Bundles - 	Entry: C:\Users\prath\Downloads\sts-5.0.1.RELEASE\sts-5.0.1.RELEASE\plugins\org.eclipse.m2e.maven.runtime_3.9.1101.20251020-1549\jars\guice-5.1.0-classes.jar
2026-08-02 19:05:11,562 [Worker-30: Launching spring_boot_backend_template (9)] INFO  o.eclipse.m2e.core.internal.Bundles - 	Entry: C:\Users\prath\Downloads\sts-5.0.1.RELEASE\sts-5.0.1.RELEASE\plugins\org.eclipse.m2e.maven.runtime_3.9.1101.20251020-1549\jars\httpclient-4.5.14.jar
2026-08-02 19:05:11,563 [Worker-30: Launching spring_boot_backend_template (9)] INFO  o.eclipse.m2e.core.internal.Bundles - 	Entry: C:\Users\prath\Downloads\sts-5.0.1.RELEASE\sts-5.0.1.RELEASE\plugins\org.eclipse.m2e.maven.runtime_3.9.1101.20251020-1549\jars\httpcore-4.4.16.jar
2026-08-02 19:05:11,565 [Worker-30: Launching spring_boot_backend_template (9)] INFO  o.eclipse.m2e.core.internal.Bundles - 	Entry: C:\Users\prath\Downloads\sts-5.0.1.RELEASE\sts-5.0.1.RELEASE\plugins\org.eclipse.m2e.maven.runtime_3.9.1101.20251020-1549\jars\jansi-2.4.2.jar
2026-08-02 19:05:11,565 [Worker-30: Launching spring_boot_backend_template (9)] INFO  o.eclipse.m2e.core.internal.Bundles - 	Entry: C:\Users\prath\Downloads\sts-5.0.1.RELEASE\sts-5.0.1.RELEASE\plugins\org.eclipse.m2e.maven.runtime_3.9.1101.20251020-1549\jars\jcl-over-slf4j-1.7.36.jar
2026-08-02 19:05:11,566 [Worker-30: Launching spring_boot_backend_template (9)] INFO  o.eclipse.m2e.core.internal.Bundles - 	Entry: C:\Users\prath\Downloads\sts-5.0.1.RELEASE\sts-5.0.1.RELEASE\plugins\org.eclipse.m2e.maven.runtime_3.9.1101.20251020-1549\jars\maven-artifact-3.9.11.jar
2026-08-02 19:05:11,567 [Worker-30: Launching spring_boot_backend_template (9)] INFO  o.eclipse.m2e.core.internal.Bundles - 	Entry: C:\Users\prath\Downloads\sts-5.0.1.RELEASE\sts-5.0.1.RELEASE\plugins\org.eclipse.m2e.maven.runtime_3.9.1101.20251020-1549\jars\maven-builder-support-3.9.11.jar
2026-08-02 19:05:11,569 [Worker-30: Launching spring_boot_backend_template (9)] INFO  o.eclipse.m2e.core.internal.Bundles - 	Entry: C:\Users\prath\Downloads\sts-5.0.1.RELEASE\sts-5.0.1.RELEASE\plugins\org.eclipse.m2e.maven.runtime_3.9.1101.20251020-1549\jars\maven-compat-3.9.11.jar
2026-08-02 19:05:11,573 [Worker-30: Launching spring_boot_backend_template (9)] INFO  o.eclipse.m2e.core.internal.Bundles - 	Entry: C:\Users\prath\Downloads\sts-5.0.1.RELEASE\sts-5.0.1.RELEASE\plugins\org.eclipse.m2e.maven.runtime_3.9.1101.20251020-1549\jars\maven-core-3.9.11.jar
2026-08-02 19:05:11,574 [Worker-30: Launching spring_boot_backend_template (9)] INFO  o.eclipse.m2e.core.internal.Bundles - 	Entry: C:\Users\prath\Downloads\sts-5.0.1.RELEASE\sts-5.0.1.RELEASE\plugins\org.eclipse.m2e.maven.runtime_3.9.1101.20251020-1549\jars\maven-embedder-3.9.11.jar
2026-08-02 19:05:11,574 [Worker-30: Launching spring_boot_backend_template (9)] INFO  o.eclipse.m2e.core.internal.Bundles - 	Entry: C:\Users\prath\Downloads\sts-5.0.1.RELEASE\sts-5.0.1.RELEASE\plugins\org.eclipse.m2e.maven.runtime_3.9.1101.20251020-1549\jars\maven-model-3.9.11.jar
2026-08-02 19:05:11,574 [Worker-30: Launching spring_boot_backend_template (9)] INFO  o.eclipse.m2e.core.internal.Bundles - 	Entry: C:\Users\prath\Downloads\sts-5.0.1.RELEASE\sts-5.0.1.RELEASE\plugins\org.eclipse.m2e.maven.runtime_3.9.1101.20251020-1549\jars\maven-model-builder-3.9.11.jar
2026-08-02 19:05:11,574 [Worker-30: Launching spring_boot_backend_template (9)] INFO  o.eclipse.m2e.core.internal.Bundles - 	Entry: C:\Users\prath\Downloads\sts-5.0.1.RELEASE\sts-5.0.1.RELEASE\plugins\org.eclipse.m2e.maven.runtime_3.9.1101.20251020-1549\jars\maven-plugin-api-3.9.11.jar
2026-08-02 19:05:11,574 [Worker-30: Launching spring_boot_backend_template (9)] INFO  o.eclipse.m2e.core.internal.Bundles - 	Entry: C:\Users\prath\Downloads\sts-5.0.1.RELEASE\sts-5.0.1.RELEASE\plugins\org.eclipse.m2e.maven.runtime_3.9.1101.20251020-1549\jars\maven-repository-metadata-3.9.11.jar
2026-08-02 19:05:11,574 [Worker-30: Launching spring_boot_backend_template (9)] INFO  o.eclipse.m2e.core.internal.Bundles - 	Entry: C:\Users\prath\Downloads\sts-5.0.1.RELEASE\sts-5.0.1.RELEASE\plugins\org.eclipse.m2e.maven.runtime_3.9.1101.20251020-1549\jars\maven-resolver-api-1.9.24.jar
2026-08-02 19:05:11,575 [Worker-30: Launching spring_boot_backend_template (9)] INFO  o.eclipse.m2e.core.internal.Bundles - 	Entry: C:\Users\prath\Downloads\sts-5.0.1.RELEASE\sts-5.0.1.RELEASE\plugins\org.eclipse.m2e.maven.runtime_3.9.1101.20251020-1549\jars\maven-resolver-connector-basic-1.9.24.jar
2026-08-02 19:05:11,575 [Worker-30: Launching spring_boot_backend_template (9)] INFO  o.eclipse.m2e.core.internal.Bundles - 	Entry: C:\Users\prath\Downloads\sts-5.0.1.RELEASE\sts-5.0.1.RELEASE\plugins\org.eclipse.m2e.maven.runtime_3.9.1101.20251020-1549\jars\maven-resolver-impl-1.9.24.jar
2026-08-02 19:05:11,575 [Worker-30: Launching spring_boot_backend_template (9)] INFO  o.eclipse.m2e.core.internal.Bundles - 	Entry: C:\Users\prath\Downloads\sts-5.0.1.RELEASE\sts-5.0.1.RELEASE\plugins\org.eclipse.m2e.maven.runtime_3.9.1101.20251020-1549\jars\maven-resolver-named-locks-1.9.24.jar
2026-08-02 19:05:11,575 [Worker-30: Launching spring_boot_backend_template (9)] INFO  o.eclipse.m2e.core.internal.Bundles - 	Entry: C:\Users\prath\Downloads\sts-5.0.1.RELEASE\sts-5.0.1.RELEASE\plugins\org.eclipse.m2e.maven.runtime_3.9.1101.20251020-1549\jars\maven-resolver-provider-3.9.11.jar
2026-08-02 19:05:11,575 [Worker-30: Launching spring_boot_backend_template (9)] INFO  o.eclipse.m2e.core.internal.Bundles - 	Entry: C:\Users\prath\Downloads\sts-5.0.1.RELEASE\sts-5.0.1.RELEASE\plugins\org.eclipse.m2e.maven.runtime_3.9.1101.20251020-1549\jars\maven-resolver-spi-1.9.24.jar
2026-08-02 19:05:11,575 [Worker-30: Launching spring_boot_backend_template (9)] INFO  o.eclipse.m2e.core.internal.Bundles - 	Entry: C:\Users\prath\Downloads\sts-5.0.1.RELEASE\sts-5.0.1.RELEASE\plugins\org.eclipse.m2e.maven.runtime_3.9.1101.20251020-1549\jars\maven-resolver-transport-file-1.9.24.jar
2026-08-02 19:05:11,576 [Worker-30: Launching spring_boot_backend_template (9)] INFO  o.eclipse.m2e.core.internal.Bundles - 	Entry: C:\Users\prath\Downloads\sts-5.0.1.RELEASE\sts-5.0.1.RELEASE\plugins\org.eclipse.m2e.maven.runtime_3.9.1101.20251020-1549\jars\maven-resolver-transport-http-1.9.24.jar
2026-08-02 19:05:11,576 [Worker-30: Launching spring_boot_backend_template (9)] INFO  o.eclipse.m2e.core.internal.Bundles - 	Entry: C:\Users\prath\Downloads\sts-5.0.1.RELEASE\sts-5.0.1.RELEASE\plugins\org.eclipse.m2e.maven.runtime_3.9.1101.20251020-1549\jars\maven-resolver-transport-wagon-1.9.24.jar
2026-08-02 19:05:11,578 [Worker-30: Launching spring_boot_backend_template (9)] INFO  o.eclipse.m2e.core.internal.Bundles - 	Entry: C:\Users\prath\Downloads\sts-5.0.1.RELEASE\sts-5.0.1.RELEASE\plugins\org.eclipse.m2e.maven.runtime_3.9.1101.20251020-1549\jars\maven-resolver-util-1.9.24.jar
2026-08-02 19:05:11,578 [Worker-30: Launching spring_boot_backend_template (9)] INFO  o.eclipse.m2e.core.internal.Bundles - 	Entry: C:\Users\prath\Downloads\sts-5.0.1.RELEASE\sts-5.0.1.RELEASE\plugins\org.eclipse.m2e.maven.runtime_3.9.1101.20251020-1549\jars\maven-settings-3.9.11.jar
2026-08-02 19:05:11,578 [Worker-30: Launching spring_boot_backend_template (9)] INFO  o.eclipse.m2e.core.internal.Bundles - 	Entry: C:\Users\prath\Downloads\sts-5.0.1.RELEASE\sts-5.0.1.RELEASE\plugins\org.eclipse.m2e.maven.runtime_3.9.1101.20251020-1549\jars\maven-settings-builder-3.9.11.jar
2026-08-02 19:05:11,578 [Worker-30: Launching spring_boot_backend_template (9)] INFO  o.eclipse.m2e.core.internal.Bundles - 	Entry: C:\Users\prath\Downloads\sts-5.0.1.RELEASE\sts-5.0.1.RELEASE\plugins\org.eclipse.m2e.maven.runtime_3.9.1101.20251020-1549\jars\maven-shared-utils-3.4.2.jar
2026-08-02 19:05:11,578 [Worker-30: Launching spring_boot_backend_template (9)] INFO  o.eclipse.m2e.core.internal.Bundles - 	Entry: C:\Users\prath\Downloads\sts-5.0.1.RELEASE\sts-5.0.1.RELEASE\plugins\org.eclipse.m2e.maven.runtime_3.9.1101.20251020-1549\jars\org.eclipse.sisu.inject-0.9.0.M4.jar
2026-08-02 19:05:11,578 [Worker-30: Launching spring_boot_backend_template (9)] INFO  o.eclipse.m2e.core.internal.Bundles - 	Entry: C:\Users\prath\Downloads\sts-5.0.1.RELEASE\sts-5.0.1.RELEASE\plugins\org.eclipse.m2e.maven.runtime_3.9.1101.20251020-1549\jars\org.eclipse.sisu.plexus-0.9.0.M4.jar
2026-08-02 19:05:11,579 [Worker-30: Launching spring_boot_backend_template (9)] INFO  o.eclipse.m2e.core.internal.Bundles - 	Entry: C:\Users\prath\Downloads\sts-5.0.1.RELEASE\sts-5.0.1.RELEASE\plugins\org.eclipse.m2e.maven.runtime_3.9.1101.20251020-1549\jars\plexus-build-api-0.0.7.jar
2026-08-02 19:05:11,579 [Worker-30: Launching spring_boot_backend_template (9)] INFO  o.eclipse.m2e.core.internal.Bundles - 	Entry: C:\Users\prath\Downloads\sts-5.0.1.RELEASE\sts-5.0.1.RELEASE\plugins\org.eclipse.m2e.maven.runtime_3.9.1101.20251020-1549\jars\plexus-build-api-1.2.0.jar
2026-08-02 19:05:11,579 [Worker-30: Launching spring_boot_backend_template (9)] INFO  o.eclipse.m2e.core.internal.Bundles - 	Entry: C:\Users\prath\Downloads\sts-5.0.1.RELEASE\sts-5.0.1.RELEASE\plugins\org.eclipse.m2e.maven.runtime_3.9.1101.20251020-1549\jars\plexus-cipher-2.0.jar
2026-08-02 19:05:11,580 [Worker-30: Launching spring_boot_backend_template (9)] INFO  o.eclipse.m2e.core.internal.Bundles - 	Entry: C:\Users\prath\Downloads\sts-5.0.1.RELEASE\sts-5.0.1.RELEASE\plugins\org.eclipse.m2e.maven.runtime_3.9.1101.20251020-1549\jars\plexus-classworlds-2.9.0.jar
2026-08-02 19:05:11,581 [Worker-30: Launching spring_boot_backend_template (9)] INFO  o.eclipse.m2e.core.internal.Bundles - 	Entry: C:\Users\prath\Downloads\sts-5.0.1.RELEASE\sts-5.0.1.RELEASE\plugins\org.eclipse.m2e.maven.runtime_3.9.1101.20251020-1549\jars\plexus-component-annotations-2.2.0.jar
2026-08-02 19:05:11,582 [Worker-30: Launching spring_boot_backend_template (9)] INFO  o.eclipse.m2e.core.internal.Bundles - 	Entry: C:\Users\prath\Downloads\sts-5.0.1.RELEASE\sts-5.0.1.RELEASE\plugins\org.eclipse.m2e.maven.runtime_3.9.1101.20251020-1549\jars\plexus-interpolation-1.28.jar
2026-08-02 19:05:11,583 [Worker-30: Launching spring_boot_backend_template (9)] INFO  o.eclipse.m2e.core.internal.Bundles - 	Entry: C:\Users\prath\Downloads\sts-5.0.1.RELEASE\sts-5.0.1.RELEASE\plugins\org.eclipse.m2e.maven.runtime_3.9.1101.20251020-1549\jars\plexus-sec-dispatcher-2.0.jar
2026-08-02 19:05:11,583 [Worker-30: Launching spring_boot_backend_template (9)] INFO  o.eclipse.m2e.core.internal.Bundles - 	Entry: C:\Users\prath\Downloads\sts-5.0.1.RELEASE\sts-5.0.1.RELEASE\plugins\org.eclipse.m2e.maven.runtime_3.9.1101.20251020-1549\jars\plexus-utils-3.6.0.jar
2026-08-02 19:05:11,584 [Worker-30: Launching spring_boot_backend_template (9)] INFO  o.eclipse.m2e.core.internal.Bundles - 	Entry: C:\Users\prath\Downloads\sts-5.0.1.RELEASE\sts-5.0.1.RELEASE\plugins\org.eclipse.m2e.maven.runtime_3.9.1101.20251020-1549\jars\wagon-file-3.5.3.jar
2026-08-02 19:05:11,586 [Worker-30: Launching spring_boot_backend_template (9)] INFO  o.eclipse.m2e.core.internal.Bundles - 	Entry: C:\Users\prath\Downloads\sts-5.0.1.RELEASE\sts-5.0.1.RELEASE\plugins\org.eclipse.m2e.maven.runtime_3.9.1101.20251020-1549\jars\wagon-http-3.5.3.jar
2026-08-02 19:05:11,588 [Worker-30: Launching spring_boot_backend_template (9)] INFO  o.eclipse.m2e.core.internal.Bundles - 	Entry: C:\Users\prath\Downloads\sts-5.0.1.RELEASE\sts-5.0.1.RELEASE\plugins\org.eclipse.m2e.maven.runtime_3.9.1101.20251020-1549\jars\wagon-http-shared-3.5.3.jar
2026-08-02 19:05:11,589 [Worker-30: Launching spring_boot_backend_template (9)] INFO  o.eclipse.m2e.core.internal.Bundles - 	Entry: C:\Users\prath\Downloads\sts-5.0.1.RELEASE\sts-5.0.1.RELEASE\plugins\org.eclipse.m2e.maven.runtime_3.9.1101.20251020-1549\jars\wagon-provider-api-3.5.3.jar
2026-08-02 19:05:11,603 [Worker-30: Launching spring_boot_backend_template (9)] INFO  o.eclipse.m2e.core.internal.Bundles - getClasspathEntries(Bundle=com.google.guava_33.5.0.jre [31])
2026-08-02 19:05:11,608 [Worker-30: Launching spring_boot_backend_template (9)] INFO  o.eclipse.m2e.core.internal.Bundles - 	Entry: C:\Users\prath\Downloads\sts-5.0.1.RELEASE\sts-5.0.1.RELEASE\plugins\com.google.guava_33.5.0.jre.jar
2026-08-02 19:05:11,608 [Worker-30: Launching spring_boot_backend_template (9)] INFO  o.eclipse.m2e.core.internal.Bundles - getClasspathEntries(Bundle=slf4j.api_2.0.17 [620])
2026-08-02 19:05:11,610 [Worker-30: Launching spring_boot_backend_template (9)] INFO  o.eclipse.m2e.core.internal.Bundles - 	Entry: C:\Users\prath\Downloads\sts-5.0.1.RELEASE\sts-5.0.1.RELEASE\plugins\slf4j.api_2.0.17.jar
2026-08-02 19:05:11,611 [Worker-30: Launching spring_boot_backend_template (9)] INFO  o.eclipse.m2e.core.internal.Bundles - getClasspathEntries(Bundle=jakarta.inject.jakarta.inject-api_1.0.5 [46])
2026-08-02 19:05:11,612 [Worker-30: Launching spring_boot_backend_template (9)] INFO  o.eclipse.m2e.core.internal.Bundles - 	Entry: C:\Users\prath\Downloads\sts-5.0.1.RELEASE\sts-5.0.1.RELEASE\plugins\jakarta.inject.jakarta.inject-api_1.0.5.jar
2026-08-02 19:05:11,612 [Worker-30: Launching spring_boot_backend_template (9)] INFO  o.eclipse.m2e.core.internal.Bundles - getClasspathEntries(Bundle=jakarta.annotation-api_1.3.5 [43])
2026-08-02 19:05:11,613 [Worker-30: Launching spring_boot_backend_template (9)] INFO  o.eclipse.m2e.core.internal.Bundles - 	Entry: C:\Users\prath\Downloads\sts-5.0.1.RELEASE\sts-5.0.1.RELEASE\plugins\jakarta.annotation-api_1.3.5.jar
2026-08-02 19:05:11,613 [Worker-30: Launching spring_boot_backend_template (9)] INFO  o.eclipse.m2e.core.internal.Bundles - getClasspathEntries(Bundle=org.apache.commons.cli_1.11.0 [85])
2026-08-02 19:05:11,614 [Worker-30: Launching spring_boot_backend_template (9)] INFO  o.eclipse.m2e.core.internal.Bundles - 	Entry: C:\Users\prath\Downloads\sts-5.0.1.RELEASE\sts-5.0.1.RELEASE\plugins\org.apache.commons.cli_1.11.0.jar
2026-08-02 19:05:11,614 [Worker-30: Launching spring_boot_backend_template (9)] INFO  o.eclipse.m2e.core.internal.Bundles - getClasspathEntries(Bundle=org.apache.commons.commons-codec_1.20.0 [87])
2026-08-02 19:05:11,618 [Worker-30: Launching spring_boot_backend_template (9)] INFO  o.eclipse.m2e.core.internal.Bundles - 	Entry: C:\Users\prath\Downloads\sts-5.0.1.RELEASE\sts-5.0.1.RELEASE\plugins\org.apache.commons.commons-codec_1.20.0.jar
2026-08-02 19:05:11,618 [Worker-30: Launching spring_boot_backend_template (9)] INFO  o.eclipse.m2e.core.internal.Bundles - getClasspathEntries(Bundle=com.google.guava.failureaccess_1.0.3 [32])
2026-08-02 19:05:11,621 [Worker-30: Launching spring_boot_backend_template (9)] INFO  o.eclipse.m2e.core.internal.Bundles - 	Entry: C:\Users\prath\Downloads\sts-5.0.1.RELEASE\sts-5.0.1.RELEASE\plugins\com.google.guava.failureaccess_1.0.3.jar
2026-08-02 19:05:11,644 [Worker-30: Launching spring_boot_backend_template (9)] INFO  o.e.m.i.launch.MavenLaunchDelegate - Run build in "D:\ProjectData\Child_Adoption_System\user_backend\spring_boot_backend_template":
2026-08-02 19:05:11,650 [Worker-30: Launching spring_boot_backend_template (9)] INFO  o.e.m.i.launch.MavenLaunchDelegate -  mvn  -B -Dstyle.color=always clean compile
2026-08-02 19:08:21,575 [Worker-6: Loading available Gradle versions] INFO  o.e.b.c.i.u.g.PublishedGradleVersions - Gradle version information cache is up-to-date. Trying to read.
2026-08-02 19:58:09,459 [Worker-6: Loading available Gradle versions] INFO  o.e.b.c.i.u.g.PublishedGradleVersions - Gradle version information cache is up-to-date. Trying to read.
2026-08-02 20:10:02,722 [Worker-6: Loading available Gradle versions] INFO  o.e.b.c.i.u.g.PublishedGradleVersions - Gradle version information cache is up-to-date. Trying to read.
